/*******************************************************************************
 * Size: 14 px
 * Bpp: 8
 * Opts: --bpp 8 --size 14 --no-compress --font C:\Users\Hoang Nhat\Downloads\Roboto\Roboto-VariableFont_wdth,wght.ttf --symbols 32-127,àáảãạăằắẳẵặâầấẩẫậèéẻẽẹêềếểễệìíỉĩịòóỏõọôồốổỗộơờớởỡợùúủũụưừứửữựỳýỷỹỵđÀÁẢÃẠĂẰẮẲẴẶÂẦẤẨẪẬÈÉẺẼẸÊỀẾỂỄỆÌÍỈĨỊÒÓỎÕỌÔỒỐỔỖỘƠỜỚỞỠỢÙÚỦŨỤƯỪỨỬỮỰỲÝỶỸYĐ --range 32-127 --format lvgl
 ******************************************************************************/

#ifdef __has_include
    #if __has_include("lvgl.h")
        #ifndef LV_LVGL_H_INCLUDE_SIMPLE
            #define LV_LVGL_H_INCLUDE_SIMPLE
        #endif
    #endif
#endif

#ifdef LV_LVGL_H_INCLUDE_SIMPLE
    #include "lvgl.h"
#else
    #include "lvgl.h"
#endif

#ifndef UI_FONT_ROBOTO1
#define UI_FONT_ROBOTO1 1
#endif

#if UI_FONT_ROBOTO1

/*-----------------
 *    BITMAPS
 *----------------*/

/*Store the image of the glyphs*/
static LV_ATTRIBUTE_LARGE_CONST const uint8_t glyph_bitmap[] = {
    /* U+0020 " " */

    /* U+0021 "!" */
    0xdb, 0x75, 0xd7, 0x72, 0xd4, 0x6f, 0xd1, 0x6c,
    0xce, 0x69, 0xcb, 0x66, 0xc8, 0x63, 0x74, 0x39,
    0x0, 0x0, 0x56, 0x2b, 0xbd, 0x6d,

    /* U+0022 "\"" */
    0x10, 0xe7, 0x38, 0xbf, 0x10, 0xdd, 0x38, 0xb5,
    0x10, 0xc9, 0x38, 0xa1, 0x9, 0x6b, 0x20, 0x54,

    /* U+0023 "#" */
    0x0, 0x0, 0x0, 0x3f, 0xbc, 0x0, 0x77, 0x84,
    0x0, 0x0, 0x0, 0x0, 0x6c, 0x8f, 0x0, 0xa4,
    0x57, 0x0, 0x0, 0x0, 0x0, 0x99, 0x62, 0x0,
    0xd1, 0x2a, 0x0, 0x0, 0xac, 0xff, 0xff, 0xff,
    0xff, 0xff, 0xff, 0x70, 0x0, 0x0, 0x1, 0xf0,
    0xa, 0x2b, 0xd0, 0x0, 0x0, 0x0, 0x0, 0x20,
    0xdb, 0x0, 0x58, 0xa3, 0x0, 0x0, 0x0, 0x0,
    0x4d, 0xae, 0x0, 0x85, 0x76, 0x0, 0x0, 0x30,
    0xff, 0xff, 0xff, 0xff, 0xff, 0xff, 0xf0, 0x0,
    0x0, 0x0, 0xa7, 0x54, 0x0, 0xdf, 0x1c, 0x0,
    0x0, 0x0, 0x0, 0xd4, 0x27, 0xd, 0xee, 0x0,
    0x0, 0x0, 0x0, 0x6, 0xf2, 0x3, 0x39, 0xc2,
    0x0, 0x0, 0x0,

    /* U+0024 "$" */
    0x0, 0x0, 0x0, 0x36, 0x4e, 0x0, 0x0, 0x0,
    0x0, 0x0, 0x0, 0x6c, 0x9c, 0x0, 0x0, 0x0,
    0x0, 0x8, 0x96, 0xff, 0xff, 0x9f, 0xd, 0x0,
    0x0, 0x87, 0xe5, 0x4f, 0x49, 0xe0, 0x93, 0x0,
    0x0, 0xd0, 0x7b, 0x0, 0x0, 0x61, 0xe6, 0x0,
    0x0, 0xca, 0x91, 0x0, 0x0, 0x1b, 0x6f, 0x0,
    0x0, 0x6c, 0xfd, 0x80, 0x15, 0x0, 0x0, 0x0,
    0x0, 0x0, 0x6a, 0xe4, 0xf9, 0x97, 0xb, 0x0,
    0x0, 0x0, 0x0, 0x5, 0x5c, 0xec, 0xb1, 0x0,
    0x12, 0x4c, 0x4, 0x0, 0x0, 0x51, 0xfe, 0xf,
    0x2b, 0xff, 0x2b, 0x0, 0x0, 0x3e, 0xff, 0x13,
    0x1, 0xcb, 0xc5, 0x42, 0x4c, 0xd0, 0xc4, 0x0,
    0x0, 0x1d, 0xab, 0xff, 0xff, 0xab, 0x1a, 0x0,
    0x0, 0x0, 0x0, 0x88, 0x7c, 0x0, 0x0, 0x0,
    0x0, 0x0, 0x0, 0x44, 0x3e, 0x0, 0x0, 0x0,

    /* U+0025 "%" */
    0x0, 0x7c, 0xe5, 0xd2, 0x1e, 0x0, 0x0, 0x0,
    0x0, 0x0, 0x21, 0xd9, 0x6, 0x5f, 0xa2, 0x0,
    0x11, 0x84, 0x0, 0x0, 0x45, 0xae, 0x0, 0x2a,
    0xc9, 0x0, 0x92, 0x6e, 0x0, 0x0, 0x1e, 0xdc,
    0xd, 0x68, 0x9d, 0x2a, 0xd0, 0x4, 0x0, 0x0,
    0x0, 0x6b, 0xe0, 0xc6, 0x19, 0xba, 0x45, 0x0,
    0x0, 0x0, 0x0, 0x0, 0x0, 0x0, 0x4f, 0xb0,
    0x0, 0x0, 0x0, 0x0, 0x0, 0x0, 0x0, 0x7,
    0xd5, 0x23, 0x86, 0xde, 0xad, 0x8, 0x0, 0x0,
    0x0, 0x78, 0x87, 0x41, 0xbd, 0x5, 0x8c, 0x75,
    0x0, 0x0, 0x19, 0xd9, 0xc, 0x6d, 0x85, 0x0,
    0x4e, 0xa1, 0x0, 0x0, 0x6b, 0x5e, 0x0, 0x47,
    0xb8, 0x1, 0x84, 0x7b, 0x0, 0x0, 0x0, 0x0,
    0x0, 0x1, 0x9a, 0xea, 0xc1, 0xe,

    /* U+0026 "&" */
    0x0, 0x0, 0x84, 0xee, 0xec, 0x69, 0x0, 0x0,
    0x0, 0x0, 0x49, 0xfa, 0x4b, 0x41, 0xf6, 0x31,
    0x0, 0x0, 0x0, 0x77, 0xd3, 0x0, 0x0, 0xe2,
    0x4e, 0x0, 0x0, 0x0, 0x4b, 0xf7, 0x19, 0x74,
    0xef, 0x13, 0x0, 0x0, 0x0, 0x1, 0xd4, 0xff,
    0xef, 0x3d, 0x0, 0x0, 0x0, 0x0, 0x1b, 0xf4,
    0xff, 0x9a, 0x0, 0x0, 0x0, 0x0, 0x4, 0xca,
    0xc4, 0x5d, 0xfb, 0x3d, 0x12, 0xdf, 0x8, 0x3b,
    0xff, 0x1f, 0x0, 0x8c, 0xe5, 0x5b, 0xe7, 0x0,
    0x3b, 0xfe, 0xe, 0x0, 0x4, 0xc2, 0xff, 0x8f,
    0x0, 0x5, 0xdd, 0x91, 0x6, 0x10, 0xb8, 0xff,
    0x8e, 0x0, 0x0, 0x24, 0xb6, 0xf1, 0xed, 0xa6,
    0x5e, 0xfa, 0x48,

    /* U+0027 "'" */
    0x48, 0xbb, 0x48, 0xb2, 0x48, 0xa4, 0x21, 0x48,

    /* U+0028 "(" */
    0x0, 0x0, 0x0, 0x4f, 0x5a, 0x0, 0x0, 0x35,
    0xe0, 0x21, 0x0, 0x1, 0xd0, 0x53, 0x0, 0x0,
    0x4a, 0xde, 0x1, 0x0, 0x0, 0xa3, 0x8f, 0x0,
    0x0, 0x0, 0xdf, 0x5a, 0x0, 0x0, 0x3, 0xfe,
    0x3d, 0x0, 0x0, 0x10, 0xff, 0x32, 0x0, 0x0,
    0xa, 0xff, 0x36, 0x0, 0x0, 0x0, 0xf3, 0x49,
    0x0, 0x0, 0x0, 0xc5, 0x75, 0x0, 0x0, 0x0,
    0x7a, 0xbe, 0x0, 0x0, 0x0, 0x19, 0xf4, 0x1f,
    0x0, 0x0, 0x0, 0x86, 0xa4, 0x0, 0x0, 0x0,
    0x5, 0xbe, 0x58, 0x0, 0x0, 0x0, 0x8, 0x1b,

    /* U+0029 ")" */
    0x7d, 0x2d, 0x0, 0x0, 0x39, 0xe0, 0x15, 0x0,
    0x0, 0x90, 0x9e, 0x0, 0x0, 0x1e, 0xf9, 0x1a,
    0x0, 0x0, 0xcb, 0x6b, 0x0, 0x0, 0x95, 0xa7,
    0x0, 0x0, 0x73, 0xcd, 0x0, 0x0, 0x67, 0xdb,
    0x0, 0x0, 0x6c, 0xd5, 0x0, 0x0, 0x80, 0xbe,
    0x0, 0x0, 0xad, 0x8d, 0x0, 0x4, 0xf0, 0x44,
    0x0, 0x4a, 0xdb, 0x2, 0x5, 0xcc, 0x52, 0x0,
    0x8c, 0x90, 0x0, 0x0, 0x23, 0x0, 0x0, 0x0,

    /* U+002A "*" */
    0x0, 0x0, 0x79, 0x8b, 0x0, 0x0, 0x1e, 0x4,
    0x73, 0x84, 0x0, 0x18, 0xa5, 0xe7, 0xc7, 0xc6,
    0xda, 0xb4, 0x0, 0x37, 0xf1, 0xf0, 0x44, 0x4,
    0x0, 0x7c, 0xb4, 0xc3, 0x6c, 0x0, 0x4, 0xcc,
    0x21, 0x2d, 0xd0, 0x2, 0x0, 0x2, 0x0, 0x0,
    0x5, 0x0,

    /* U+002B "+" */
    0x0, 0x0, 0x0, 0x31, 0x29, 0x0, 0x0, 0x0,
    0x0, 0x0, 0x0, 0xb0, 0x94, 0x0, 0x0, 0x0,
    0x0, 0x0, 0x0, 0xb0, 0x94, 0x0, 0x0, 0x0,
    0x5, 0xc, 0xc, 0xbc, 0xa0, 0xc, 0xc, 0x4,
    0x78, 0xff, 0xff, 0xff, 0xff, 0xff, 0xff, 0x5c,
    0x1a, 0x38, 0x38, 0xe8, 0xcc, 0x38, 0x38, 0x14,
    0x0, 0x0, 0x0, 0xb0, 0x94, 0x0, 0x0, 0x0,
    0x0, 0x0, 0x0, 0xb0, 0x94, 0x0, 0x0, 0x0,
    0x0, 0x0, 0x0, 0x7e, 0x6a, 0x0, 0x0, 0x0,

    /* U+002C "," */
    0x20, 0xff, 0x1c, 0x2b, 0xff, 0xe, 0x73, 0xbc,
    0x0, 0x5b, 0x20, 0x0,

    /* U+002D "-" */
    0xb6, 0xf8, 0xf8, 0x93, 0x1a, 0x24, 0x24, 0x15,

    /* U+002E "." */
    0x0, 0x73, 0x2f, 0x0, 0xd3, 0x64,

    /* U+002F "/" */
    0x0, 0x0, 0x0, 0x2, 0xe4, 0x2d, 0x0, 0x0,
    0x0, 0x43, 0xd1, 0x0, 0x0, 0x0, 0x0, 0xa0,
    0x75, 0x0, 0x0, 0x0, 0x9, 0xef, 0x1b, 0x0,
    0x0, 0x0, 0x59, 0xbd, 0x0, 0x0, 0x0, 0x0,
    0xb5, 0x60, 0x0, 0x0, 0x0, 0x16, 0xf2, 0xd,
    0x0, 0x0, 0x0, 0x6e, 0xa8, 0x0, 0x0, 0x0,
    0x0, 0xcb, 0x4c, 0x0, 0x0, 0x0, 0x27, 0xeb,
    0x4, 0x0, 0x0, 0x0, 0x84, 0x94, 0x0, 0x0,
    0x0, 0x0, 0x64, 0x27, 0x0, 0x0, 0x0, 0x0,

    /* U+0030 "0" */
    0x0, 0xf, 0xa9, 0xec, 0xea, 0x8e, 0x3, 0x0,
    0x0, 0xa0, 0xd1, 0x33, 0x3e, 0xe5, 0x75, 0x0,
    0x6, 0xf7, 0x4d, 0x0, 0x0, 0x74, 0xd1, 0x0,
    0x27, 0xff, 0x1a, 0x0, 0x0, 0x43, 0xfd, 0x5,
    0x35, 0xff, 0x10, 0x0, 0x0, 0x35, 0xff, 0x11,
    0x38, 0xff, 0x10, 0x0, 0x0, 0x34, 0xff, 0x14,
    0x32, 0xff, 0x11, 0x0, 0x0, 0x36, 0xff, 0x10,
    0x20, 0xff, 0x20, 0x0, 0x0, 0x46, 0xfd, 0x4,
    0x5, 0xf0, 0x53, 0x0, 0x0, 0x76, 0xd6, 0x0,
    0x0, 0x96, 0xd4, 0x32, 0x3f, 0xe7, 0x79, 0x0,
    0x0, 0xc, 0xa4, 0xf1, 0xe6, 0x94, 0x4, 0x0,

    /* U+0031 "1" */
    0x0, 0x14, 0x77, 0xdb, 0x8e, 0xf8, 0xe9, 0xfc,
    0x7c, 0x39, 0x48, 0xfc, 0x0, 0x0, 0x48, 0xfc,
    0x0, 0x0, 0x48, 0xfc, 0x0, 0x0, 0x48, 0xfc,
    0x0, 0x0, 0x48, 0xfc, 0x0, 0x0, 0x48, 0xfc,
    0x0, 0x0, 0x48, 0xfc, 0x0, 0x0, 0x48, 0xfc,
    0x0, 0x0, 0x48, 0xfc,

    /* U+0032 "2" */
    0x0, 0x22, 0xb6, 0xf3, 0xed, 0x98, 0x9, 0x0,
    0x5, 0xda, 0xb4, 0x2b, 0x42, 0xec, 0x8d, 0x0,
    0x40, 0xff, 0x14, 0x0, 0x0, 0x7e, 0xd8, 0x0,
    0x1c, 0x4e, 0x0, 0x0, 0x0, 0x74, 0xca, 0x0,
    0x0, 0x0, 0x0, 0x0, 0x2, 0xd1, 0x79, 0x0,
    0x0, 0x0, 0x0, 0x0, 0x7a, 0xe1, 0xb, 0x0,
    0x0, 0x0, 0x0, 0x49, 0xf7, 0x3a, 0x0, 0x0,
    0x0, 0x0, 0x28, 0xf0, 0x62, 0x0, 0x0, 0x0,
    0x0, 0x10, 0xda, 0x89, 0x0, 0x0, 0x0, 0x0,
    0x3, 0xb9, 0xc2, 0x1d, 0x1c, 0x1c, 0x1c, 0x9,
    0x2b, 0xff, 0xff, 0xff, 0xff, 0xff, 0xff, 0x58,

    /* U+0033 "3" */
    0x0, 0x20, 0xb6, 0xf5, 0xe9, 0x8a, 0x3, 0x2,
    0xd6, 0xb2, 0x31, 0x4b, 0xed, 0x74, 0x33, 0xff,
    0x1b, 0x0, 0x0, 0x91, 0xbf, 0x0, 0x0, 0x0,
    0x0, 0x0, 0x91, 0xb9, 0x0, 0x0, 0x3, 0x11,
    0x4d, 0xee, 0x4a, 0x0, 0x0, 0x7e, 0xff, 0xff,
    0xa6, 0x2, 0x0, 0x0, 0x3, 0x10, 0x43, 0xe0,
    0x85, 0x0, 0x0, 0x0, 0x0, 0x0, 0x62, 0xe2,
    0x3c, 0xe8, 0x9, 0x0, 0x0, 0x6e, 0xda, 0xd,
    0xe5, 0xa0, 0x2c, 0x41, 0xe0, 0x87, 0x0, 0x2b,
    0xbb, 0xf2, 0xe4, 0x89, 0x7,

    /* U+0034 "4" */
    0x0, 0x0, 0x0, 0x0, 0x96, 0xff, 0x2c, 0x0,
    0x0, 0x0, 0x0, 0x21, 0xff, 0xff, 0x2c, 0x0,
    0x0, 0x0, 0x0, 0xb3, 0xa0, 0xff, 0x2c, 0x0,
    0x0, 0x0, 0x4e, 0xe2, 0x23, 0xff, 0x2c, 0x0,
    0x0, 0x9, 0xdf, 0x54, 0x18, 0xff, 0x2c, 0x0,
    0x0, 0x84, 0xba, 0x0, 0x18, 0xff, 0x2c, 0x0,
    0x26, 0xf2, 0x26, 0x0, 0x18, 0xff, 0x2c, 0x0,
    0x9a, 0xfd, 0xf4, 0xf4, 0xff, 0xff, 0xff, 0x85,
    0x17, 0x24, 0x24, 0x24, 0x3c, 0xff, 0x50, 0x13,
    0x0, 0x0, 0x0, 0x0, 0x18, 0xff, 0x2c, 0x0,
    0x0, 0x0, 0x0, 0x0, 0x18, 0xff, 0x2c, 0x0,

    /* U+0035 "5" */
    0x20, 0xff, 0xff, 0xff, 0xff, 0xff, 0x4, 0x36,
    0xf6, 0x40, 0x40, 0x40, 0x40, 0x1, 0x4d, 0xde,
    0x0, 0x0, 0x0, 0x0, 0x0, 0x64, 0xc6, 0x0,
    0x0, 0x0, 0x0, 0x0, 0x7b, 0xe3, 0xda, 0xf2,
    0xb7, 0x1f, 0x0, 0x5d, 0xb7, 0x44, 0x48, 0xd1,
    0xcd, 0x1, 0x0, 0x0, 0x0, 0x0, 0x2d, 0xff,
    0x2b, 0x0, 0x0, 0x0, 0x0, 0x1, 0xfb, 0x46,
    0xc2, 0x5c, 0x0, 0x0, 0x1f, 0xff, 0x2a, 0x7f,
    0xdf, 0x40, 0x2c, 0xb9, 0xcb, 0x0, 0x4, 0x8a,
    0xe6, 0xef, 0xb3, 0x1d, 0x0,

    /* U+0036 "6" */
    0x0, 0x0, 0xa, 0x86, 0xdc, 0xc5, 0x0, 0x0,
    0x0, 0x5, 0xc5, 0xd2, 0x54, 0x22, 0x0, 0x0,
    0x0, 0x69, 0xe4, 0xf, 0x0, 0x0, 0x0, 0x0,
    0x0, 0xc4, 0x7d, 0x0, 0x0, 0x0, 0x0, 0x0,
    0x0, 0xf1, 0x8b, 0xcb, 0xeb, 0xab, 0xf, 0x0,
    0x8, 0xff, 0xff, 0x49, 0x3c, 0xd1, 0xaf, 0x0,
    0x17, 0xff, 0x75, 0x0, 0x0, 0x3d, 0xfe, 0x11,
    0x5, 0xff, 0x43, 0x0, 0x0, 0x14, 0xff, 0x2a,
    0x0, 0xcd, 0x7d, 0x0, 0x0, 0x38, 0xfe, 0xd,
    0x0, 0x5a, 0xf0, 0x51, 0x33, 0xc8, 0xa8, 0x0,
    0x0, 0x0, 0x6e, 0xe9, 0xf5, 0xa4, 0xe, 0x0,

    /* U+0037 "7" */
    0x78, 0xff, 0xff, 0xff, 0xff, 0xff, 0xff, 0x41,
    0xd, 0x1c, 0x1c, 0x1c, 0x1c, 0x58, 0xee, 0x9,
    0x0, 0x0, 0x0, 0x0, 0x0, 0xa8, 0x90, 0x0,
    0x0, 0x0, 0x0, 0x0, 0x18, 0xf9, 0x2a, 0x0,
    0x0, 0x0, 0x0, 0x0, 0x7d, 0xc2, 0x0, 0x0,
    0x0, 0x0, 0x0, 0x3, 0xe3, 0x5b, 0x0, 0x0,
    0x0, 0x0, 0x0, 0x52, 0xec, 0x7, 0x0, 0x0,
    0x0, 0x0, 0x0, 0xbc, 0x8c, 0x0, 0x0, 0x0,
    0x0, 0x0, 0x27, 0xfe, 0x26, 0x0, 0x0, 0x0,
    0x0, 0x0, 0x91, 0xbe, 0x0, 0x0, 0x0, 0x0,
    0x0, 0xa, 0xf0, 0x57, 0x0, 0x0, 0x0, 0x0,

    /* U+0038 "8" */
    0x0, 0xf, 0xa1, 0xf2, 0xec, 0x8b, 0x5, 0x0,
    0x0, 0xa1, 0xd7, 0x3a, 0x49, 0xeb, 0x7d, 0x0,
    0x0, 0xf0, 0x5d, 0x0, 0x0, 0x80, 0xcf, 0x0,
    0x0, 0xf1, 0x5e, 0x0, 0x0, 0x81, 0xd1, 0x0,
    0x0, 0x9b, 0xdc, 0x46, 0x52, 0xed, 0x77, 0x0,
    0x0, 0x1e, 0xff, 0xff, 0xff, 0xff, 0xd, 0x0,
    0x0, 0xc3, 0xa3, 0xe, 0x16, 0xc1, 0xa6, 0x0,
    0x23, 0xff, 0x21, 0x0, 0x0, 0x46, 0xfe, 0xb,
    0x2c, 0xff, 0x27, 0x0, 0x0, 0x4b, 0xff, 0xc,
    0x2, 0xd6, 0xb9, 0x31, 0x39, 0xd0, 0xb7, 0x0,
    0x0, 0x20, 0xb2, 0xf4, 0xf0, 0xa3, 0x14, 0x0,

    /* U+0039 "9" */
    0x0, 0x13, 0xb1, 0xf7, 0xe2, 0x56, 0x0, 0x0,
    0xbe, 0xba, 0x30, 0x66, 0xf7, 0x39, 0x26, 0xff,
    0x1e, 0x0, 0x0, 0xa2, 0xa5, 0x47, 0xf3, 0x0,
    0x0, 0x0, 0x6b, 0xe8, 0x34, 0xff, 0x13, 0x0,
    0x0, 0xa2, 0xff, 0x3, 0xdf, 0x9d, 0xc, 0x30,
    0xff, 0xf8, 0x0, 0x37, 0xe9, 0xfe, 0xe6, 0x99,
    0xd5, 0x0, 0x0, 0x6, 0x21, 0x5, 0x89, 0xa3,
    0x0, 0x0, 0x0, 0x0, 0xc, 0xe6, 0x50, 0x0,
    0x0, 0x27, 0x51, 0xcc, 0xb7, 0x0, 0x0, 0x0,
    0xe6, 0xdb, 0x84, 0x9, 0x0,

    /* U+003A ":" */
    0x4, 0xde, 0x52, 0x0, 0x7a, 0x25, 0x0, 0x0,
    0x0, 0x0, 0x0, 0x0, 0x0, 0x0, 0x0, 0x0,
    0x0, 0x0, 0x0, 0x7c, 0x25, 0x6, 0xde, 0x52,

    /* U+003B ";" */
    0x20, 0xe5, 0x30, 0xb, 0x82, 0x13, 0x0, 0x0,
    0x0, 0x0, 0x0, 0x0, 0x0, 0x0, 0x0, 0x0,
    0x0, 0x0, 0xa, 0xe4, 0x2a, 0x14, 0xff, 0x25,
    0x53, 0xdd, 0x1, 0x5f, 0x3c, 0x0,

    /* U+003C "<" */
    0x0, 0x0, 0x0, 0x0, 0x32, 0xaf, 0x12, 0x0,
    0x0, 0x37, 0xb4, 0xfd, 0xb5, 0x9, 0x2d, 0xb9,
    0xf4, 0x96, 0x26, 0x0, 0x0, 0xbf, 0xff, 0x72,
    0x8, 0x0, 0x0, 0x0, 0x1, 0x53, 0xcf, 0xeb,
    0x85, 0x1b, 0x0, 0x0, 0x0, 0x1, 0x4f, 0xcc,
    0xfb, 0x11, 0x0, 0x0, 0x0, 0x0, 0x0, 0x4b,
    0xb,

    /* U+003D "=" */
    0xf0, 0xfc, 0xfc, 0xfc, 0xfc, 0xb9, 0x29, 0x2c,
    0x2c, 0x2c, 0x2c, 0x20, 0x0, 0x0, 0x0, 0x0,
    0x0, 0x0, 0xf4, 0xff, 0xff, 0xff, 0xff, 0xbc,
    0x29, 0x2c, 0x2c, 0x2c, 0x2c, 0x20,

    /* U+003E ">" */
    0x13, 0xb6, 0x3e, 0x0, 0x0, 0x0, 0x0, 0x8,
    0xa5, 0xf9, 0xc6, 0x4f, 0x1, 0x0, 0x0, 0x0,
    0x15, 0x78, 0xdf, 0xd5, 0x54, 0x0, 0x0, 0x0,
    0x3, 0x55, 0xff, 0xff, 0x0, 0x15, 0x7a, 0xe3,
    0xdd, 0x69, 0x8, 0x10, 0xf8, 0xd1, 0x5a, 0x3,
    0x0, 0x0, 0xa, 0x4b, 0x0, 0x0, 0x0, 0x0,
    0x0,

    /* U+003F "?" */
    0x0, 0x63, 0xdf, 0xf8, 0xc3, 0x26, 0x0, 0x37,
    0xfd, 0x73, 0x3d, 0xc0, 0xc8, 0x0, 0x4a, 0x91,
    0x0, 0x0, 0x46, 0xff, 0x6, 0x0, 0x0, 0x0,
    0x0, 0x5a, 0xec, 0x0, 0x0, 0x0, 0x0, 0x11,
    0xdb, 0x88, 0x0, 0x0, 0x0, 0x3, 0xbd, 0xc6,
    0x9, 0x0, 0x0, 0x0, 0x53, 0xf5, 0x1c, 0x0,
    0x0, 0x0, 0x0, 0x75, 0xb0, 0x0, 0x0, 0x0,
    0x0, 0x0, 0x0, 0x0, 0x0, 0x0, 0x0, 0x0,
    0x0, 0x2f, 0x53, 0x0, 0x0, 0x0, 0x0, 0x0,
    0x73, 0xb7, 0x0, 0x0, 0x0,

    /* U+0040 "@" */
    0x0, 0x0, 0x0, 0x12, 0x8b, 0xdd, 0xf3, 0xe9,
    0xa7, 0x2d, 0x0, 0x0, 0x0, 0x0, 0x1b, 0xdd,
    0x85, 0x1c, 0x0, 0xb, 0x5e, 0xdf, 0x48, 0x0,
    0x0, 0x5, 0xc8, 0x60, 0x0, 0x0, 0x0, 0x0,
    0x0, 0x24, 0xdf, 0xd, 0x0, 0x5a, 0xac, 0x0,
    0x0, 0x74, 0xe5, 0xe9, 0x6a, 0x0, 0x87, 0x5a,
    0x0, 0xc1, 0x44, 0x0, 0x54, 0xd2, 0x18, 0x91,
    0xd0, 0x0, 0x3c, 0xa8, 0x2, 0xf3, 0x4, 0x0,
    0xcc, 0x4e, 0x0, 0x74, 0x8e, 0x0, 0x16, 0xc6,
    0x1f, 0xdc, 0x0, 0x11, 0xfd, 0x8, 0x0, 0x88,
    0x7a, 0x0, 0xa, 0xd6, 0x2d, 0xcd, 0x0, 0x35,
    0xe0, 0x0, 0x0, 0xa2, 0x66, 0x0, 0x13, 0xce,
    0x1c, 0xdb, 0x0, 0x36, 0xda, 0x0, 0x0, 0xff,
    0x59, 0x0, 0x44, 0x9e, 0x7, 0xef, 0x9, 0x10,
    0xf8, 0x1e, 0x3e, 0xff, 0x7b, 0x7, 0xbb, 0x3f,
    0x0, 0xb2, 0x4f, 0x0, 0x77, 0xe4, 0xa2, 0x2b,
    0xd6, 0xe3, 0x6f, 0x0, 0x0, 0x46, 0xd7, 0xa,
    0x0, 0x0, 0x0, 0x0, 0x0, 0x0, 0x0, 0x0,
    0x0, 0x0, 0x83, 0xce, 0x3e, 0x1, 0x0, 0x22,
    0x2e, 0x0, 0x0, 0x0, 0x0, 0x0, 0x0, 0x55,
    0xc2, 0xec, 0xeb, 0xcb, 0x49, 0x0, 0x0, 0x0,

    /* U+0041 "A" */
    0x0, 0x0, 0x0, 0x2c, 0xff, 0x4f, 0x0, 0x0,
    0x0, 0x0, 0x0, 0x0, 0x85, 0xff, 0xa8, 0x0,
    0x0, 0x0, 0x0, 0x0, 0x0, 0xdc, 0x8c, 0xf5,
    0xb, 0x0, 0x0, 0x0, 0x0, 0x36, 0xf7, 0xd,
    0xde, 0x5a, 0x0, 0x0, 0x0, 0x0, 0x8e, 0xaf,
    0x0, 0x8b, 0xb2, 0x0, 0x0, 0x0, 0x1, 0xe4,
    0x5b, 0x0, 0x36, 0xf9, 0x11, 0x0, 0x0, 0x3f,
    0xf8, 0xe, 0x0, 0x0, 0xe0, 0x64, 0x0, 0x0,
    0xbd, 0xff, 0xf8, 0xf8, 0xf8, 0xff, 0xff, 0x0,
    0x4, 0xf1, 0x86, 0x28, 0x28, 0x28, 0x60, 0xff,
    0x18, 0x48, 0xfa, 0x10, 0x0, 0x0, 0x0, 0x1,
    0xe2, 0x6e, 0xa0, 0xb6, 0x0, 0x0, 0x0, 0x0,
    0x0, 0x8e, 0xc7,

    /* U+0042 "B" */
    0xd8, 0xff, 0xff, 0xf9, 0xd7, 0x67, 0x0, 0xd8,
    0x8d, 0x28, 0x30, 0x76, 0xfd, 0x49, 0xd8, 0x78,
    0x0, 0x0, 0x0, 0xc6, 0x90, 0xd8, 0x78, 0x0,
    0x0, 0x0, 0xc0, 0x99, 0xd8, 0x78, 0x0, 0x4,
    0x54, 0xf2, 0x38, 0xd8, 0xff, 0xff, 0xff, 0xff,
    0x8c, 0x0, 0xd8, 0x9f, 0x50, 0x4a, 0x55, 0xea,
    0x6c, 0xd8, 0x78, 0x0, 0x0, 0x0, 0x7a, 0xde,
    0xd8, 0x78, 0x0, 0x0, 0x0, 0x7d, 0xe0, 0xd8,
    0x8f, 0x24, 0x27, 0x59, 0xed, 0x8c, 0xee, 0xff,
    0xff, 0xfe, 0xe6, 0x8d, 0x7,

    /* U+0043 "C" */
    0x0, 0x0, 0x37, 0xc1, 0xf6, 0xeb, 0x9b, 0x10,
    0x0, 0x0, 0x33, 0xf6, 0x99, 0x2f, 0x41, 0xd5,
    0xc2, 0x0, 0x0, 0xbb, 0xb2, 0x0, 0x0, 0x0,
    0x2b, 0xff, 0x3d, 0x9, 0xfc, 0x50, 0x0, 0x0,
    0x0, 0x0, 0x87, 0x3f, 0x24, 0xff, 0x2f, 0x0,
    0x0, 0x0, 0x0, 0x0, 0x0, 0x2c, 0xff, 0x24,
    0x0, 0x0, 0x0, 0x0, 0x0, 0x0, 0x24, 0xff,
    0x2e, 0x0, 0x0, 0x0, 0x0, 0x0, 0x0, 0xa,
    0xfc, 0x4f, 0x0, 0x0, 0x0, 0x0, 0x7b, 0x3a,
    0x0, 0xb0, 0xac, 0x0, 0x0, 0x0, 0x24, 0xff,
    0x3e, 0x0, 0x2e, 0xf8, 0x8b, 0x2c, 0x40, 0xd1,
    0xc1, 0x0, 0x0, 0x0, 0x3e, 0xc9, 0xf8, 0xe8,
    0x98, 0xf, 0x0,

    /* U+0044 "D" */
    0xff, 0xff, 0xff, 0xf2, 0xb6, 0x31, 0x0, 0x0,
    0xe2, 0xa0, 0x28, 0x38, 0x9e, 0xf5, 0x37, 0x0,
    0xd8, 0x78, 0x0, 0x0, 0x0, 0xa0, 0xcf, 0x0,
    0xd8, 0x78, 0x0, 0x0, 0x0, 0x30, 0xff, 0x27,
    0xd8, 0x78, 0x0, 0x0, 0x0, 0x7, 0xfe, 0x4f,
    0xd8, 0x78, 0x0, 0x0, 0x0, 0x0, 0xf0, 0x5b,
    0xd8, 0x78, 0x0, 0x0, 0x0, 0x1, 0xfc, 0x4f,
    0xd8, 0x78, 0x0, 0x0, 0x0, 0x2c, 0xff, 0x28,
    0xd8, 0x78, 0x0, 0x0, 0x0, 0x9d, 0xd1, 0x0,
    0xdf, 0x9c, 0x24, 0x3a, 0x9d, 0xf6, 0x39, 0x0,
    0xff, 0xff, 0xff, 0xf0, 0xb2, 0x30, 0x0, 0x0,

    /* U+0045 "E" */
    0xd8, 0xff, 0xff, 0xff, 0xff, 0xff, 0x68, 0xd8,
    0x97, 0x28, 0x28, 0x28, 0x28, 0x10, 0xd8, 0x78,
    0x0, 0x0, 0x0, 0x0, 0x0, 0xd8, 0x78, 0x0,
    0x0, 0x0, 0x0, 0x0, 0xd8, 0x78, 0x0, 0x0,
    0x0, 0x0, 0x0, 0xd8, 0xff, 0xf8, 0xf8, 0xf8,
    0xc1, 0x0, 0xd8, 0x97, 0x28, 0x28, 0x28, 0x1f,
    0x0, 0xd8, 0x78, 0x0, 0x0, 0x0, 0x0, 0x0,
    0xd8, 0x78, 0x0, 0x0, 0x0, 0x0, 0x0, 0xd8,
    0x94, 0x24, 0x24, 0x24, 0x24, 0x11, 0xd8, 0xff,
    0xff, 0xff, 0xff, 0xff, 0x7c,

    /* U+0046 "F" */
    0xd8, 0xff, 0xff, 0xff, 0xff, 0xff, 0x54, 0xd8,
    0x98, 0x28, 0x28, 0x28, 0x28, 0xd, 0xd8, 0x78,
    0x0, 0x0, 0x0, 0x0, 0x0, 0xd8, 0x78, 0x0,
    0x0, 0x0, 0x0, 0x0, 0xd8, 0x78, 0x0, 0x0,
    0x0, 0x0, 0x0, 0xd8, 0xff, 0xf8, 0xf8, 0xf8,
    0x9e, 0x0, 0xd8, 0x98, 0x28, 0x28, 0x28, 0x19,
    0x0, 0xd8, 0x78, 0x0, 0x0, 0x0, 0x0, 0x0,
    0xd8, 0x78, 0x0, 0x0, 0x0, 0x0, 0x0, 0xd8,
    0x78, 0x0, 0x0, 0x0, 0x0, 0x0, 0xd8, 0x78,
    0x0, 0x0, 0x0, 0x0, 0x0,

    /* U+0047 "G" */
    0x0, 0x0, 0x40, 0xc5, 0xf6, 0xed, 0xa1, 0x13,
    0x0, 0x0, 0x39, 0xfa, 0x98, 0x2f, 0x40, 0xd3,
    0xc8, 0x1, 0x0, 0xbd, 0xb5, 0x0, 0x0, 0x0,
    0x25, 0xff, 0x44, 0x8, 0xfb, 0x55, 0x0, 0x0,
    0x0, 0x0, 0x75, 0x3c, 0x23, 0xff, 0x35, 0x0,
    0x0, 0x0, 0x0, 0x0, 0x0, 0x2b, 0xff, 0x28,
    0x0, 0x0, 0x0, 0x0, 0x0, 0x0, 0x22, 0xff,
    0x39, 0x0, 0x1b, 0xf8, 0xf8, 0xf8, 0x7f, 0x6,
    0xf8, 0x61, 0x0, 0x4, 0x28, 0x28, 0xd4, 0x84,
    0x0, 0xaf, 0xca, 0x2, 0x0, 0x0, 0x0, 0xcc,
    0x84, 0x0, 0x26, 0xf0, 0xb0, 0x36, 0x2b, 0x64,
    0xf1, 0x67, 0x0, 0x0, 0x2a, 0xb4, 0xf3, 0xf8,
    0xd1, 0x67, 0x0,

    /* U+0048 "H" */
    0xd8, 0x78, 0x0, 0x0, 0x0, 0x0, 0x80, 0xd0,
    0xd8, 0x78, 0x0, 0x0, 0x0, 0x0, 0x80, 0xd0,
    0xd8, 0x78, 0x0, 0x0, 0x0, 0x0, 0x80, 0xd0,
    0xd8, 0x78, 0x0, 0x0, 0x0, 0x0, 0x80, 0xd0,
    0xd8, 0x78, 0x0, 0x0, 0x0, 0x0, 0x80, 0xd0,
    0xd8, 0xff, 0xf8, 0xf8, 0xf8, 0xf8, 0xff, 0xd0,
    0xd8, 0x95, 0x28, 0x28, 0x28, 0x28, 0x9a, 0xd0,
    0xd8, 0x78, 0x0, 0x0, 0x0, 0x0, 0x80, 0xd0,
    0xd8, 0x78, 0x0, 0x0, 0x0, 0x0, 0x80, 0xd0,
    0xd8, 0x78, 0x0, 0x0, 0x0, 0x0, 0x80, 0xd0,
    0xd8, 0x78, 0x0, 0x0, 0x0, 0x0, 0x80, 0xd0,

    /* U+0049 "I" */
    0xc0, 0x94, 0xc0, 0x94, 0xc0, 0x94, 0xc0, 0x94,
    0xc0, 0x94, 0xc0, 0x94, 0xc0, 0x94, 0xc0, 0x94,
    0xc0, 0x94, 0xc0, 0x94, 0xc0, 0x94,

    /* U+004A "J" */
    0x0, 0x0, 0x0, 0x0, 0x0, 0xac, 0xa4, 0x0,
    0x0, 0x0, 0x0, 0x0, 0xac, 0xa4, 0x0, 0x0,
    0x0, 0x0, 0x0, 0xac, 0xa4, 0x0, 0x0, 0x0,
    0x0, 0x0, 0xac, 0xa4, 0x0, 0x0, 0x0, 0x0,
    0x0, 0xac, 0xa4, 0x0, 0x0, 0x0, 0x0, 0x0,
    0xac, 0xa4, 0x0, 0x0, 0x0, 0x0, 0x0, 0xac,
    0xa4, 0x14, 0x16, 0x0, 0x0, 0x0, 0xae, 0xa2,
    0x92, 0xcf, 0x0, 0x0, 0x0, 0xd5, 0x8a, 0x41,
    0xfe, 0x79, 0x32, 0x87, 0xfd, 0x33, 0x0, 0x65,
    0xdb, 0xf9, 0xd7, 0x55, 0x0,

    /* U+004B "K" */
    0xd8, 0x78, 0x0, 0x0, 0x0, 0x84, 0xef, 0x24,
    0xd8, 0x78, 0x0, 0x0, 0x54, 0xfc, 0x48, 0x0,
    0xd8, 0x78, 0x0, 0x2d, 0xf4, 0x78, 0x0, 0x0,
    0xd8, 0x78, 0x13, 0xde, 0xa9, 0x0, 0x0, 0x0,
    0xd8, 0x7c, 0xbe, 0xfe, 0xa, 0x0, 0x0, 0x0,
    0xd8, 0xff, 0xff, 0xff, 0x17, 0x0, 0x0, 0x0,
    0xf7, 0xff, 0x3d, 0xd7, 0xb1, 0x0, 0x0, 0x0,
    0xde, 0xc4, 0x0, 0x35, 0xfb, 0x61, 0x0, 0x0,
    0xd8, 0x78, 0x0, 0x0, 0x81, 0xf1, 0x1e, 0x0,
    0xd8, 0x78, 0x0, 0x0, 0x4, 0xcc, 0xbe, 0x1,
    0xd8, 0x78, 0x0, 0x0, 0x0, 0x29, 0xf7, 0x70,

    /* U+004C "L" */
    0xd8, 0x78, 0x0, 0x0, 0x0, 0x0, 0x0, 0xd8,
    0x78, 0x0, 0x0, 0x0, 0x0, 0x0, 0xd8, 0x78,
    0x0, 0x0, 0x0, 0x0, 0x0, 0xd8, 0x78, 0x0,
    0x0, 0x0, 0x0, 0x0, 0xd8, 0x78, 0x0, 0x0,
    0x0, 0x0, 0x0, 0xd8, 0x78, 0x0, 0x0, 0x0,
    0x0, 0x0, 0xd8, 0x78, 0x0, 0x0, 0x0, 0x0,
    0x0, 0xd8, 0x78, 0x0, 0x0, 0x0, 0x0, 0x0,
    0xd8, 0x78, 0x0, 0x0, 0x0, 0x0, 0x0, 0xd8,
    0x94, 0x24, 0x24, 0x24, 0x24, 0x6, 0xd8, 0xff,
    0xff, 0xff, 0xff, 0xff, 0x30,

    /* U+004D "M" */
    0xff, 0xff, 0xf, 0x0, 0x0, 0x0, 0x0, 0x0,
    0xe7, 0xff, 0x10, 0xd9, 0xff, 0x63, 0x0, 0x0,
    0x0, 0x0, 0x2f, 0xff, 0xff, 0x10, 0xd8, 0xdb,
    0xc0, 0x0, 0x0, 0x0, 0x0, 0x8c, 0xde, 0xff,
    0x10, 0xd8, 0x85, 0xfd, 0x1f, 0x0, 0x0, 0x2,
    0xe5, 0x87, 0xff, 0x10, 0xd8, 0x67, 0xc6, 0x7b,
    0x0, 0x0, 0x46, 0xf4, 0x3c, 0xff, 0x10, 0xd8,
    0x6e, 0x68, 0xd8, 0x0, 0x0, 0xa2, 0xa1, 0x37,
    0xff, 0x10, 0xd8, 0x75, 0x11, 0xf8, 0x35, 0xb,
    0xf3, 0x43, 0x3e, 0xff, 0x10, 0xd8, 0x78, 0x0,
    0xad, 0x92, 0x5c, 0xe3, 0x2, 0x40, 0xff, 0x10,
    0xd8, 0x78, 0x0, 0x4f, 0xea, 0xbd, 0x87, 0x0,
    0x40, 0xff, 0x10, 0xd8, 0x78, 0x0, 0x5, 0xeb,
    0xff, 0x29, 0x0, 0x40, 0xff, 0x10, 0xd8, 0x78,
    0x0, 0x0, 0x93, 0xcb, 0x0, 0x0, 0x40, 0xff,
    0x10,

    /* U+004E "N" */
    0xd8, 0xc2, 0x0, 0x0, 0x0, 0x0, 0x80, 0xd0,
    0xd8, 0xff, 0x5b, 0x0, 0x0, 0x0, 0x80, 0xd0,
    0xd8, 0xee, 0xe5, 0xc, 0x0, 0x0, 0x80, 0xd0,
    0xd8, 0x85, 0xe6, 0x8a, 0x0, 0x0, 0x80, 0xd0,
    0xd8, 0x78, 0x5c, 0xfa, 0x27, 0x0, 0x80, 0xd0,
    0xd8, 0x78, 0x0, 0xc3, 0xb8, 0x0, 0x80, 0xd0,
    0xd8, 0x78, 0x0, 0x30, 0xfd, 0x50, 0x80, 0xd0,
    0xd8, 0x78, 0x0, 0x0, 0x96, 0xdf, 0x88, 0xd0,
    0xd8, 0x78, 0x0, 0x0, 0x12, 0xec, 0xed, 0xd0,
    0xd8, 0x78, 0x0, 0x0, 0x0, 0x67, 0xff, 0xd0,
    0xd8, 0x78, 0x0, 0x0, 0x0, 0x2, 0xcd, 0xd0,

    /* U+004F "O" */
    0x0, 0x0, 0x31, 0xbc, 0xf6, 0xea, 0x94, 0xd,
    0x0, 0x0, 0x2b, 0xf3, 0xa7, 0x3c, 0x4e, 0xdc,
    0xc0, 0x2, 0x0, 0xb2, 0xbc, 0x0, 0x0, 0x0,
    0x1e, 0xfa, 0x53, 0x7, 0xfa, 0x56, 0x0, 0x0,
    0x0, 0x0, 0xb3, 0xa1, 0x25, 0xff, 0x31, 0x0,
    0x0, 0x0, 0x0, 0x8f, 0xc5, 0x2f, 0xff, 0x20,
    0x0, 0x0, 0x0, 0x0, 0x7c, 0xcf, 0x25, 0xff,
    0x32, 0x0, 0x0, 0x0, 0x0, 0x8f, 0xc5, 0x7,
    0xf9, 0x56, 0x0, 0x0, 0x0, 0x0, 0xb2, 0xa2,
    0x0, 0xb0, 0xbd, 0x0, 0x0, 0x0, 0x1a, 0xf9,
    0x56, 0x0, 0x2a, 0xf3, 0xa6, 0x38, 0x49, 0xd7,
    0xc6, 0x3, 0x0, 0x0, 0x33, 0xbf, 0xf6, 0xec,
    0x9a, 0x10, 0x0,

    /* U+0050 "P" */
    0xd8, 0xff, 0xff, 0xff, 0xeb, 0x9c, 0x10, 0x0,
    0xd8, 0x8d, 0x28, 0x28, 0x47, 0xd5, 0xbc, 0x0,
    0xd8, 0x78, 0x0, 0x0, 0x0, 0x3d, 0xff, 0x27,
    0xd8, 0x78, 0x0, 0x0, 0x0, 0xc, 0xff, 0x49,
    0xd8, 0x78, 0x0, 0x0, 0x0, 0x28, 0xff, 0x35,
    0xd8, 0x78, 0x0, 0x0, 0x14, 0xae, 0xdd, 0x2,
    0xd8, 0xff, 0xf8, 0xf8, 0xff, 0xd1, 0x2e, 0x0,
    0xd8, 0x99, 0x28, 0x27, 0x16, 0x0, 0x0, 0x0,
    0xd8, 0x78, 0x0, 0x0, 0x0, 0x0, 0x0, 0x0,
    0xd8, 0x78, 0x0, 0x0, 0x0, 0x0, 0x0, 0x0,
    0xd8, 0x78, 0x0, 0x0, 0x0, 0x0, 0x0, 0x0,

    /* U+0051 "Q" */
    0x0, 0x0, 0x3a, 0xc3, 0xf7, 0xe7, 0x8c, 0x9,
    0x0, 0x0, 0x36, 0xf8, 0x9d, 0x3a, 0x54, 0xe3,
    0xb2, 0x0, 0x0, 0xc2, 0xaf, 0x0, 0x0, 0x0,
    0x2a, 0xfe, 0x43, 0x12, 0xff, 0x47, 0x0, 0x0,
    0x0, 0x0, 0xc3, 0x91, 0x35, 0xff, 0x21, 0x0,
    0x0, 0x0, 0x0, 0x9f, 0xb5, 0x3f, 0xff, 0x10,
    0x0, 0x0, 0x0, 0x0, 0x8c, 0xbf, 0x35, 0xff,
    0x22, 0x0, 0x0, 0x0, 0x0, 0x9f, 0xb5, 0x11,
    0xfe, 0x46, 0x0, 0x0, 0x0, 0x0, 0xc2, 0x92,
    0x0, 0xc0, 0xad, 0x0, 0x0, 0x0, 0x26, 0xfe,
    0x46, 0x0, 0x35, 0xf8, 0x9b, 0x36, 0x4f, 0xff,
    0xb8, 0x0, 0x0, 0x0, 0x3c, 0xc5, 0xf8, 0xff,
    0xff, 0x5d, 0x0, 0x0, 0x0, 0x0, 0x0, 0x0,
    0x0, 0x75, 0xfb, 0x6a, 0x0, 0x0, 0x0, 0x0,
    0x0, 0x0, 0x0, 0x4c, 0x27,

    /* U+0052 "R" */
    0xd8, 0xff, 0xff, 0xfb, 0xdb, 0x70, 0x1, 0x0,
    0xd8, 0x8d, 0x28, 0x2c, 0x6a, 0xf8, 0x68, 0x0,
    0xd8, 0x78, 0x0, 0x0, 0x0, 0x99, 0xcc, 0x0,
    0xd8, 0x78, 0x0, 0x0, 0x0, 0x6c, 0xe9, 0x0,
    0xd8, 0x78, 0x0, 0x0, 0x0, 0x90, 0xd2, 0x0,
    0xd8, 0x78, 0x0, 0x0, 0x40, 0xf6, 0x72, 0x0,
    0xd8, 0xff, 0xf8, 0xff, 0xff, 0x7e, 0x1, 0x0,
    0xd8, 0x99, 0x28, 0x37, 0xfd, 0x65, 0x0, 0x0,
    0xd8, 0x78, 0x0, 0x0, 0x6d, 0xe8, 0xd, 0x0,
    0xd8, 0x78, 0x0, 0x0, 0x5, 0xd9, 0x86, 0x0,
    0xd8, 0x78, 0x0, 0x0, 0x0, 0x4f, 0xf7, 0x1f,

    /* U+0053 "S" */
    0x0, 0xd, 0x90, 0xe1, 0xf6, 0xc8, 0x45, 0x0,
    0x0, 0xad, 0xd6, 0x4b, 0x2d, 0x83, 0xfb, 0x38,
    0xc, 0xfd, 0x48, 0x0, 0x0, 0x0, 0xba, 0xa5,
    0x8, 0xfb, 0x63, 0x0, 0x0, 0x0, 0x22, 0x2d,
    0x0, 0x8d, 0xf9, 0x8e, 0x2c, 0x0, 0x0, 0x0,
    0x0, 0x0, 0x62, 0xda, 0xff, 0xc7, 0x3a, 0x0,
    0x0, 0x0, 0x0, 0x1, 0x3f, 0xb1, 0xfc, 0x3d,
    0x1a, 0x34, 0x0, 0x0, 0x0, 0x0, 0xb9, 0xaa,
    0x57, 0xfa, 0xf, 0x0, 0x0, 0x0, 0xa5, 0xb2,
    0x9, 0xcd, 0xc3, 0x43, 0x2f, 0x6e, 0xf7, 0x5c,
    0x0, 0x14, 0x91, 0xe1, 0xf6, 0xd4, 0x65, 0x0,

    /* U+0054 "T" */
    0xa8, 0xff, 0xff, 0xff, 0xff, 0xff, 0xff, 0xff,
    0x8, 0x1a, 0x28, 0x28, 0xa0, 0xfc, 0x28, 0x28,
    0x28, 0x1, 0x0, 0x0, 0x0, 0x78, 0xd4, 0x0,
    0x0, 0x0, 0x0, 0x0, 0x0, 0x0, 0x78, 0xd4,
    0x0, 0x0, 0x0, 0x0, 0x0, 0x0, 0x0, 0x78,
    0xd4, 0x0, 0x0, 0x0, 0x0, 0x0, 0x0, 0x0,
    0x78, 0xd4, 0x0, 0x0, 0x0, 0x0, 0x0, 0x0,
    0x0, 0x78, 0xd4, 0x0, 0x0, 0x0, 0x0, 0x0,
    0x0, 0x0, 0x78, 0xd4, 0x0, 0x0, 0x0, 0x0,
    0x0, 0x0, 0x0, 0x78, 0xd4, 0x0, 0x0, 0x0,
    0x0, 0x0, 0x0, 0x0, 0x78, 0xd4, 0x0, 0x0,
    0x0, 0x0, 0x0, 0x0, 0x0, 0x78, 0xd4, 0x0,
    0x0, 0x0, 0x0,

    /* U+0055 "U" */
    0xc, 0xff, 0x44, 0x0, 0x0, 0x0, 0x28, 0xff,
    0x28, 0xc, 0xff, 0x44, 0x0, 0x0, 0x0, 0x28,
    0xff, 0x28, 0xc, 0xff, 0x44, 0x0, 0x0, 0x0,
    0x28, 0xff, 0x28, 0xc, 0xff, 0x44, 0x0, 0x0,
    0x0, 0x28, 0xff, 0x28, 0xc, 0xff, 0x44, 0x0,
    0x0, 0x0, 0x28, 0xff, 0x28, 0xc, 0xff, 0x44,
    0x0, 0x0, 0x0, 0x28, 0xff, 0x28, 0xc, 0xff,
    0x44, 0x0, 0x0, 0x0, 0x28, 0xff, 0x28, 0x6,
    0xff, 0x48, 0x0, 0x0, 0x0, 0x2c, 0xff, 0x21,
    0x0, 0xe3, 0x77, 0x0, 0x0, 0x0, 0x5b, 0xf5,
    0x7, 0x0, 0x75, 0xf2, 0x61, 0x2a, 0x53, 0xe6,
    0x89, 0x0, 0x0, 0x1, 0x71, 0xda, 0xf9, 0xde,
    0x7b, 0x3, 0x0,

    /* U+0056 "V" */
    0xa2, 0xc7, 0x0, 0x0, 0x0, 0x0, 0x0, 0xdc,
    0x90, 0x4c, 0xfe, 0x18, 0x0, 0x0, 0x0, 0x2d,
    0xff, 0x3b, 0x6, 0xf0, 0x67, 0x0, 0x0, 0x0,
    0x7d, 0xe3, 0x1, 0x0, 0xa1, 0xb7, 0x0, 0x0,
    0x0, 0xcd, 0x8f, 0x0, 0x0, 0x4c, 0xf9, 0xd,
    0x0, 0x1d, 0xff, 0x39, 0x0, 0x0, 0x6, 0xf0,
    0x56, 0x0, 0x6d, 0xe2, 0x1, 0x0, 0x0, 0x0,
    0xa1, 0xa6, 0x0, 0xbe, 0x8e, 0x0, 0x0, 0x0,
    0x0, 0x4b, 0xf0, 0x17, 0xfb, 0x38, 0x0, 0x0,
    0x0, 0x0, 0x6, 0xef, 0xa3, 0xe1, 0x1, 0x0,
    0x0, 0x0, 0x0, 0x0, 0xa0, 0xff, 0x8c, 0x0,
    0x0, 0x0, 0x0, 0x0, 0x0, 0x4b, 0xff, 0x36,
    0x0, 0x0, 0x0,

    /* U+0057 "W" */
    0x79, 0xd6, 0x0, 0x0, 0x0, 0x67, 0xff, 0x4,
    0x0, 0x0, 0x4f, 0xfa, 0x8, 0x41, 0xfd, 0xd,
    0x0, 0x0, 0xa3, 0xff, 0x37, 0x0, 0x0, 0x83,
    0xcb, 0x0, 0xb, 0xfc, 0x40, 0x0, 0x0, 0xe4,
    0xde, 0x77, 0x0, 0x0, 0xb7, 0x93, 0x0, 0x0,
    0xd1, 0x75, 0x0, 0x26, 0xf9, 0x71, 0xb7, 0x0,
    0x0, 0xea, 0x5b, 0x0, 0x0, 0x99, 0xab, 0x0,
    0x67, 0xc1, 0x25, 0xf3, 0x4, 0x1f, 0xff, 0x23,
    0x0, 0x0, 0x61, 0xe0, 0x0, 0xa9, 0x7d, 0x0,
    0xe3, 0x37, 0x53, 0xeb, 0x0, 0x0, 0x0, 0x29,
    0xff, 0x16, 0xe9, 0x39, 0x0, 0xa2, 0x77, 0x87,
    0xb3, 0x0, 0x0, 0x0, 0x1, 0xef, 0x74, 0xf1,
    0x3, 0x0, 0x61, 0xb7, 0xb9, 0x7b, 0x0, 0x0,
    0x0, 0x0, 0xb9, 0xd3, 0xb1, 0x0, 0x0, 0x1f,
    0xee, 0xe1, 0x43, 0x0, 0x0, 0x0, 0x0, 0x81,
    0xff, 0x6d, 0x0, 0x0, 0x0, 0xe6, 0xff, 0xd,
    0x0, 0x0, 0x0, 0x0, 0x48, 0xff, 0x29, 0x0,
    0x0, 0x0, 0xc7, 0xff, 0x0, 0x0, 0x0,

    /* U+0058 "X" */
    0x3f, 0xff, 0x4c, 0x0, 0x0, 0x0, 0x7d, 0xf2,
    0x17, 0x0, 0xab, 0xd8, 0x4, 0x0, 0x19, 0xf4,
    0x76, 0x0, 0x0, 0x20, 0xf7, 0x6e, 0x0, 0x9f,
    0xdc, 0x6, 0x0, 0x0, 0x0, 0x84, 0xed, 0x43,
    0xfd, 0x4f, 0x0, 0x0, 0x0, 0x0, 0xb, 0xe5,
    0xf9, 0xbc, 0x0, 0x0, 0x0, 0x0, 0x0, 0x0,
    0x89, 0xff, 0x55, 0x0, 0x0, 0x0, 0x0, 0x0,
    0x12, 0xed, 0xf3, 0xc9, 0x1, 0x0, 0x0, 0x0,
    0x0, 0x94, 0xe6, 0x35, 0xfb, 0x5f, 0x0, 0x0,
    0x0, 0x2c, 0xfc, 0x61, 0x0, 0x92, 0xe7, 0xd,
    0x0, 0x0, 0xbc, 0xcd, 0x2, 0x0, 0x12, 0xed,
    0x88, 0x0, 0x52, 0xff, 0x3d, 0x0, 0x0, 0x0,
    0x6d, 0xf9, 0x24,

    /* U+0059 "Y" */
    0xa5, 0xd5, 0x1, 0x0, 0x0, 0x0, 0x74, 0xf3,
    0x14, 0x28, 0xfd, 0x50, 0x0, 0x0, 0x6, 0xe5,
    0x88, 0x0, 0x0, 0xa6, 0xc8, 0x0, 0x0, 0x63,
    0xf4, 0x15, 0x0, 0x0, 0x29, 0xfd, 0x41, 0x2,
    0xd8, 0x8a, 0x0, 0x0, 0x0, 0x0, 0xa8, 0xb9,
    0x53, 0xf5, 0x16, 0x0, 0x0, 0x0, 0x0, 0x2b,
    0xfd, 0xe0, 0x8c, 0x0, 0x0, 0x0, 0x0, 0x0,
    0x0, 0xaa, 0xf7, 0x17, 0x0, 0x0, 0x0, 0x0,
    0x0, 0x0, 0x78, 0xdc, 0x0, 0x0, 0x0, 0x0,
    0x0, 0x0, 0x0, 0x78, 0xdc, 0x0, 0x0, 0x0,
    0x0, 0x0, 0x0, 0x0, 0x78, 0xdc, 0x0, 0x0,
    0x0, 0x0, 0x0, 0x0, 0x0, 0x78, 0xdc, 0x0,
    0x0, 0x0, 0x0,

    /* U+005A "Z" */
    0x50, 0xff, 0xff, 0xff, 0xff, 0xff, 0xff, 0xac,
    0xc, 0x28, 0x28, 0x28, 0x28, 0x51, 0xff, 0x53,
    0x0, 0x0, 0x0, 0x0, 0x1, 0xc1, 0xb1, 0x0,
    0x0, 0x0, 0x0, 0x0, 0x63, 0xf4, 0x1e, 0x0,
    0x0, 0x0, 0x0, 0x14, 0xed, 0x73, 0x0, 0x0,
    0x0, 0x0, 0x0, 0xa2, 0xd0, 0x3, 0x0, 0x0,
    0x0, 0x0, 0x41, 0xfd, 0x36, 0x0, 0x0, 0x0,
    0x0, 0x7, 0xd9, 0x95, 0x0, 0x0, 0x0, 0x0,
    0x0, 0x80, 0xe6, 0xf, 0x0, 0x0, 0x0, 0x0,
    0x26, 0xff, 0x7a, 0x24, 0x24, 0x24, 0x24, 0x1d,
    0x68, 0xff, 0xff, 0xff, 0xff, 0xff, 0xff, 0xd4,

    /* U+005B "[" */
    0xf4, 0xf4, 0x8d, 0xff, 0x5e, 0x14, 0xff, 0x44,
    0x0, 0xff, 0x44, 0x0, 0xff, 0x44, 0x0, 0xff,
    0x44, 0x0, 0xff, 0x44, 0x0, 0xff, 0x44, 0x0,
    0xff, 0x44, 0x0, 0xff, 0x44, 0x0, 0xff, 0x44,
    0x0, 0xff, 0x44, 0x0, 0xff, 0x44, 0x0, 0xff,
    0xfa, 0x8f, 0x24, 0x24, 0x14,

    /* U+005C "\\" */
    0x8a, 0xa9, 0x0, 0x0, 0x0, 0x0, 0x2d, 0xf7,
    0xf, 0x0, 0x0, 0x0, 0x0, 0xd1, 0x63, 0x0,
    0x0, 0x0, 0x0, 0x74, 0xbf, 0x0, 0x0, 0x0,
    0x0, 0x1a, 0xfb, 0x1d, 0x0, 0x0, 0x0, 0x0,
    0xbb, 0x78, 0x0, 0x0, 0x0, 0x0, 0x5f, 0xd5,
    0x0, 0x0, 0x0, 0x0, 0xc, 0xf5, 0x31, 0x0,
    0x0, 0x0, 0x0, 0xa6, 0x8e, 0x0, 0x0, 0x0,
    0x0, 0x49, 0xe7, 0x3, 0x0, 0x0, 0x0, 0x3,
    0xe9, 0x47, 0x0, 0x0, 0x0, 0x0, 0x53, 0x46,

    /* U+005D "]" */
    0xe4, 0xf4, 0xa0, 0x21, 0xad, 0xa8, 0x0, 0xa0,
    0xa8, 0x0, 0xa0, 0xa8, 0x0, 0xa0, 0xa8, 0x0,
    0xa0, 0xa8, 0x0, 0xa0, 0xa8, 0x0, 0xa0, 0xa8,
    0x0, 0xa0, 0xa8, 0x0, 0xa0, 0xa8, 0x0, 0xa0,
    0xa8, 0x0, 0xa0, 0xa8, 0x0, 0xa0, 0xa8, 0xe8,
    0xfd, 0xa8, 0x21, 0x24, 0x17,

    /* U+005E "^" */
    0x0, 0x0, 0x7f, 0x54, 0x0, 0x0, 0x0, 0x1,
    0xff, 0xd2, 0x0, 0x0, 0x0, 0x43, 0xea, 0xf5,
    0x1b, 0x0, 0x0, 0xa2, 0x81, 0xab, 0x77, 0x0,
    0xc, 0xf4, 0x25, 0x50, 0xd5, 0x0, 0x60, 0xc9,
    0x0, 0x6, 0xee, 0x34,

    /* U+005F "_" */
    0xf0, 0xf8, 0xf8, 0xf8, 0xf8, 0xf8, 0x49, 0x22,
    0x24, 0x24, 0x24, 0x24, 0x24, 0xa,

    /* U+0060 "`" */
    0x36, 0xf4, 0x40, 0x0, 0x0, 0x4d, 0xd9, 0xa,

    /* U+0061 "a" */
    0x0, 0x27, 0xb6, 0xf1, 0xeb, 0x8c, 0x2, 0x0,
    0xdd, 0x9d, 0x23, 0x4b, 0xf3, 0x5f, 0x3, 0x34,
    0xa, 0x0, 0x0, 0xb5, 0x93, 0x0, 0x2c, 0xb0,
    0xe4, 0xf0, 0xff, 0x98, 0x9, 0xe6, 0x80, 0xe,
    0x0, 0xac, 0x98, 0x33, 0xff, 0x11, 0x0, 0x0,
    0xff, 0x98, 0x16, 0xf9, 0x91, 0x36, 0x88, 0xff,
    0x9e, 0x0, 0x4a, 0xe0, 0xf0, 0xa3, 0x8d, 0xa8,

    /* U+0062 "b" */
    0xc, 0xff, 0x3c, 0x0, 0x0, 0x0, 0x0, 0x0,
    0xc, 0xff, 0x3c, 0x0, 0x0, 0x0, 0x0, 0x0,
    0xc, 0xff, 0x3c, 0x0, 0x0, 0x0, 0x0, 0x0,
    0xc, 0xff, 0x7a, 0xda, 0xf8, 0xb0, 0x10, 0x0,
    0xc, 0xff, 0xff, 0x40, 0x40, 0xda, 0xa7, 0x0,
    0xc, 0xff, 0x6f, 0x0, 0x0, 0x4d, 0xfc, 0xc,
    0xc, 0xff, 0x3c, 0x0, 0x0, 0x19, 0xff, 0x2a,
    0xc, 0xff, 0x3c, 0x0, 0x0, 0x15, 0xff, 0x2a,
    0xc, 0xff, 0x67, 0x0, 0x0, 0x41, 0xfb, 0xb,
    0xc, 0xff, 0xf6, 0x1a, 0x1e, 0xc7, 0xa3, 0x0,
    0xc, 0xff, 0x70, 0xd3, 0xf7, 0xb0, 0xe, 0x0,

    /* U+0063 "c" */
    0x0, 0xd, 0xa5, 0xf4, 0xec, 0x8c, 0x5, 0x0,
    0xb5, 0xc2, 0x34, 0x42, 0xe4, 0x7f, 0x25, 0xff,
    0x23, 0x0, 0x0, 0x5c, 0xa5, 0x4f, 0xf0, 0x0,
    0x0, 0x0, 0x0, 0x0, 0x4f, 0xf0, 0x0, 0x0,
    0x0, 0x0, 0x0, 0x26, 0xff, 0x21, 0x0, 0x0,
    0x42, 0x7c, 0x0, 0xb7, 0xbc, 0x31, 0x3e, 0xdb,
    0x7d, 0x0, 0xf, 0xa8, 0xf4, 0xea, 0x7b, 0x0,

    /* U+0064 "d" */
    0x0, 0x0, 0x0, 0x0, 0x0, 0x60, 0xe4, 0x0,
    0x0, 0x0, 0x0, 0x0, 0x60, 0xe4, 0x0, 0x0,
    0x0, 0x0, 0x0, 0x60, 0xe4, 0x0, 0x17, 0xba,
    0xf8, 0xd0, 0x8d, 0xe4, 0x0, 0xbf, 0xcb, 0x3b,
    0x49, 0xff, 0xea, 0x24, 0xff, 0x2e, 0x0, 0x0,
    0xad, 0xff, 0x49, 0xf8, 0x0, 0x0, 0x0, 0x6d,
    0xff, 0x4a, 0xf4, 0x0, 0x0, 0x0, 0x6c, 0xff,
    0x23, 0xff, 0x21, 0x0, 0x0, 0xa2, 0xff, 0x0,
    0xba, 0xb1, 0x18, 0x21, 0xff, 0xf0, 0x0, 0x14,
    0xba, 0xf6, 0xcb, 0x83, 0xe4,

    /* U+0065 "e" */
    0x0, 0xd, 0xa0, 0xf3, 0xec, 0x82, 0x2, 0x0,
    0xa4, 0xc6, 0x2f, 0x3a, 0xe8, 0x6b, 0x23, 0xfe,
    0x2b, 0x0, 0x0, 0x77, 0xc5, 0x52, 0xff, 0xf4,
    0xf4, 0xf4, 0xf8, 0xe2, 0x51, 0xff, 0x24, 0x24,
    0x24, 0x24, 0x20, 0x27, 0xff, 0x2b, 0x0, 0x0,
    0x4, 0xa, 0x0, 0xb4, 0xd0, 0x3b, 0x28, 0xac,
    0x93, 0x0, 0xe, 0x9b, 0xf1, 0xeb, 0xa2, 0x12,

    /* U+0066 "f" */
    0x0, 0x0, 0x7d, 0xea, 0xcf, 0x0, 0x38, 0xff,
    0x69, 0x28, 0x0, 0x64, 0xe1, 0x0, 0x0, 0x94,
    0xff, 0xff, 0xff, 0x6c, 0x4, 0x70, 0xe0, 0x8,
    0x3, 0x0, 0x68, 0xd8, 0x0, 0x0, 0x0, 0x68,
    0xd8, 0x0, 0x0, 0x0, 0x68, 0xd8, 0x0, 0x0,
    0x0, 0x68, 0xd8, 0x0, 0x0, 0x0, 0x68, 0xd8,
    0x0, 0x0, 0x0, 0x68, 0xd8, 0x0, 0x0,

    /* U+0067 "g" */
    0x0, 0x18, 0xbc, 0xf5, 0xcc, 0x7f, 0xe8, 0x0,
    0xc1, 0xb5, 0x17, 0x25, 0xff, 0xf3, 0x24, 0xff,
    0x24, 0x0, 0x0, 0x97, 0xff, 0x49, 0xf5, 0x0,
    0x0, 0x0, 0x68, 0xff, 0x4a, 0xf7, 0x0, 0x0,
    0x0, 0x69, 0xff, 0x23, 0xff, 0x2e, 0x0, 0x0,
    0xad, 0xff, 0x0, 0xbd, 0xca, 0x3c, 0x45, 0xff,
    0xf0, 0x0, 0x16, 0xbc, 0xf6, 0xcc, 0x90, 0xe6,
    0x0, 0x7, 0x0, 0x0, 0x0, 0x83, 0xcf, 0x0,
    0xba, 0x78, 0x28, 0x4f, 0xef, 0x76, 0x0, 0x2c,
    0xb7, 0xf4, 0xe8, 0x86, 0x3,

    /* U+0068 "h" */
    0x8, 0xff, 0x3c, 0x0, 0x0, 0x0, 0x0, 0x8,
    0xff, 0x3c, 0x0, 0x0, 0x0, 0x0, 0x8, 0xff,
    0x3c, 0x0, 0x0, 0x0, 0x0, 0x8, 0xff, 0x67,
    0xce, 0xf5, 0xba, 0x15, 0x8, 0xff, 0xff, 0x45,
    0x3c, 0xe1, 0x8b, 0x8, 0xff, 0x7d, 0x0, 0x0,
    0x8c, 0xbb, 0x8, 0xff, 0x3e, 0x0, 0x0, 0x7c,
    0xc8, 0x8, 0xff, 0x3c, 0x0, 0x0, 0x7c, 0xc8,
    0x8, 0xff, 0x3c, 0x0, 0x0, 0x7c, 0xc8, 0x8,
    0xff, 0x3c, 0x0, 0x0, 0x7c, 0xc8, 0x8, 0xff,
    0x3c, 0x0, 0x0, 0x7c, 0xc8,

    /* U+0069 "i" */
    0x0, 0xd7, 0x4f, 0x0, 0x63, 0x1d, 0x0, 0x0,
    0x0, 0x0, 0xf0, 0x58, 0x0, 0xf0, 0x58, 0x0,
    0xf0, 0x58, 0x0, 0xf0, 0x58, 0x0, 0xf0, 0x58,
    0x0, 0xf0, 0x58, 0x0, 0xf0, 0x58, 0x0, 0xf0,
    0x58,

    /* U+006A "j" */
    0x0, 0xa, 0xe2, 0x38, 0x0, 0x0, 0x6c, 0x13,
    0x0, 0x0, 0x0, 0x0, 0x0, 0x0, 0xff, 0x44,
    0x0, 0x0, 0xff, 0x44, 0x0, 0x0, 0xff, 0x44,
    0x0, 0x0, 0xff, 0x44, 0x0, 0x0, 0xff, 0x44,
    0x0, 0x0, 0xff, 0x44, 0x0, 0x0, 0xff, 0x44,
    0x0, 0x0, 0xff, 0x44, 0x0, 0x1, 0xff, 0x42,
    0x13, 0x53, 0xff, 0x22, 0x6a, 0xf1, 0x8f, 0x0,

    /* U+006B "k" */
    0x8, 0xff, 0x3c, 0x0, 0x0, 0x0, 0x0, 0x0,
    0x8, 0xff, 0x3c, 0x0, 0x0, 0x0, 0x0, 0x0,
    0x8, 0xff, 0x3c, 0x0, 0x0, 0x0, 0x0, 0x0,
    0x8, 0xff, 0x3c, 0x0, 0x41, 0xf8, 0x53, 0x0,
    0x8, 0xff, 0x3c, 0x2a, 0xef, 0x76, 0x0, 0x0,
    0x8, 0xff, 0x52, 0xe0, 0x9a, 0x0, 0x0, 0x0,
    0x8, 0xff, 0xf9, 0xff, 0x17, 0x0, 0x0, 0x0,
    0x8, 0xff, 0xff, 0xdb, 0xaa, 0x0, 0x0, 0x0,
    0x8, 0xff, 0x53, 0x2b, 0xf8, 0x5c, 0x0, 0x0,
    0x8, 0xff, 0x3c, 0x0, 0x72, 0xf0, 0x1d, 0x0,
    0x8, 0xff, 0x3c, 0x0, 0x1, 0xbe, 0xbd, 0x1,

    /* U+006C "l" */
    0xf0, 0x58, 0xf0, 0x58, 0xf0, 0x58, 0xf0, 0x58,
    0xf0, 0x58, 0xf0, 0x58, 0xf0, 0x58, 0xf0, 0x58,
    0xf0, 0x58, 0xf0, 0x58, 0xf0, 0x58,

    /* U+006D "m" */
    0xc, 0xff, 0x6f, 0xd9, 0xf5, 0xb3, 0x1d, 0xa0,
    0xf5, 0xe3, 0x64, 0x0, 0xc, 0xff, 0xda, 0x16,
    0x21, 0xdd, 0xff, 0x5e, 0x9, 0x5f, 0xfa, 0x1a,
    0xc, 0xff, 0x58, 0x0, 0x0, 0x91, 0xff, 0x0,
    0x0, 0x0, 0xf5, 0x47, 0xc, 0xff, 0x38, 0x0,
    0x0, 0x83, 0xcb, 0x0, 0x0, 0x0, 0xf0, 0x54,
    0xc, 0xff, 0x38, 0x0, 0x0, 0x80, 0xc4, 0x0,
    0x0, 0x0, 0xf0, 0x54, 0xc, 0xff, 0x38, 0x0,
    0x0, 0x80, 0xc4, 0x0, 0x0, 0x0, 0xf0, 0x54,
    0xc, 0xff, 0x38, 0x0, 0x0, 0x80, 0xc4, 0x0,
    0x0, 0x0, 0xf0, 0x54, 0xc, 0xff, 0x38, 0x0,
    0x0, 0x80, 0xc4, 0x0, 0x0, 0x0, 0xf0, 0x54,

    /* U+006E "n" */
    0x8, 0xff, 0x60, 0xd1, 0xf5, 0xba, 0x15, 0x8,
    0xff, 0xef, 0x21, 0x18, 0xd3, 0x8b, 0x8, 0xff,
    0x66, 0x0, 0x0, 0x81, 0xbb, 0x8, 0xff, 0x3c,
    0x0, 0x0, 0x7c, 0xc8, 0x8, 0xff, 0x3c, 0x0,
    0x0, 0x7c, 0xc8, 0x8, 0xff, 0x3c, 0x0, 0x0,
    0x7c, 0xc8, 0x8, 0xff, 0x3c, 0x0, 0x0, 0x7c,
    0xc8, 0x8, 0xff, 0x3c, 0x0, 0x0, 0x7c, 0xc8,

    /* U+006F "o" */
    0x0, 0xe, 0x9f, 0xf1, 0xf0, 0x9d, 0xd, 0x0,
    0x0, 0xaa, 0xd0, 0x38, 0x3a, 0xd2, 0xa6, 0x0,
    0x22, 0xff, 0x2d, 0x0, 0x0, 0x34, 0xfe, 0x1f,
    0x4f, 0xf0, 0x0, 0x0, 0x0, 0x0, 0xf5, 0x4b,
    0x4f, 0xef, 0x0, 0x0, 0x0, 0x0, 0xf5, 0x4b,
    0x23, 0xff, 0x2b, 0x0, 0x0, 0x32, 0xfe, 0x1f,
    0x0, 0xac, 0xcd, 0x36, 0x37, 0xcf, 0xa8, 0x0,
    0x0, 0xa, 0x9b, 0xf2, 0xf1, 0x99, 0x9, 0x0,

    /* U+0070 "p" */
    0xc, 0xff, 0x71, 0xd3, 0xf6, 0xaf, 0xf, 0x0,
    0xc, 0xff, 0xe4, 0x17, 0x23, 0xd1, 0xa7, 0x0,
    0xc, 0xff, 0x52, 0x0, 0x0, 0x4c, 0xfc, 0xc,
    0xc, 0xff, 0x3c, 0x0, 0x0, 0x1b, 0xff, 0x2a,
    0xc, 0xff, 0x3c, 0x0, 0x0, 0x1e, 0xff, 0x29,
    0xc, 0xff, 0x59, 0x0, 0x0, 0x56, 0xf9, 0x9,
    0xc, 0xff, 0xf8, 0x2b, 0x3e, 0xdf, 0x9f, 0x0,
    0xc, 0xff, 0x88, 0xd7, 0xf7, 0xb0, 0xd, 0x0,
    0xc, 0xff, 0x3c, 0x0, 0x0, 0x0, 0x0, 0x0,
    0xc, 0xff, 0x3c, 0x0, 0x0, 0x0, 0x0, 0x0,
    0xc, 0xff, 0x3c, 0x0, 0x0, 0x0, 0x0, 0x0,

    /* U+0071 "q" */
    0x0, 0x19, 0xbc, 0xf4, 0xcd, 0x89, 0xe4, 0x0,
    0xc5, 0xb3, 0x11, 0x1a, 0xff, 0xf3, 0x28, 0xff,
    0x23, 0x0, 0x0, 0x8e, 0xff, 0x4b, 0xf5, 0x0,
    0x0, 0x0, 0x60, 0xff, 0x4b, 0xf7, 0x0, 0x0,
    0x0, 0x60, 0xff, 0x26, 0xff, 0x2d, 0x0, 0x0,
    0xa2, 0xff, 0x0, 0xc1, 0xc8, 0x33, 0x38, 0xff,
    0xf2, 0x0, 0x17, 0xbc, 0xf6, 0xcd, 0x97, 0xe4,
    0x0, 0x0, 0x0, 0x0, 0x0, 0x60, 0xe4, 0x0,
    0x0, 0x0, 0x0, 0x0, 0x60, 0xe4, 0x0, 0x0,
    0x0, 0x0, 0x0, 0x60, 0xe4,

    /* U+0072 "r" */
    0x8, 0xff, 0x82, 0xea, 0x85, 0x8, 0xff, 0xf4,
    0x3d, 0x18, 0x8, 0xff, 0x6d, 0x0, 0x0, 0x8,
    0xff, 0x3d, 0x0, 0x0, 0x8, 0xff, 0x3c, 0x0,
    0x0, 0x8, 0xff, 0x3c, 0x0, 0x0, 0x8, 0xff,
    0x3c, 0x0, 0x0, 0x8, 0xff, 0x3c, 0x0, 0x0,

    /* U+0073 "s" */
    0x0, 0x30, 0xc1, 0xf5, 0xe0, 0x69, 0x0, 0x0,
    0xe2, 0x95, 0x27, 0x65, 0xfd, 0x3b, 0x9, 0xfd,
    0x48, 0x0, 0x0, 0x5d, 0x2d, 0x0, 0x86, 0xf6,
    0xaf, 0x64, 0xe, 0x0, 0x0, 0x0, 0x26, 0x72,
    0xc4, 0xe8, 0x23, 0x29, 0x85, 0x4, 0x0, 0x0,
    0xd4, 0x7c, 0x1a, 0xf6, 0x88, 0x24, 0x48, 0xf2,
    0x52, 0x0, 0x44, 0xce, 0xf8, 0xdf, 0x77, 0x0,

    /* U+0074 "t" */
    0x0, 0x94, 0xb0, 0x0, 0x0, 0x0, 0x94, 0xb0,
    0x0, 0x0, 0xf0, 0xff, 0xff, 0xff, 0x10, 0x7,
    0x9c, 0xb8, 0x8, 0x0, 0x0, 0x94, 0xb0, 0x0,
    0x0, 0x0, 0x94, 0xb0, 0x0, 0x0, 0x0, 0x94,
    0xb0, 0x0, 0x0, 0x0, 0x93, 0xb0, 0x0, 0x0,
    0x0, 0x83, 0xda, 0x31, 0x5, 0x0, 0x25, 0xd8,
    0xf5, 0x14,

    /* U+0075 "u" */
    0x10, 0xff, 0x34, 0x0, 0x0, 0x84, 0xc4, 0x10,
    0xff, 0x34, 0x0, 0x0, 0x84, 0xc4, 0x10, 0xff,
    0x34, 0x0, 0x0, 0x84, 0xc4, 0x10, 0xff, 0x34,
    0x0, 0x0, 0x84, 0xc4, 0x10, 0xff, 0x34, 0x0,
    0x0, 0xaa, 0xdf, 0x5, 0xfc, 0x3e, 0x0, 0x0,
    0xf6, 0xe7, 0x0, 0xd0, 0x97, 0x8, 0x31, 0xff,
    0xc4, 0x0, 0x37, 0xd4, 0xf9, 0xc7, 0xa0, 0xc4,

    /* U+0076 "v" */
    0x9e, 0xae, 0x0, 0x0, 0x1, 0xe8, 0x5c, 0x48,
    0xf4, 0x8, 0x0, 0x37, 0xf9, 0xf, 0x4, 0xec,
    0x4b, 0x0, 0x83, 0xb2, 0x0, 0x0, 0x9c, 0x99,
    0x0, 0xcf, 0x5d, 0x0, 0x0, 0x46, 0xe5, 0x1d,
    0xf8, 0xf, 0x0, 0x0, 0x4, 0xeb, 0x9d, 0xb3,
    0x0, 0x0, 0x0, 0x0, 0x9a, 0xff, 0x5e, 0x0,
    0x0, 0x0, 0x0, 0x43, 0xff, 0x10, 0x0, 0x0,

    /* U+0077 "w" */
    0x92, 0xae, 0x0, 0x0, 0x7a, 0xff, 0x0, 0x0,
    0x2f, 0xfc, 0x10, 0x4e, 0xeb, 0x1, 0x0, 0xb3,
    0xff, 0x2e, 0x0, 0x6b, 0xc8, 0x0, 0xd, 0xfb,
    0x2b, 0x7, 0xf1, 0xae, 0x77, 0x0, 0xa7, 0x84,
    0x0, 0x0, 0xc5, 0x69, 0x46, 0xc4, 0x51, 0xc1,
    0x0, 0xe2, 0x3f, 0x0, 0x0, 0x80, 0xa7, 0x8f,
    0x7a, 0xc, 0xf4, 0x2e, 0xf5, 0x6, 0x0, 0x0,
    0x3c, 0xe4, 0xd9, 0x30, 0x0, 0xb9, 0xaf, 0xb6,
    0x0, 0x0, 0x0, 0x4, 0xff, 0xff, 0x0, 0x0,
    0x6e, 0xff, 0x72, 0x0, 0x0, 0x0, 0x0, 0xfa,
    0xdc, 0x0, 0x0, 0x22, 0xff, 0x2e, 0x0, 0x0,

    /* U+0078 "x" */
    0x56, 0xf7, 0x1f, 0x0, 0x35, 0xfe, 0x41, 0x0,
    0xb8, 0xa6, 0x0, 0xc4, 0xa4, 0x0, 0x0, 0x24,
    0xf6, 0x8b, 0xf0, 0x17, 0x0, 0x0, 0x0, 0x7f,
    0xff, 0x6b, 0x0, 0x0, 0x0, 0x0, 0x8f, 0xff,
    0x7a, 0x0, 0x0, 0x0, 0x30, 0xf9, 0x71, 0xf6,
    0x21, 0x0, 0x2, 0xc8, 0x9b, 0x0, 0xae, 0xb6,
    0x0, 0x69, 0xf2, 0x17, 0x0, 0x23, 0xf9, 0x54,

    /* U+0079 "y" */
    0xad, 0xaf, 0x0, 0x0, 0x11, 0xfc, 0x49, 0x55,
    0xf6, 0xa, 0x0, 0x58, 0xef, 0x5, 0xa, 0xf4,
    0x51, 0x0, 0xa3, 0xa1, 0x0, 0x0, 0xa7, 0xa2,
    0x2, 0xea, 0x4d, 0x0, 0x0, 0x50, 0xee, 0x3c,
    0xf2, 0x7, 0x0, 0x0, 0x7, 0xf1, 0xc6, 0xa5,
    0x0, 0x0, 0x0, 0x0, 0xa1, 0xff, 0x51, 0x0,
    0x0, 0x0, 0x0, 0x67, 0xff, 0x9, 0x0, 0x0,
    0x0, 0x0, 0x7b, 0xa9, 0x0, 0x0, 0x0, 0x14,
    0x4f, 0xeb, 0x47, 0x0, 0x0, 0x0, 0x65, 0xf1,
    0x83, 0x0, 0x0, 0x0, 0x0,

    /* U+007A "z" */
    0x58, 0xff, 0xff, 0xff, 0xff, 0xff, 0x47, 0x9,
    0x1c, 0x1c, 0x1c, 0xaf, 0xef, 0xb, 0x0, 0x0,
    0x0, 0x45, 0xfb, 0x38, 0x0, 0x0, 0x0, 0x11,
    0xe4, 0x81, 0x0, 0x0, 0x0, 0x0, 0xa7, 0xca,
    0x4, 0x0, 0x0, 0x0, 0x5a, 0xf6, 0x27, 0x0,
    0x0, 0x0, 0x1c, 0xff, 0x87, 0x1c, 0x1c, 0x1c,
    0xd, 0x64, 0xff, 0xff, 0xff, 0xff, 0xff, 0x78,

    /* U+007B "{" */
    0x0, 0x0, 0x0, 0x32, 0x34, 0x0, 0x0, 0x59,
    0xe8, 0x40, 0x0, 0x0, 0xe1, 0x67, 0x0, 0x0,
    0xe, 0xff, 0x2f, 0x0, 0x0, 0x1c, 0xff, 0x28,
    0x0, 0x0, 0x23, 0xff, 0x21, 0x0, 0x1, 0x7b,
    0xe4, 0x3, 0x0, 0xff, 0xff, 0x6c, 0x0, 0x0,
    0x3, 0x82, 0xe2, 0x2, 0x0, 0x0, 0x26, 0xff,
    0x21, 0x0, 0x0, 0x1c, 0xff, 0x28, 0x0, 0x0,
    0x11, 0xff, 0x2f, 0x0, 0x0, 0x0, 0xe9, 0x5e,
    0x0, 0x0, 0x0, 0x72, 0xe1, 0x32, 0x0, 0x0,
    0x0, 0x54, 0x49,

    /* U+007C "|" */
    0xcc, 0x38, 0xcc, 0x38, 0xcc, 0x38, 0xcc, 0x38,
    0xcc, 0x38, 0xcc, 0x38, 0xcc, 0x38, 0xcc, 0x38,
    0xcc, 0x38, 0xcc, 0x38, 0xcc, 0x38, 0xcc, 0x38,
    0x66, 0x1c,

    /* U+007D "}" */
    0x60, 0x27, 0x0, 0x0, 0x0, 0x64, 0xf1, 0x30,
    0x0, 0x0, 0x0, 0xa6, 0xa3, 0x0, 0x0, 0x0,
    0x78, 0xcd, 0x0, 0x0, 0x0, 0x70, 0xd8, 0x0,
    0x0, 0x0, 0x68, 0xe3, 0x0, 0x0, 0x0, 0x27,
    0xf9, 0x57, 0x5, 0x0, 0x0, 0x8f, 0xff, 0x6f,
    0x0, 0x29, 0xfa, 0x4a, 0x2, 0x0, 0x68, 0xe0,
    0x0, 0x0, 0x0, 0x70, 0xd8, 0x0, 0x0, 0x0,
    0x79, 0xcc, 0x0, 0x0, 0x0, 0xae, 0xa2, 0x0,
    0x0, 0x6d, 0xf0, 0x2d, 0x0, 0x0, 0x5a, 0x21,
    0x0, 0x0, 0x0,

    /* U+007E "~" */
    0x0, 0x2f, 0xd5, 0xec, 0x65, 0x0, 0x0, 0x7c,
    0x91, 0x0, 0xce, 0x67, 0x2f, 0xe4, 0x81, 0x18,
    0xd0, 0x56, 0xb, 0xef, 0xd, 0x0, 0x27, 0xde,
    0xff, 0xb7, 0x4, 0x0, 0x0, 0x0, 0x0, 0x0,
    0x6, 0x20, 0x0, 0x0,

    /* U+00C0 "À" */
    0x0, 0x0, 0x28, 0x80, 0x14, 0x0, 0x0, 0x0,
    0x0, 0x0, 0x0, 0x1, 0xa7, 0xa7, 0x0, 0x0,
    0x0, 0x0, 0x0, 0x0, 0x0, 0x7, 0x79, 0x12,
    0x0, 0x0, 0x0, 0x0, 0x0, 0x0, 0x2c, 0xff,
    0x4f, 0x0, 0x0, 0x0, 0x0, 0x0, 0x0, 0x85,
    0xff, 0xa8, 0x0, 0x0, 0x0, 0x0, 0x0, 0x0,
    0xdc, 0x8c, 0xf5, 0xb, 0x0, 0x0, 0x0, 0x0,
    0x36, 0xf7, 0xd, 0xde, 0x5a, 0x0, 0x0, 0x0,
    0x0, 0x8e, 0xaf, 0x0, 0x8b, 0xb2, 0x0, 0x0,
    0x0, 0x1, 0xe4, 0x5b, 0x0, 0x36, 0xf9, 0x11,
    0x0, 0x0, 0x3f, 0xf8, 0xe, 0x0, 0x0, 0xe0,
    0x64, 0x0, 0x0, 0xbd, 0xff, 0xf8, 0xf8, 0xf8,
    0xff, 0xff, 0x0, 0x4, 0xf1, 0x86, 0x28, 0x28,
    0x28, 0x60, 0xff, 0x18, 0x48, 0xfa, 0x10, 0x0,
    0x0, 0x0, 0x1, 0xe2, 0x6e, 0xa0, 0xb6, 0x0,
    0x0, 0x0, 0x0, 0x0, 0x8e, 0xc7,

    /* U+00C1 "Á" */
    0x0, 0x0, 0x0, 0x0, 0x2, 0x76, 0x42, 0x0,
    0x0, 0x0, 0x0, 0x0, 0x0, 0x73, 0xc9, 0xb,
    0x0, 0x0, 0x0, 0x0, 0x0, 0x2, 0x75, 0x14,
    0x0, 0x0, 0x0, 0x0, 0x0, 0x0, 0x2c, 0xff,
    0x4f, 0x0, 0x0, 0x0, 0x0, 0x0, 0x0, 0x85,
    0xff, 0xa8, 0x0, 0x0, 0x0, 0x0, 0x0, 0x0,
    0xdc, 0x8c, 0xf5, 0xb, 0x0, 0x0, 0x0, 0x0,
    0x36, 0xf7, 0xd, 0xde, 0x5a, 0x0, 0x0, 0x0,
    0x0, 0x8e, 0xaf, 0x0, 0x8b, 0xb2, 0x0, 0x0,
    0x0, 0x1, 0xe4, 0x5b, 0x0, 0x36, 0xf9, 0x11,
    0x0, 0x0, 0x3f, 0xf8, 0xe, 0x0, 0x0, 0xe0,
    0x64, 0x0, 0x0, 0xbd, 0xff, 0xf8, 0xf8, 0xf8,
    0xff, 0xff, 0x0, 0x4, 0xf1, 0x86, 0x28, 0x28,
    0x28, 0x60, 0xff, 0x18, 0x48, 0xfa, 0x10, 0x0,
    0x0, 0x0, 0x1, 0xe2, 0x6e, 0xa0, 0xb6, 0x0,
    0x0, 0x0, 0x0, 0x0, 0x8e, 0xc7,

    /* U+00C2 "Â" */
    0x0, 0x0, 0x0, 0x7, 0x78, 0x18, 0x0, 0x0,
    0x0, 0x0, 0x0, 0x1, 0xa7, 0x9c, 0xc4, 0x9,
    0x0, 0x0, 0x0, 0x0, 0x28, 0x65, 0x0, 0x4c,
    0x3a, 0x0, 0x0, 0x0, 0x0, 0x0, 0x2c, 0xff,
    0x4f, 0x0, 0x0, 0x0, 0x0, 0x0, 0x0, 0x85,
    0xff, 0xa8, 0x0, 0x0, 0x0, 0x0, 0x0, 0x0,
    0xdc, 0x8c, 0xf5, 0xb, 0x0, 0x0, 0x0, 0x0,
    0x36, 0xf7, 0xd, 0xde, 0x5a, 0x0, 0x0, 0x0,
    0x0, 0x8e, 0xaf, 0x0, 0x8b, 0xb2, 0x0, 0x0,
    0x0, 0x1, 0xe4, 0x5b, 0x0, 0x36, 0xf9, 0x11,
    0x0, 0x0, 0x3f, 0xf8, 0xe, 0x0, 0x0, 0xe0,
    0x64, 0x0, 0x0, 0xbd, 0xff, 0xf8, 0xf8, 0xf8,
    0xff, 0xff, 0x0, 0x4, 0xf1, 0x86, 0x28, 0x28,
    0x28, 0x60, 0xff, 0x18, 0x48, 0xfa, 0x10, 0x0,
    0x0, 0x0, 0x1, 0xe2, 0x6e, 0xa0, 0xb6, 0x0,
    0x0, 0x0, 0x0, 0x0, 0x8e, 0xc7,

    /* U+00C3 "Ã" */
    0x0, 0x0, 0x0, 0x0, 0x0, 0x0, 0x3, 0x0,
    0x0, 0x0, 0x0, 0x6c, 0xe1, 0xec, 0xee, 0xc3,
    0x0, 0x0, 0x0, 0x0, 0x16, 0x1c, 0x1c, 0x17,
    0x0, 0x0, 0x0, 0x0, 0x0, 0x0, 0x2c, 0xff,
    0x4f, 0x0, 0x0, 0x0, 0x0, 0x0, 0x0, 0x85,
    0xff, 0xa8, 0x0, 0x0, 0x0, 0x0, 0x0, 0x0,
    0xdc, 0x8c, 0xf5, 0xb, 0x0, 0x0, 0x0, 0x0,
    0x36, 0xf7, 0xd, 0xde, 0x5a, 0x0, 0x0, 0x0,
    0x0, 0x8e, 0xaf, 0x0, 0x8b, 0xb2, 0x0, 0x0,
    0x0, 0x1, 0xe4, 0x5b, 0x0, 0x36, 0xf9, 0x11,
    0x0, 0x0, 0x3f, 0xf8, 0xe, 0x0, 0x0, 0xe0,
    0x64, 0x0, 0x0, 0xbd, 0xff, 0xf8, 0xf8, 0xf8,
    0xff, 0xff, 0x0, 0x4, 0xf1, 0x86, 0x28, 0x28,
    0x28, 0x60, 0xff, 0x18, 0x48, 0xfa, 0x10, 0x0,
    0x0, 0x0, 0x1, 0xe2, 0x6e, 0xa0, 0xb6, 0x0,
    0x0, 0x0, 0x0, 0x0, 0x8e, 0xc7,

    /* U+00C8 "È" */
    0x0, 0x58, 0x65, 0x0, 0x0, 0x0, 0x0, 0x0,
    0x1f, 0xe6, 0x49, 0x0, 0x0, 0x0, 0x0, 0x0,
    0x2e, 0x64, 0x0, 0x0, 0x0, 0xd8, 0xff, 0xff,
    0xff, 0xff, 0xff, 0x68, 0xd8, 0x97, 0x28, 0x28,
    0x28, 0x28, 0x10, 0xd8, 0x78, 0x0, 0x0, 0x0,
    0x0, 0x0, 0xd8, 0x78, 0x0, 0x0, 0x0, 0x0,
    0x0, 0xd8, 0x78, 0x0, 0x0, 0x0, 0x0, 0x0,
    0xd8, 0xff, 0xf8, 0xf8, 0xf8, 0xc1, 0x0, 0xd8,
    0x97, 0x28, 0x28, 0x28, 0x1f, 0x0, 0xd8, 0x78,
    0x0, 0x0, 0x0, 0x0, 0x0, 0xd8, 0x78, 0x0,
    0x0, 0x0, 0x0, 0x0, 0xd8, 0x94, 0x24, 0x24,
    0x24, 0x24, 0x11, 0xd8, 0xff, 0xff, 0xff, 0xff,
    0xff, 0x7c,

    /* U+00C9 "É" */
    0x0, 0x0, 0x0, 0x27, 0x7f, 0x15, 0x0, 0x0,
    0x0, 0x3, 0xca, 0x77, 0x0, 0x0, 0x0, 0x0,
    0x27, 0x63, 0x0, 0x0, 0x0, 0xd8, 0xff, 0xff,
    0xff, 0xff, 0xff, 0x68, 0xd8, 0x97, 0x28, 0x28,
    0x28, 0x28, 0x10, 0xd8, 0x78, 0x0, 0x0, 0x0,
    0x0, 0x0, 0xd8, 0x78, 0x0, 0x0, 0x0, 0x0,
    0x0, 0xd8, 0x78, 0x0, 0x0, 0x0, 0x0, 0x0,
    0xd8, 0xff, 0xf8, 0xf8, 0xf8, 0xc1, 0x0, 0xd8,
    0x97, 0x28, 0x28, 0x28, 0x1f, 0x0, 0xd8, 0x78,
    0x0, 0x0, 0x0, 0x0, 0x0, 0xd8, 0x78, 0x0,
    0x0, 0x0, 0x0, 0x0, 0xd8, 0x94, 0x24, 0x24,
    0x24, 0x24, 0x11, 0xd8, 0xff, 0xff, 0xff, 0xff,
    0xff, 0x7c,

    /* U+00CA "Ê" */
    0x0, 0x0, 0x30, 0x68, 0x0, 0x0, 0x0, 0x0,
    0x1f, 0xd4, 0xab, 0x75, 0x0, 0x0, 0x0, 0x56,
    0x37, 0x4, 0x74, 0xe, 0x0, 0xd8, 0xff, 0xff,
    0xff, 0xff, 0xff, 0x68, 0xd8, 0x97, 0x28, 0x28,
    0x28, 0x28, 0x10, 0xd8, 0x78, 0x0, 0x0, 0x0,
    0x0, 0x0, 0xd8, 0x78, 0x0, 0x0, 0x0, 0x0,
    0x0, 0xd8, 0x78, 0x0, 0x0, 0x0, 0x0, 0x0,
    0xd8, 0xff, 0xf8, 0xf8, 0xf8, 0xc1, 0x0, 0xd8,
    0x97, 0x28, 0x28, 0x28, 0x1f, 0x0, 0xd8, 0x78,
    0x0, 0x0, 0x0, 0x0, 0x0, 0xd8, 0x78, 0x0,
    0x0, 0x0, 0x0, 0x0, 0xd8, 0x94, 0x24, 0x24,
    0x24, 0x24, 0x11, 0xd8, 0xff, 0xff, 0xff, 0xff,
    0xff, 0x7c,

    /* U+00CC "Ì" */
    0x7, 0x79, 0x3c, 0x0, 0x0, 0x59, 0xe5, 0x10,
    0x0, 0x0, 0x58, 0x3a, 0x0, 0x0, 0xc0, 0x94,
    0x0, 0x0, 0xc0, 0x94, 0x0, 0x0, 0xc0, 0x94,
    0x0, 0x0, 0xc0, 0x94, 0x0, 0x0, 0xc0, 0x94,
    0x0, 0x0, 0xc0, 0x94, 0x0, 0x0, 0xc0, 0x94,
    0x0, 0x0, 0xc0, 0x94, 0x0, 0x0, 0xc0, 0x94,
    0x0, 0x0, 0xc0, 0x94, 0x0, 0x0, 0xc0, 0x94,

    /* U+00CD "Í" */
    0x0, 0x51, 0x6a, 0x0, 0x29, 0xeb, 0x33, 0x0,
    0x51, 0x3b, 0x0, 0x0, 0xc0, 0x94, 0x0, 0x0,
    0xc0, 0x94, 0x0, 0x0, 0xc0, 0x94, 0x0, 0x0,
    0xc0, 0x94, 0x0, 0x0, 0xc0, 0x94, 0x0, 0x0,
    0xc0, 0x94, 0x0, 0x0, 0xc0, 0x94, 0x0, 0x0,
    0xc0, 0x94, 0x0, 0x0, 0xc0, 0x94, 0x0, 0x0,
    0xc0, 0x94, 0x0, 0x0, 0xc0, 0x94, 0x0, 0x0,

    /* U+00D2 "Ò" */
    0x0, 0x0, 0xc, 0x7d, 0x32, 0x0, 0x0, 0x0,
    0x0, 0x0, 0x0, 0x0, 0x6a, 0xda, 0x9, 0x0,
    0x0, 0x0, 0x0, 0x0, 0x0, 0x0, 0x60, 0x30,
    0x0, 0x0, 0x0, 0x0, 0x0, 0x31, 0xbc, 0xf6,
    0xea, 0x94, 0xd, 0x0, 0x0, 0x2b, 0xf3, 0xa7,
    0x3c, 0x4e, 0xdc, 0xc0, 0x2, 0x0, 0xb2, 0xbc,
    0x0, 0x0, 0x0, 0x1e, 0xfa, 0x53, 0x7, 0xfa,
    0x56, 0x0, 0x0, 0x0, 0x0, 0xb3, 0xa1, 0x25,
    0xff, 0x31, 0x0, 0x0, 0x0, 0x0, 0x8f, 0xc5,
    0x2f, 0xff, 0x20, 0x0, 0x0, 0x0, 0x0, 0x7c,
    0xcf, 0x25, 0xff, 0x32, 0x0, 0x0, 0x0, 0x0,
    0x8f, 0xc5, 0x7, 0xf9, 0x56, 0x0, 0x0, 0x0,
    0x0, 0xb2, 0xa2, 0x0, 0xb0, 0xbd, 0x0, 0x0,
    0x0, 0x1a, 0xf9, 0x56, 0x0, 0x2a, 0xf3, 0xa6,
    0x38, 0x49, 0xd7, 0xc6, 0x3, 0x0, 0x0, 0x33,
    0xbf, 0xf6, 0xec, 0x9a, 0x10, 0x0,

    /* U+00D3 "Ó" */
    0x0, 0x0, 0x0, 0x0, 0x0, 0x59, 0x60, 0x0,
    0x0, 0x0, 0x0, 0x0, 0x0, 0x35, 0xe7, 0x26,
    0x0, 0x0, 0x0, 0x0, 0x0, 0x0, 0x59, 0x31,
    0x0, 0x0, 0x0, 0x0, 0x0, 0x31, 0xbc, 0xf6,
    0xea, 0x94, 0xd, 0x0, 0x0, 0x2b, 0xf3, 0xa7,
    0x3c, 0x4e, 0xdc, 0xc0, 0x2, 0x0, 0xb2, 0xbc,
    0x0, 0x0, 0x0, 0x1e, 0xfa, 0x53, 0x7, 0xfa,
    0x56, 0x0, 0x0, 0x0, 0x0, 0xb3, 0xa1, 0x25,
    0xff, 0x31, 0x0, 0x0, 0x0, 0x0, 0x8f, 0xc5,
    0x2f, 0xff, 0x20, 0x0, 0x0, 0x0, 0x0, 0x7c,
    0xcf, 0x25, 0xff, 0x32, 0x0, 0x0, 0x0, 0x0,
    0x8f, 0xc5, 0x7, 0xf9, 0x56, 0x0, 0x0, 0x0,
    0x0, 0xb2, 0xa2, 0x0, 0xb0, 0xbd, 0x0, 0x0,
    0x0, 0x1a, 0xf9, 0x56, 0x0, 0x2a, 0xf3, 0xa6,
    0x38, 0x49, 0xd7, 0xc6, 0x3, 0x0, 0x0, 0x33,
    0xbf, 0xf6, 0xec, 0x9a, 0x10, 0x0,

    /* U+00D4 "Ô" */
    0x0, 0x0, 0x0, 0x0, 0x62, 0x36, 0x0, 0x0,
    0x0, 0x0, 0x0, 0x0, 0x6a, 0xb2, 0xd1, 0x23,
    0x0, 0x0, 0x0, 0x0, 0xb, 0x77, 0x8, 0x2e,
    0x58, 0x0, 0x0, 0x0, 0x0, 0x31, 0xbc, 0xf6,
    0xea, 0x94, 0xd, 0x0, 0x0, 0x2b, 0xf3, 0xa7,
    0x3c, 0x4e, 0xdc, 0xc0, 0x2, 0x0, 0xb2, 0xbc,
    0x0, 0x0, 0x0, 0x1e, 0xfa, 0x53, 0x7, 0xfa,
    0x56, 0x0, 0x0, 0x0, 0x0, 0xb3, 0xa1, 0x25,
    0xff, 0x31, 0x0, 0x0, 0x0, 0x0, 0x8f, 0xc5,
    0x2f, 0xff, 0x20, 0x0, 0x0, 0x0, 0x0, 0x7c,
    0xcf, 0x25, 0xff, 0x32, 0x0, 0x0, 0x0, 0x0,
    0x8f, 0xc5, 0x7, 0xf9, 0x56, 0x0, 0x0, 0x0,
    0x0, 0xb2, 0xa2, 0x0, 0xb0, 0xbd, 0x0, 0x0,
    0x0, 0x1a, 0xf9, 0x56, 0x0, 0x2a, 0xf3, 0xa6,
    0x38, 0x49, 0xd7, 0xc6, 0x3, 0x0, 0x0, 0x33,
    0xbf, 0xf6, 0xec, 0x9a, 0x10, 0x0,

    /* U+00D5 "Õ" */
    0x0, 0x0, 0x0, 0x0, 0x0, 0x0, 0x3, 0x0,
    0x0, 0x0, 0x0, 0x3f, 0xd7, 0xec, 0xec, 0xe6,
    0x19, 0x0, 0x0, 0x0, 0xf, 0x1c, 0x1c, 0x1b,
    0x4, 0x0, 0x0, 0x0, 0x0, 0x31, 0xbc, 0xf6,
    0xea, 0x94, 0xd, 0x0, 0x0, 0x2b, 0xf3, 0xa7,
    0x3c, 0x4e, 0xdc, 0xc0, 0x2, 0x0, 0xb2, 0xbc,
    0x0, 0x0, 0x0, 0x1e, 0xfa, 0x53, 0x7, 0xfa,
    0x56, 0x0, 0x0, 0x0, 0x0, 0xb3, 0xa1, 0x25,
    0xff, 0x31, 0x0, 0x0, 0x0, 0x0, 0x8f, 0xc5,
    0x2f, 0xff, 0x20, 0x0, 0x0, 0x0, 0x0, 0x7c,
    0xcf, 0x25, 0xff, 0x32, 0x0, 0x0, 0x0, 0x0,
    0x8f, 0xc5, 0x7, 0xf9, 0x56, 0x0, 0x0, 0x0,
    0x0, 0xb2, 0xa2, 0x0, 0xb0, 0xbd, 0x0, 0x0,
    0x0, 0x1a, 0xf9, 0x56, 0x0, 0x2a, 0xf3, 0xa6,
    0x38, 0x49, 0xd7, 0xc6, 0x3, 0x0, 0x0, 0x33,
    0xbf, 0xf6, 0xec, 0x9a, 0x10, 0x0,

    /* U+00D9 "Ù" */
    0x0, 0x0, 0x2e, 0x7f, 0xf, 0x0, 0x0, 0x0,
    0x0, 0x0, 0x0, 0x2, 0xaf, 0x9d, 0x0, 0x0,
    0x0, 0x0, 0x0, 0x0, 0x0, 0x9, 0x7a, 0xf,
    0x0, 0x0, 0x0, 0xc, 0xff, 0x44, 0x0, 0x0,
    0x0, 0x28, 0xff, 0x28, 0xc, 0xff, 0x44, 0x0,
    0x0, 0x0, 0x28, 0xff, 0x28, 0xc, 0xff, 0x44,
    0x0, 0x0, 0x0, 0x28, 0xff, 0x28, 0xc, 0xff,
    0x44, 0x0, 0x0, 0x0, 0x28, 0xff, 0x28, 0xc,
    0xff, 0x44, 0x0, 0x0, 0x0, 0x28, 0xff, 0x28,
    0xc, 0xff, 0x44, 0x0, 0x0, 0x0, 0x28, 0xff,
    0x28, 0xc, 0xff, 0x44, 0x0, 0x0, 0x0, 0x28,
    0xff, 0x28, 0x6, 0xff, 0x48, 0x0, 0x0, 0x0,
    0x2c, 0xff, 0x21, 0x0, 0xe3, 0x77, 0x0, 0x0,
    0x0, 0x5b, 0xf5, 0x7, 0x0, 0x75, 0xf2, 0x61,
    0x2a, 0x53, 0xe6, 0x89, 0x0, 0x0, 0x1, 0x71,
    0xda, 0xf9, 0xde, 0x7b, 0x3, 0x0,

    /* U+00DA "Ú" */
    0x0, 0x0, 0x0, 0x0, 0x4, 0x79, 0x3e, 0x0,
    0x0, 0x0, 0x0, 0x0, 0x0, 0x7b, 0xc2, 0x9,
    0x0, 0x0, 0x0, 0x0, 0x0, 0x3, 0x76, 0xf,
    0x0, 0x0, 0x0, 0xc, 0xff, 0x44, 0x0, 0x0,
    0x0, 0x28, 0xff, 0x28, 0xc, 0xff, 0x44, 0x0,
    0x0, 0x0, 0x28, 0xff, 0x28, 0xc, 0xff, 0x44,
    0x0, 0x0, 0x0, 0x28, 0xff, 0x28, 0xc, 0xff,
    0x44, 0x0, 0x0, 0x0, 0x28, 0xff, 0x28, 0xc,
    0xff, 0x44, 0x0, 0x0, 0x0, 0x28, 0xff, 0x28,
    0xc, 0xff, 0x44, 0x0, 0x0, 0x0, 0x28, 0xff,
    0x28, 0xc, 0xff, 0x44, 0x0, 0x0, 0x0, 0x28,
    0xff, 0x28, 0x6, 0xff, 0x48, 0x0, 0x0, 0x0,
    0x2c, 0xff, 0x21, 0x0, 0xe3, 0x77, 0x0, 0x0,
    0x0, 0x5b, 0xf5, 0x7, 0x0, 0x75, 0xf2, 0x61,
    0x2a, 0x53, 0xe6, 0x89, 0x0, 0x0, 0x1, 0x71,
    0xda, 0xf9, 0xde, 0x7b, 0x3, 0x0,

    /* U+00DD "Ý" */
    0x0, 0x0, 0x0, 0x0, 0x27, 0x7f, 0x13, 0x0,
    0x0, 0x0, 0x0, 0x0, 0x3, 0xca, 0x75, 0x0,
    0x0, 0x0, 0x0, 0x0, 0x0, 0x27, 0x63, 0x0,
    0x0, 0x0, 0x0, 0xa5, 0xd5, 0x1, 0x0, 0x0,
    0x0, 0x74, 0xf3, 0x14, 0x28, 0xfd, 0x50, 0x0,
    0x0, 0x6, 0xe5, 0x88, 0x0, 0x0, 0xa6, 0xc8,
    0x0, 0x0, 0x63, 0xf4, 0x15, 0x0, 0x0, 0x29,
    0xfd, 0x41, 0x2, 0xd8, 0x8a, 0x0, 0x0, 0x0,
    0x0, 0xa8, 0xb9, 0x53, 0xf5, 0x16, 0x0, 0x0,
    0x0, 0x0, 0x2b, 0xfd, 0xe0, 0x8c, 0x0, 0x0,
    0x0, 0x0, 0x0, 0x0, 0xaa, 0xf7, 0x17, 0x0,
    0x0, 0x0, 0x0, 0x0, 0x0, 0x78, 0xdc, 0x0,
    0x0, 0x0, 0x0, 0x0, 0x0, 0x0, 0x78, 0xdc,
    0x0, 0x0, 0x0, 0x0, 0x0, 0x0, 0x0, 0x78,
    0xdc, 0x0, 0x0, 0x0, 0x0, 0x0, 0x0, 0x0,
    0x78, 0xdc, 0x0, 0x0, 0x0, 0x0,

    /* U+00E0 "à" */
    0x0, 0x3, 0xb5, 0xb2, 0x0, 0x0, 0x0, 0x0,
    0x0, 0xc, 0xce, 0x5a, 0x0, 0x0, 0x0, 0x0,
    0x0, 0x3, 0x5, 0x0, 0x0, 0x0, 0x27, 0xb6,
    0xf1, 0xeb, 0x8c, 0x2, 0x0, 0xdd, 0x9d, 0x23,
    0x4b, 0xf3, 0x5f, 0x3, 0x34, 0xa, 0x0, 0x0,
    0xb5, 0x93, 0x0, 0x2c, 0xb0, 0xe4, 0xf0, 0xff,
    0x98, 0x9, 0xe6, 0x80, 0xe, 0x0, 0xac, 0x98,
    0x33, 0xff, 0x11, 0x0, 0x0, 0xff, 0x98, 0x16,
    0xf9, 0x91, 0x36, 0x88, 0xff, 0x9e, 0x0, 0x4a,
    0xe0, 0xf0, 0xa3, 0x8d, 0xa8,

    /* U+00E1 "á" */
    0x0, 0x0, 0x0, 0x0, 0xb7, 0xaa, 0x2, 0x0,
    0x0, 0x0, 0x5f, 0xbf, 0x7, 0x0, 0x0, 0x0,
    0x0, 0x5, 0x2, 0x0, 0x0, 0x0, 0x27, 0xb6,
    0xf1, 0xeb, 0x8c, 0x2, 0x0, 0xdd, 0x9d, 0x23,
    0x4b, 0xf3, 0x5f, 0x3, 0x34, 0xa, 0x0, 0x0,
    0xb5, 0x93, 0x0, 0x2c, 0xb0, 0xe4, 0xf0, 0xff,
    0x98, 0x9, 0xe6, 0x80, 0xe, 0x0, 0xac, 0x98,
    0x33, 0xff, 0x11, 0x0, 0x0, 0xff, 0x98, 0x16,
    0xf9, 0x91, 0x36, 0x88, 0xff, 0x9e, 0x0, 0x4a,
    0xe0, 0xf0, 0xa3, 0x8d, 0xa8,

    /* U+00E2 "â" */
    0x0, 0x0, 0xd, 0xc8, 0xbf, 0x8, 0x0, 0x0,
    0x2, 0xa9, 0x57, 0x61, 0x99, 0x0, 0x0, 0x0,
    0x0, 0x0, 0x0, 0x0, 0x0, 0x0, 0x27, 0xb6,
    0xf1, 0xeb, 0x8c, 0x2, 0x0, 0xdd, 0x9d, 0x23,
    0x4b, 0xf3, 0x5f, 0x3, 0x34, 0xa, 0x0, 0x0,
    0xb5, 0x93, 0x0, 0x2c, 0xb0, 0xe4, 0xf0, 0xff,
    0x98, 0x9, 0xe6, 0x80, 0xe, 0x0, 0xac, 0x98,
    0x33, 0xff, 0x11, 0x0, 0x0, 0xff, 0x98, 0x16,
    0xf9, 0x91, 0x36, 0x88, 0xff, 0x9e, 0x0, 0x4a,
    0xe0, 0xf0, 0xa3, 0x8d, 0xa8,

    /* U+00E3 "ã" */
    0x0, 0x0, 0x0, 0x0, 0x0, 0xc, 0x5, 0x0,
    0xa, 0xc9, 0xc9, 0x1a, 0x9f, 0x4f, 0x0, 0x55,
    0x9e, 0x3c, 0xe7, 0xd9, 0xc, 0x0, 0xc, 0xc,
    0x0, 0x7, 0x6, 0x0, 0x0, 0x27, 0xb6, 0xf1,
    0xeb, 0x8c, 0x2, 0x0, 0xdd, 0x9d, 0x23, 0x4b,
    0xf3, 0x5f, 0x3, 0x34, 0xa, 0x0, 0x0, 0xb5,
    0x93, 0x0, 0x2c, 0xb0, 0xe4, 0xf0, 0xff, 0x98,
    0x9, 0xe6, 0x80, 0xe, 0x0, 0xac, 0x98, 0x33,
    0xff, 0x11, 0x0, 0x0, 0xff, 0x98, 0x16, 0xf9,
    0x91, 0x36, 0x88, 0xff, 0x9e, 0x0, 0x4a, 0xe0,
    0xf0, 0xa3, 0x8d, 0xa8,

    /* U+00E8 "è" */
    0x0, 0xa, 0xca, 0x96, 0x0, 0x0, 0x0, 0x0,
    0x0, 0x17, 0xdd, 0x3d, 0x0, 0x0, 0x0, 0x0,
    0x0, 0x4, 0x4, 0x0, 0x0, 0x0, 0xd, 0xa0,
    0xf3, 0xec, 0x82, 0x2, 0x0, 0xa4, 0xc6, 0x2f,
    0x3a, 0xe8, 0x6b, 0x23, 0xfe, 0x2b, 0x0, 0x0,
    0x77, 0xc5, 0x52, 0xff, 0xf4, 0xf4, 0xf4, 0xf8,
    0xe2, 0x51, 0xff, 0x24, 0x24, 0x24, 0x24, 0x20,
    0x27, 0xff, 0x2b, 0x0, 0x0, 0x4, 0xa, 0x0,
    0xb4, 0xd0, 0x3b, 0x28, 0xac, 0x93, 0x0, 0xe,
    0x9b, 0xf1, 0xeb, 0xa2, 0x12,

    /* U+00E9 "é" */
    0x0, 0x0, 0x0, 0x5, 0xd1, 0x90, 0x0, 0x0,
    0x0, 0x0, 0x7c, 0xa8, 0x1, 0x0, 0x0, 0x0,
    0x0, 0x6, 0x1, 0x0, 0x0, 0x0, 0xd, 0xa0,
    0xf3, 0xec, 0x82, 0x2, 0x0, 0xa4, 0xc6, 0x2f,
    0x3a, 0xe8, 0x6b, 0x23, 0xfe, 0x2b, 0x0, 0x0,
    0x77, 0xc5, 0x52, 0xff, 0xf4, 0xf4, 0xf4, 0xf8,
    0xe2, 0x51, 0xff, 0x24, 0x24, 0x24, 0x24, 0x20,
    0x27, 0xff, 0x2b, 0x0, 0x0, 0x4, 0xa, 0x0,
    0xb4, 0xd0, 0x3b, 0x28, 0xac, 0x93, 0x0, 0xe,
    0x9b, 0xf1, 0xeb, 0xa2, 0x12,

    /* U+00EA "ê" */
    0x0, 0x0, 0x19, 0xd4, 0xad, 0x2, 0x0, 0x0,
    0x8, 0xb9, 0x3f, 0x7c, 0x7d, 0x0, 0x0, 0x0,
    0x0, 0x0, 0x0, 0x0, 0x0, 0x0, 0xd, 0xa0,
    0xf3, 0xec, 0x82, 0x2, 0x0, 0xa4, 0xc6, 0x2f,
    0x3a, 0xe8, 0x6b, 0x23, 0xfe, 0x2b, 0x0, 0x0,
    0x77, 0xc5, 0x52, 0xff, 0xf4, 0xf4, 0xf4, 0xf8,
    0xe2, 0x51, 0xff, 0x24, 0x24, 0x24, 0x24, 0x20,
    0x27, 0xff, 0x2b, 0x0, 0x0, 0x4, 0xa, 0x0,
    0xb4, 0xd0, 0x3b, 0x28, 0xac, 0x93, 0x0, 0xe,
    0x9b, 0xf1, 0xeb, 0xa2, 0x12,

    /* U+00EC "ì" */
    0x17, 0xdd, 0x75, 0x0, 0x0, 0x24, 0xd9, 0x24,
    0x0, 0x0, 0x0, 0x0, 0x0, 0x0, 0xf0, 0x54,
    0x0, 0x0, 0xf0, 0x54, 0x0, 0x0, 0xf0, 0x54,
    0x0, 0x0, 0xf0, 0x54, 0x0, 0x0, 0xf0, 0x54,
    0x0, 0x0, 0xf0, 0x54, 0x0, 0x0, 0xf0, 0x54,
    0x0, 0x0, 0xf0, 0x54,

    /* U+00ED "í" */
    0x13, 0xe7, 0x68, 0x9d, 0x78, 0x0, 0x0, 0x0,
    0x0, 0xf0, 0x54, 0x0, 0xf0, 0x54, 0x0, 0xf0,
    0x54, 0x0, 0xf0, 0x54, 0x0, 0xf0, 0x54, 0x0,
    0xf0, 0x54, 0x0, 0xf0, 0x54, 0x0, 0xf0, 0x54,
    0x0,

    /* U+00F2 "ò" */
    0x0, 0x6, 0xbe, 0xa7, 0x0, 0x0, 0x0, 0x0,
    0x0, 0x0, 0x10, 0xd5, 0x4e, 0x0, 0x0, 0x0,
    0x0, 0x0, 0x0, 0x3, 0x5, 0x0, 0x0, 0x0,
    0x0, 0xe, 0x9f, 0xf1, 0xf0, 0x9d, 0xd, 0x0,
    0x0, 0xaa, 0xd0, 0x38, 0x3a, 0xd2, 0xa6, 0x0,
    0x22, 0xff, 0x2d, 0x0, 0x0, 0x34, 0xfe, 0x1f,
    0x4f, 0xf0, 0x0, 0x0, 0x0, 0x0, 0xf5, 0x4b,
    0x4f, 0xef, 0x0, 0x0, 0x0, 0x0, 0xf5, 0x4b,
    0x23, 0xff, 0x2b, 0x0, 0x0, 0x32, 0xfe, 0x1f,
    0x0, 0xac, 0xcd, 0x36, 0x37, 0xcf, 0xa8, 0x0,
    0x0, 0xa, 0x9b, 0xf2, 0xf1, 0x99, 0x9, 0x0,

    /* U+00F3 "ó" */
    0x0, 0x0, 0x0, 0x1, 0xc2, 0x9f, 0x0, 0x0,
    0x0, 0x0, 0x0, 0x6b, 0xb5, 0x4, 0x0, 0x0,
    0x0, 0x0, 0x0, 0x6, 0x2, 0x0, 0x0, 0x0,
    0x0, 0xe, 0x9f, 0xf1, 0xf0, 0x9d, 0xd, 0x0,
    0x0, 0xaa, 0xd0, 0x38, 0x3a, 0xd2, 0xa6, 0x0,
    0x22, 0xff, 0x2d, 0x0, 0x0, 0x34, 0xfe, 0x1f,
    0x4f, 0xf0, 0x0, 0x0, 0x0, 0x0, 0xf5, 0x4b,
    0x4f, 0xef, 0x0, 0x0, 0x0, 0x0, 0xf5, 0x4b,
    0x23, 0xff, 0x2b, 0x0, 0x0, 0x32, 0xfe, 0x1f,
    0x0, 0xac, 0xcd, 0x36, 0x37, 0xcf, 0xa8, 0x0,
    0x0, 0xa, 0x9b, 0xf2, 0xf1, 0x99, 0x9, 0x0,

    /* U+00F4 "ô" */
    0x0, 0x0, 0x12, 0xcd, 0xb8, 0x5, 0x0, 0x0,
    0x0, 0x4, 0xb1, 0x4d, 0x6c, 0x8e, 0x0, 0x0,
    0x0, 0x0, 0x0, 0x0, 0x0, 0x0, 0x0, 0x0,
    0x0, 0xe, 0x9f, 0xf1, 0xf0, 0x9d, 0xd, 0x0,
    0x0, 0xaa, 0xd0, 0x38, 0x3a, 0xd2, 0xa6, 0x0,
    0x22, 0xff, 0x2d, 0x0, 0x0, 0x34, 0xfe, 0x1f,
    0x4f, 0xf0, 0x0, 0x0, 0x0, 0x0, 0xf5, 0x4b,
    0x4f, 0xef, 0x0, 0x0, 0x0, 0x0, 0xf5, 0x4b,
    0x23, 0xff, 0x2b, 0x0, 0x0, 0x32, 0xfe, 0x1f,
    0x0, 0xac, 0xcd, 0x36, 0x37, 0xcf, 0xa8, 0x0,
    0x0, 0xa, 0x9b, 0xf2, 0xf1, 0x99, 0x9, 0x0,

    /* U+00F5 "õ" */
    0x0, 0x0, 0x0, 0x0, 0x0, 0xd, 0x4, 0x0,
    0x0, 0xe, 0xd1, 0xc2, 0x15, 0xab, 0x43, 0x0,
    0x0, 0x61, 0x93, 0x44, 0xec, 0xd2, 0x8, 0x0,
    0x0, 0xd, 0xa, 0x0, 0x8, 0x5, 0x0, 0x0,
    0x0, 0xe, 0x9f, 0xf1, 0xf0, 0x9d, 0xd, 0x0,
    0x0, 0xaa, 0xd0, 0x38, 0x3a, 0xd2, 0xa6, 0x0,
    0x22, 0xff, 0x2d, 0x0, 0x0, 0x34, 0xfe, 0x1f,
    0x4f, 0xf0, 0x0, 0x0, 0x0, 0x0, 0xf5, 0x4b,
    0x4f, 0xef, 0x0, 0x0, 0x0, 0x0, 0xf5, 0x4b,
    0x23, 0xff, 0x2b, 0x0, 0x0, 0x32, 0xfe, 0x1f,
    0x0, 0xac, 0xcd, 0x36, 0x37, 0xcf, 0xa8, 0x0,
    0x0, 0xa, 0x9b, 0xf2, 0xf1, 0x99, 0x9, 0x0,

    /* U+00F9 "ù" */
    0x0, 0x9, 0xc4, 0x9d, 0x0, 0x0, 0x0, 0x0,
    0x0, 0x12, 0xd0, 0x43, 0x0, 0x0, 0x0, 0x0,
    0x0, 0x0, 0x0, 0x0, 0x0, 0x10, 0xff, 0x34,
    0x0, 0x0, 0x84, 0xc4, 0x10, 0xff, 0x34, 0x0,
    0x0, 0x84, 0xc4, 0x10, 0xff, 0x34, 0x0, 0x0,
    0x84, 0xc4, 0x10, 0xff, 0x34, 0x0, 0x0, 0x84,
    0xc4, 0x10, 0xff, 0x34, 0x0, 0x0, 0xaa, 0xdf,
    0x5, 0xfc, 0x3e, 0x0, 0x0, 0xf6, 0xe7, 0x0,
    0xd0, 0x97, 0x8, 0x31, 0xff, 0xc4, 0x0, 0x37,
    0xd4, 0xf9, 0xc7, 0xa0, 0xc4,

    /* U+00FA "ú" */
    0x0, 0x0, 0x0, 0x6, 0xd1, 0x90, 0x0, 0x0,
    0x0, 0x0, 0x7b, 0x9d, 0x1, 0x0, 0x0, 0x0,
    0x0, 0x0, 0x0, 0x0, 0x0, 0x10, 0xff, 0x34,
    0x0, 0x0, 0x84, 0xc4, 0x10, 0xff, 0x34, 0x0,
    0x0, 0x84, 0xc4, 0x10, 0xff, 0x34, 0x0, 0x0,
    0x84, 0xc4, 0x10, 0xff, 0x34, 0x0, 0x0, 0x84,
    0xc4, 0x10, 0xff, 0x34, 0x0, 0x0, 0xaa, 0xdf,
    0x5, 0xfc, 0x3e, 0x0, 0x0, 0xf6, 0xe7, 0x0,
    0xd0, 0x97, 0x8, 0x31, 0xff, 0xc4, 0x0, 0x37,
    0xd4, 0xf9, 0xc7, 0xa0, 0xc4,

    /* U+00FD "ý" */
    0x0, 0x0, 0x0, 0x3d, 0xf0, 0x35, 0x0, 0x0,
    0x0, 0x8, 0xcb, 0x40, 0x0, 0x0, 0x0, 0x0,
    0x0, 0x0, 0x0, 0x0, 0x0, 0xad, 0xaf, 0x0,
    0x0, 0x11, 0xfc, 0x49, 0x55, 0xf6, 0xa, 0x0,
    0x58, 0xef, 0x5, 0xa, 0xf4, 0x51, 0x0, 0xa3,
    0xa1, 0x0, 0x0, 0xa7, 0xa2, 0x2, 0xea, 0x4d,
    0x0, 0x0, 0x50, 0xee, 0x3c, 0xf2, 0x7, 0x0,
    0x0, 0x7, 0xf1, 0xc6, 0xa5, 0x0, 0x0, 0x0,
    0x0, 0xa1, 0xff, 0x51, 0x0, 0x0, 0x0, 0x0,
    0x67, 0xff, 0x9, 0x0, 0x0, 0x0, 0x0, 0x7b,
    0xa9, 0x0, 0x0, 0x0, 0x14, 0x4f, 0xeb, 0x47,
    0x0, 0x0, 0x0, 0x65, 0xf1, 0x83, 0x0, 0x0,
    0x0, 0x0,

    /* U+0102 "Ă" */
    0x0, 0x0, 0x5a, 0xc1, 0x1, 0x94, 0x83, 0x0,
    0x0, 0x0, 0x0, 0x5, 0x9e, 0xd7, 0xae, 0x12,
    0x0, 0x0, 0x0, 0x0, 0x0, 0x2c, 0xff, 0x4f,
    0x0, 0x0, 0x0, 0x0, 0x0, 0x0, 0x85, 0xff,
    0xa8, 0x0, 0x0, 0x0, 0x0, 0x0, 0x0, 0xdc,
    0x8c, 0xf5, 0xb, 0x0, 0x0, 0x0, 0x0, 0x36,
    0xf7, 0xd, 0xde, 0x5a, 0x0, 0x0, 0x0, 0x0,
    0x8e, 0xaf, 0x0, 0x8b, 0xb2, 0x0, 0x0, 0x0,
    0x1, 0xe4, 0x5b, 0x0, 0x36, 0xf9, 0x11, 0x0,
    0x0, 0x3f, 0xf8, 0xe, 0x0, 0x0, 0xe0, 0x64,
    0x0, 0x0, 0xbd, 0xff, 0xf8, 0xf8, 0xf8, 0xff,
    0xff, 0x0, 0x4, 0xf1, 0x86, 0x28, 0x28, 0x28,
    0x60, 0xff, 0x18, 0x48, 0xfa, 0x10, 0x0, 0x0,
    0x0, 0x1, 0xe2, 0x6e, 0xa0, 0xb6, 0x0, 0x0,
    0x0, 0x0, 0x0, 0x8e, 0xc7,

    /* U+0103 "ă" */
    0x0, 0x3, 0xf2, 0x23, 0x2e, 0xe3, 0x0, 0x0,
    0x0, 0x55, 0xd2, 0xcb, 0x48, 0x0, 0x0, 0x0,
    0x0, 0x0, 0x0, 0x0, 0x0, 0x0, 0x29, 0xb7,
    0xf1, 0xeb, 0x8c, 0x2, 0x1, 0xdd, 0x9b, 0x23,
    0x4b, 0xf3, 0x5f, 0x3, 0x30, 0x9, 0x0, 0x0,
    0xb5, 0x93, 0x0, 0x2c, 0xb0, 0xe4, 0xf0, 0xff,
    0x98, 0x9, 0xe6, 0x80, 0xe, 0x0, 0xac, 0x98,
    0x33, 0xff, 0x11, 0x0, 0x0, 0xff, 0x98, 0x16,
    0xf9, 0x91, 0x36, 0x88, 0xff, 0x9e, 0x0, 0x4a,
    0xe0, 0xf0, 0xa3, 0x8d, 0xa8,

    /* U+0110 "Đ" */
    0x0, 0xb4, 0xff, 0xff, 0xf7, 0xc8, 0x4e, 0x0,
    0x0, 0x0, 0xa6, 0xd8, 0x28, 0x30, 0x7d, 0xfb,
    0x62, 0x0, 0x0, 0xa4, 0xb0, 0x0, 0x0, 0x0,
    0x6c, 0xf3, 0x10, 0x0, 0xa4, 0xb0, 0x0, 0x0,
    0x0, 0x8, 0xf4, 0x5b, 0x0, 0xa4, 0xb0, 0x0,
    0x0, 0x0, 0x0, 0xd2, 0x83, 0xb7, 0xff, 0xff,
    0xf4, 0x94, 0x0, 0x0, 0xbc, 0x8f, 0x1b, 0xc8,
    0xd4, 0x24, 0x15, 0x0, 0x0, 0xc9, 0x83, 0x0,
    0xa4, 0xb0, 0x0, 0x0, 0x0, 0x5, 0xf2, 0x5c,
    0x0, 0xa4, 0xb0, 0x0, 0x0, 0x0, 0x69, 0xf4,
    0x11, 0x0, 0xa4, 0xd4, 0x24, 0x32, 0x7e, 0xfa,
    0x65, 0x0, 0x0, 0xaa, 0xff, 0xff, 0xf5, 0xc4,
    0x4c, 0x0, 0x0,

    /* U+0111 "đ" */
    0x0, 0x0, 0x0, 0x0, 0x0, 0x60, 0xe4, 0x0,
    0x0, 0x0, 0x0, 0x0, 0x29, 0xf4, 0xff, 0xff,
    0xf4, 0x2d, 0x0, 0x0, 0x0, 0x6, 0x24, 0x84,
    0xff, 0x24, 0x6, 0x0, 0x17, 0xba, 0xf8, 0xd0,
    0x8d, 0xe4, 0x0, 0x0, 0x0, 0xbf, 0xcb, 0x3b,
    0x49, 0xff, 0xea, 0x0, 0x0, 0x24, 0xff, 0x2e,
    0x0, 0x0, 0xad, 0xff, 0x0, 0x0, 0x49, 0xf8,
    0x0, 0x0, 0x0, 0x6d, 0xff, 0x0, 0x0, 0x4a,
    0xf4, 0x0, 0x0, 0x0, 0x6c, 0xff, 0x0, 0x0,
    0x23, 0xff, 0x21, 0x0, 0x0, 0xa2, 0xff, 0x0,
    0x0, 0x0, 0xba, 0xb1, 0x18, 0x21, 0xff, 0xf0,
    0x0, 0x0, 0x0, 0x14, 0xba, 0xf6, 0xcb, 0x83,
    0xe4, 0x0, 0x0,

    /* U+0128 "Ĩ" */
    0x0, 0x0, 0x0, 0x0, 0x3, 0x0, 0x32, 0xd2,
    0xec, 0xec, 0xeb, 0x24, 0xd, 0x1c, 0x1c, 0x1b,
    0x5, 0x0, 0x0, 0x0, 0xc0, 0x94, 0x0, 0x0,
    0x0, 0x0, 0xc0, 0x94, 0x0, 0x0, 0x0, 0x0,
    0xc0, 0x94, 0x0, 0x0, 0x0, 0x0, 0xc0, 0x94,
    0x0, 0x0, 0x0, 0x0, 0xc0, 0x94, 0x0, 0x0,
    0x0, 0x0, 0xc0, 0x94, 0x0, 0x0, 0x0, 0x0,
    0xc0, 0x94, 0x0, 0x0, 0x0, 0x0, 0xc0, 0x94,
    0x0, 0x0, 0x0, 0x0, 0xc0, 0x94, 0x0, 0x0,
    0x0, 0x0, 0xc0, 0x94, 0x0, 0x0, 0x0, 0x0,
    0xc0, 0x94, 0x0, 0x0,

    /* U+0129 "ĩ" */
    0x0, 0x0, 0x0, 0x0, 0xf, 0x1, 0x2a, 0xe7,
    0x9d, 0x9, 0xdc, 0xf, 0x95, 0x61, 0x6c, 0xf7,
    0xa5, 0x0, 0x13, 0x5, 0x0, 0xa, 0x0, 0x0,
    0x0, 0x0, 0xf0, 0x54, 0x0, 0x0, 0x0, 0x0,
    0xf0, 0x54, 0x0, 0x0, 0x0, 0x0, 0xf0, 0x54,
    0x0, 0x0, 0x0, 0x0, 0xf0, 0x54, 0x0, 0x0,
    0x0, 0x0, 0xf0, 0x54, 0x0, 0x0, 0x0, 0x0,
    0xf0, 0x54, 0x0, 0x0, 0x0, 0x0, 0xf0, 0x54,
    0x0, 0x0, 0x0, 0x0, 0xf0, 0x54, 0x0, 0x0,

    /* U+0168 "Ũ" */
    0x0, 0x0, 0x0, 0x0, 0x0, 0x0, 0x3, 0x0,
    0x0, 0x0, 0x0, 0x76, 0xe2, 0xec, 0xee, 0xbb,
    0x0, 0x0, 0x0, 0x0, 0x17, 0x1c, 0x1c, 0x16,
    0x0, 0x0, 0x0, 0xc, 0xff, 0x44, 0x0, 0x0,
    0x0, 0x28, 0xff, 0x28, 0xc, 0xff, 0x44, 0x0,
    0x0, 0x0, 0x28, 0xff, 0x28, 0xc, 0xff, 0x44,
    0x0, 0x0, 0x0, 0x28, 0xff, 0x28, 0xc, 0xff,
    0x44, 0x0, 0x0, 0x0, 0x28, 0xff, 0x28, 0xc,
    0xff, 0x44, 0x0, 0x0, 0x0, 0x28, 0xff, 0x28,
    0xc, 0xff, 0x44, 0x0, 0x0, 0x0, 0x28, 0xff,
    0x28, 0xc, 0xff, 0x44, 0x0, 0x0, 0x0, 0x28,
    0xff, 0x28, 0x6, 0xff, 0x48, 0x0, 0x0, 0x0,
    0x2c, 0xff, 0x21, 0x0, 0xe3, 0x77, 0x0, 0x0,
    0x0, 0x5b, 0xf5, 0x7, 0x0, 0x75, 0xf2, 0x61,
    0x2a, 0x53, 0xe6, 0x89, 0x0, 0x0, 0x1, 0x71,
    0xda, 0xf9, 0xde, 0x7b, 0x3, 0x0,

    /* U+0169 "ũ" */
    0x0, 0x0, 0x0, 0x0, 0x0, 0xd, 0x3, 0x0,
    0x13, 0xd8, 0xb9, 0x10, 0xb7, 0x33, 0x0, 0x6d,
    0x84, 0x4d, 0xef, 0xc8, 0x4, 0x0, 0xe, 0x9,
    0x0, 0x9, 0x4, 0x0, 0x10, 0xff, 0x34, 0x0,
    0x0, 0x84, 0xc4, 0x10, 0xff, 0x34, 0x0, 0x0,
    0x84, 0xc4, 0x10, 0xff, 0x34, 0x0, 0x0, 0x84,
    0xc4, 0x10, 0xff, 0x34, 0x0, 0x0, 0x84, 0xc4,
    0x10, 0xff, 0x34, 0x0, 0x0, 0xaa, 0xdf, 0x5,
    0xfc, 0x3e, 0x0, 0x0, 0xf6, 0xe7, 0x0, 0xd0,
    0x97, 0x8, 0x31, 0xff, 0xc4, 0x0, 0x37, 0xd4,
    0xf9, 0xc7, 0xa0, 0xc4,

    /* U+01A0 "Ơ" */
    0x0, 0x0, 0x0, 0x0, 0x0, 0x0, 0x0, 0x0,
    0x2d, 0x66, 0x0, 0x0, 0x42, 0xc8, 0xf7, 0xdc,
    0x7e, 0x13, 0xa6, 0xa4, 0x0, 0x40, 0xfa, 0x94,
    0x39, 0x5e, 0xe2, 0xff, 0xbc, 0x1c, 0x0, 0xce,
    0xa0, 0x0, 0x0, 0x0, 0x31, 0xff, 0x2e, 0x0,
    0x1e, 0xff, 0x37, 0x0, 0x0, 0x0, 0x0, 0xce,
    0x81, 0x0, 0x41, 0xff, 0x11, 0x0, 0x0, 0x0,
    0x0, 0xa9, 0xa1, 0x0, 0x4b, 0xff, 0x0, 0x0,
    0x0, 0x0, 0x0, 0x9c, 0xb3, 0x0, 0x3a, 0xff,
    0xe, 0x0, 0x0, 0x0, 0x0, 0xad, 0xa9, 0x0,
    0x1a, 0xff, 0x36, 0x0, 0x0, 0x0, 0x0, 0xcf,
    0x86, 0x0, 0x0, 0xc9, 0x9a, 0x0, 0x0, 0x0,
    0x33, 0xff, 0x39, 0x0, 0x0, 0x3b, 0xf9, 0x89,
    0x38, 0x53, 0xe7, 0xaa, 0x0, 0x0, 0x0, 0x0,
    0x3d, 0xc4, 0xf4, 0xe6, 0x8b, 0x8, 0x0, 0x0,

    /* U+01A1 "ơ" */
    0x0, 0x0, 0x0, 0x0, 0x0, 0x0, 0x0, 0xca,
    0x32, 0x0, 0xe, 0x9f, 0xf1, 0xf0, 0x9d, 0x22,
    0xed, 0xf, 0x0, 0xaa, 0xd0, 0x38, 0x3a, 0xd2,
    0xff, 0x67, 0x0, 0x22, 0xff, 0x2d, 0x0, 0x0,
    0x34, 0xfe, 0x1f, 0x0, 0x4f, 0xf0, 0x0, 0x0,
    0x0, 0x0, 0xf5, 0x4b, 0x0, 0x4f, 0xef, 0x0,
    0x0, 0x0, 0x0, 0xf5, 0x4b, 0x0, 0x23, 0xff,
    0x2b, 0x0, 0x0, 0x32, 0xfe, 0x1f, 0x0, 0x0,
    0xac, 0xcd, 0x36, 0x37, 0xcf, 0xa8, 0x0, 0x0,
    0x0, 0xa, 0x9b, 0xf2, 0xf1, 0x99, 0x9, 0x0,
    0x0,

    /* U+01AF "Ư" */
    0xc, 0xff, 0x44, 0x0, 0x0, 0x0, 0x28, 0xff,
    0x28, 0x73, 0xa8, 0xc, 0xff, 0x44, 0x0, 0x0,
    0x0, 0x28, 0xff, 0x3d, 0xcf, 0x6d, 0xc, 0xff,
    0x44, 0x0, 0x0, 0x0, 0x28, 0xff, 0xff, 0x96,
    0x6, 0xc, 0xff, 0x44, 0x0, 0x0, 0x0, 0x28,
    0xff, 0x28, 0x0, 0x0, 0xc, 0xff, 0x44, 0x0,
    0x0, 0x0, 0x28, 0xff, 0x28, 0x0, 0x0, 0xc,
    0xff, 0x44, 0x0, 0x0, 0x0, 0x28, 0xff, 0x28,
    0x0, 0x0, 0xc, 0xff, 0x44, 0x0, 0x0, 0x0,
    0x28, 0xff, 0x28, 0x0, 0x0, 0x6, 0xff, 0x48,
    0x0, 0x0, 0x0, 0x2c, 0xff, 0x21, 0x0, 0x0,
    0x0, 0xe3, 0x77, 0x0, 0x0, 0x0, 0x5b, 0xf5,
    0x7, 0x0, 0x0, 0x0, 0x75, 0xf2, 0x61, 0x2a,
    0x53, 0xe6, 0x89, 0x0, 0x0, 0x0, 0x0, 0x1,
    0x71, 0xda, 0xf9, 0xde, 0x7b, 0x3, 0x0, 0x0,
    0x0,

    /* U+01B0 "ư" */
    0x0, 0x0, 0x0, 0x0, 0x0, 0x0, 0x0, 0x10,
    0x69, 0x10, 0xff, 0x34, 0x0, 0x0, 0x84, 0xc4,
    0x47, 0xb3, 0x10, 0xff, 0x34, 0x0, 0x0, 0x84,
    0xff, 0xc5, 0x34, 0x10, 0xff, 0x34, 0x0, 0x0,
    0x84, 0xc4, 0x0, 0x0, 0x10, 0xff, 0x34, 0x0,
    0x0, 0x84, 0xc4, 0x0, 0x0, 0x10, 0xff, 0x34,
    0x0, 0x0, 0xaa, 0xdf, 0x0, 0x0, 0x5, 0xfc,
    0x3e, 0x0, 0x0, 0xf6, 0xe7, 0x0, 0x0, 0x0,
    0xd0, 0x97, 0x8, 0x31, 0xff, 0xc4, 0x0, 0x0,
    0x0, 0x37, 0xd4, 0xf9, 0xc7, 0xa0, 0xc4, 0x0,
    0x0,

    /* U+1EA0 "Ạ" */
    0x0, 0x0, 0x0, 0x2c, 0xff, 0x4f, 0x0, 0x0,
    0x0, 0x0, 0x0, 0x0, 0x85, 0xff, 0xa8, 0x0,
    0x0, 0x0, 0x0, 0x0, 0x0, 0xdc, 0x8c, 0xf5,
    0xb, 0x0, 0x0, 0x0, 0x0, 0x36, 0xf7, 0xd,
    0xde, 0x5a, 0x0, 0x0, 0x0, 0x0, 0x8e, 0xaf,
    0x0, 0x8b, 0xb2, 0x0, 0x0, 0x0, 0x1, 0xe4,
    0x5b, 0x0, 0x36, 0xf9, 0x11, 0x0, 0x0, 0x3f,
    0xf8, 0xe, 0x0, 0x0, 0xe0, 0x64, 0x0, 0x0,
    0xbd, 0xff, 0xf8, 0xf8, 0xf8, 0xff, 0xff, 0x0,
    0x4, 0xf1, 0x86, 0x28, 0x28, 0x28, 0x60, 0xff,
    0x18, 0x48, 0xfa, 0x10, 0x0, 0x0, 0x0, 0x1,
    0xe2, 0x6e, 0xa0, 0xb6, 0x0, 0x0, 0x0, 0x0,
    0x0, 0x8e, 0xc7, 0x0, 0x0, 0x0, 0x0, 0x0,
    0x0, 0x0, 0x0, 0x0, 0x0, 0x0, 0x0, 0x6,
    0xe1, 0x42, 0x0, 0x0, 0x0, 0x0, 0x0, 0x0,
    0x0, 0x69, 0x16, 0x0, 0x0, 0x0,

    /* U+1EA1 "ạ" */
    0x0, 0x27, 0xb6, 0xf1, 0xeb, 0x8c, 0x2, 0x0,
    0xdd, 0x9d, 0x23, 0x4b, 0xf3, 0x5f, 0x3, 0x34,
    0xa, 0x0, 0x0, 0xb5, 0x93, 0x0, 0x2c, 0xb0,
    0xe4, 0xf0, 0xff, 0x98, 0x9, 0xe6, 0x80, 0xe,
    0x0, 0xac, 0x98, 0x33, 0xff, 0x11, 0x0, 0x0,
    0xff, 0x98, 0x16, 0xf9, 0x91, 0x36, 0x88, 0xff,
    0x9e, 0x0, 0x4a, 0xe0, 0xf0, 0xa3, 0x8d, 0xa8,
    0x0, 0x0, 0x0, 0x0, 0x0, 0x0, 0x0, 0x0,
    0x0, 0x39, 0xe4, 0xc, 0x0, 0x0, 0x0, 0x0,
    0x13, 0x6c, 0x0, 0x0, 0x0,

    /* U+1EA2 "Ả" */
    0x0, 0x0, 0x0, 0x0, 0xba, 0xa3, 0x6, 0x0,
    0x0, 0x0, 0x0, 0x0, 0x0, 0xce, 0x8b, 0x5,
    0x0, 0x0, 0x0, 0x0, 0x0, 0x0, 0x1e, 0x2,
    0x0, 0x0, 0x0, 0x0, 0x0, 0x0, 0x2c, 0xff,
    0x4f, 0x0, 0x0, 0x0, 0x0, 0x0, 0x0, 0x85,
    0xff, 0xa8, 0x0, 0x0, 0x0, 0x0, 0x0, 0x0,
    0xdc, 0x8c, 0xf5, 0xb, 0x0, 0x0, 0x0, 0x0,
    0x36, 0xf7, 0xd, 0xde, 0x5a, 0x0, 0x0, 0x0,
    0x0, 0x8e, 0xaf, 0x0, 0x8b, 0xb2, 0x0, 0x0,
    0x0, 0x1, 0xe4, 0x5b, 0x0, 0x36, 0xf9, 0x11,
    0x0, 0x0, 0x3f, 0xf8, 0xe, 0x0, 0x0, 0xe0,
    0x64, 0x0, 0x0, 0xbd, 0xff, 0xf8, 0xf8, 0xf8,
    0xff, 0xff, 0x0, 0x4, 0xf1, 0x86, 0x28, 0x28,
    0x28, 0x60, 0xff, 0x18, 0x48, 0xfa, 0x10, 0x0,
    0x0, 0x0, 0x1, 0xe2, 0x6e, 0xa0, 0xb6, 0x0,
    0x0, 0x0, 0x0, 0x0, 0x8e, 0xc7,

    /* U+1EA3 "ả" */
    0x0, 0x0, 0x0, 0x6c, 0xb7, 0x39, 0x0, 0x0,
    0x0, 0x0, 0x74, 0xc0, 0x2b, 0x0, 0x0, 0x0,
    0x0, 0xc, 0xc, 0x0, 0x0, 0x0, 0x0, 0x0,
    0x0, 0x0, 0x0, 0x0, 0x0, 0x27, 0xb6, 0xf1,
    0xeb, 0x8c, 0x2, 0x0, 0xdd, 0x9d, 0x23, 0x4b,
    0xf3, 0x5f, 0x3, 0x34, 0xa, 0x0, 0x0, 0xb5,
    0x93, 0x0, 0x2c, 0xb0, 0xe4, 0xf0, 0xff, 0x98,
    0x9, 0xe6, 0x80, 0xe, 0x0, 0xac, 0x98, 0x33,
    0xff, 0x11, 0x0, 0x0, 0xff, 0x98, 0x16, 0xf9,
    0x91, 0x36, 0x88, 0xff, 0x9e, 0x0, 0x4a, 0xe0,
    0xf0, 0xa3, 0x8d, 0xa8,

    /* U+1EA4 "Ấ" */
    0x0, 0x0, 0x0, 0x0, 0x0, 0x0, 0x0, 0x47,
    0x5f, 0x0, 0x0, 0x0, 0x0, 0x0, 0x0, 0x7,
    0xe2, 0x3e, 0x0, 0x0, 0x6, 0x90, 0xcd, 0xb2,
    0x37, 0x5b, 0x0, 0x0, 0x0, 0x4b, 0x61, 0x0,
    0x49, 0x61, 0x1, 0x0, 0x0, 0x0, 0x0, 0x2c,
    0xff, 0x4f, 0x0, 0x0, 0x0, 0x0, 0x0, 0x0,
    0x85, 0xff, 0xa8, 0x0, 0x0, 0x0, 0x0, 0x0,
    0x0, 0xdc, 0x8c, 0xf5, 0xb, 0x0, 0x0, 0x0,
    0x0, 0x36, 0xf7, 0xd, 0xde, 0x5a, 0x0, 0x0,
    0x0, 0x0, 0x8e, 0xaf, 0x0, 0x8b, 0xb2, 0x0,
    0x0, 0x0, 0x1, 0xe4, 0x5b, 0x0, 0x36, 0xf9,
    0x11, 0x0, 0x0, 0x3f, 0xf8, 0xe, 0x0, 0x0,
    0xe0, 0x64, 0x0, 0x0, 0xbd, 0xff, 0xf8, 0xf8,
    0xf8, 0xff, 0xff, 0x0, 0x4, 0xf1, 0x86, 0x28,
    0x28, 0x28, 0x60, 0xff, 0x18, 0x48, 0xfa, 0x10,
    0x0, 0x0, 0x0, 0x1, 0xe2, 0x6e, 0xa0, 0xb6,
    0x0, 0x0, 0x0, 0x0, 0x0, 0x8e, 0xc7,

    /* U+1EA5 "ấ" */
    0x0, 0x0, 0x0, 0x0, 0x0, 0x0, 0x14, 0x7f,
    0x13, 0x0, 0x0, 0x0, 0x0, 0x0, 0x0, 0x80,
    0xab, 0x0, 0x0, 0x0, 0x27, 0xdf, 0xdb, 0x21,
    0x8d, 0x18, 0x0, 0x0, 0x23, 0xd7, 0x4b, 0x53,
    0xd3, 0x1d, 0x0, 0x0, 0x0, 0x0, 0x0, 0x0,
    0x0, 0x0, 0x0, 0x0, 0x0, 0x0, 0x27, 0xb6,
    0xf1, 0xeb, 0x8c, 0x2, 0x0, 0x0, 0x0, 0xdd,
    0x9d, 0x23, 0x4b, 0xf3, 0x5f, 0x0, 0x0, 0x3,
    0x34, 0xa, 0x0, 0x0, 0xb5, 0x93, 0x0, 0x0,
    0x0, 0x2c, 0xb0, 0xe4, 0xf0, 0xff, 0x98, 0x0,
    0x0, 0x9, 0xe6, 0x80, 0xe, 0x0, 0xac, 0x98,
    0x0, 0x0, 0x33, 0xff, 0x11, 0x0, 0x0, 0xff,
    0x98, 0x0, 0x0, 0x16, 0xf9, 0x91, 0x36, 0x88,
    0xff, 0x9e, 0x0, 0x0, 0x0, 0x4a, 0xe0, 0xf0,
    0xa3, 0x8d, 0xa8, 0x0, 0x0,

    /* U+1EA6 "Ầ" */
    0x4c, 0x5d, 0x0, 0x0, 0x0, 0x0, 0x0, 0x0,
    0x0, 0x21, 0xed, 0x1d, 0x0, 0x0, 0x0, 0x0,
    0x0, 0x0, 0x0, 0x48, 0x3a, 0x72, 0xe5, 0x95,
    0x1, 0x0, 0x0, 0x0, 0x0, 0x6e, 0xce, 0xe,
    0xaf, 0x95, 0x1, 0x0, 0x0, 0x0, 0x0, 0x2c,
    0xff, 0x4f, 0x0, 0x0, 0x0, 0x0, 0x0, 0x0,
    0x85, 0xff, 0xa8, 0x0, 0x0, 0x0, 0x0, 0x0,
    0x0, 0xdc, 0x8c, 0xf5, 0xb, 0x0, 0x0, 0x0,
    0x0, 0x36, 0xf7, 0xd, 0xde, 0x5a, 0x0, 0x0,
    0x0, 0x0, 0x8e, 0xaf, 0x0, 0x8b, 0xb2, 0x0,
    0x0, 0x0, 0x1, 0xe4, 0x5b, 0x0, 0x36, 0xf9,
    0x11, 0x0, 0x0, 0x3f, 0xf8, 0xe, 0x0, 0x0,
    0xe0, 0x64, 0x0, 0x0, 0xbd, 0xff, 0xf8, 0xf8,
    0xf8, 0xff, 0xff, 0x0, 0x4, 0xf1, 0x86, 0x28,
    0x28, 0x28, 0x60, 0xff, 0x18, 0x48, 0xfa, 0x10,
    0x0, 0x0, 0x0, 0x1, 0xe2, 0x6e, 0xa0, 0xb6,
    0x0, 0x0, 0x0, 0x0, 0x0, 0x8e, 0xc7,

    /* U+1EA7 "ầ" */
    0x1b, 0x7b, 0xb, 0x0, 0x0, 0x0, 0x0, 0x0,
    0x0, 0xbc, 0x70, 0x0, 0x0, 0x0, 0x0, 0x0,
    0x0, 0x22, 0x86, 0x28, 0xdf, 0xd9, 0x1d, 0x0,
    0x0, 0x0, 0x26, 0xde, 0x49, 0x5b, 0xd7, 0x1b,
    0x0, 0x0, 0x0, 0x0, 0x0, 0x0, 0x0, 0x0,
    0x0, 0x0, 0x33, 0xbe, 0xf2, 0xeb, 0x8c, 0x2,
    0x0, 0x3, 0xe9, 0x8c, 0x21, 0x4b, 0xf3, 0x5f,
    0x0, 0x0, 0x0, 0x0, 0x0, 0x0, 0xb5, 0x93,
    0x0, 0x0, 0x2c, 0xb0, 0xe4, 0xf0, 0xff, 0x98,
    0x0, 0x9, 0xe6, 0x80, 0xe, 0x0, 0xac, 0x98,
    0x0, 0x33, 0xff, 0x11, 0x0, 0x0, 0xff, 0x98,
    0x0, 0x16, 0xf9, 0x91, 0x36, 0x88, 0xff, 0x9e,
    0x0, 0x0, 0x4a, 0xe0, 0xf0, 0xa3, 0x8d, 0xa8,

    /* U+1EA8 "Ẩ" */
    0x0, 0x0, 0x0, 0x0, 0x0, 0x0, 0x62, 0x92,
    0x3, 0x0, 0x0, 0x0, 0x0, 0x0, 0x0, 0x0,
    0xbd, 0x2e, 0x0, 0x0, 0x0, 0x81, 0xcc, 0xa4,
    0x76, 0x89, 0x1, 0x0, 0x0, 0x6f, 0xa9, 0x4,
    0x87, 0x96, 0x1, 0x0, 0x0, 0x0, 0x0, 0x2c,
    0xff, 0x4f, 0x0, 0x0, 0x0, 0x0, 0x0, 0x0,
    0x85, 0xff, 0xa8, 0x0, 0x0, 0x0, 0x0, 0x0,
    0x0, 0xdc, 0x8c, 0xf5, 0xb, 0x0, 0x0, 0x0,
    0x0, 0x36, 0xf7, 0xd, 0xde, 0x5a, 0x0, 0x0,
    0x0, 0x0, 0x8e, 0xaf, 0x0, 0x8b, 0xb2, 0x0,
    0x0, 0x0, 0x1, 0xe4, 0x5b, 0x0, 0x36, 0xf9,
    0x11, 0x0, 0x0, 0x3f, 0xf8, 0xe, 0x0, 0x0,
    0xe0, 0x64, 0x0, 0x0, 0xbd, 0xff, 0xf8, 0xf8,
    0xf8, 0xff, 0xff, 0x0, 0x4, 0xf1, 0x86, 0x28,
    0x28, 0x28, 0x60, 0xff, 0x18, 0x48, 0xfa, 0x10,
    0x0, 0x0, 0x0, 0x1, 0xe2, 0x6e, 0xa0, 0xb6,
    0x0, 0x0, 0x0, 0x0, 0x0, 0x8e, 0xc7,

    /* U+1EA9 "ẩ" */
    0x0, 0x0, 0x0, 0x0, 0x0, 0x21, 0xac, 0x2b,
    0x0, 0x0, 0x0, 0x0, 0x0, 0x0, 0x63, 0x8f,
    0x0, 0x0, 0x36, 0xd6, 0xd7, 0x42, 0xc3, 0x1a,
    0x0, 0x25, 0xc8, 0x25, 0x2e, 0xc8, 0x1e, 0x0,
    0x0, 0x0, 0x0, 0x0, 0x0, 0x0, 0x0, 0x0,
    0x0, 0x27, 0xb6, 0xf1, 0xeb, 0x8c, 0x2, 0x0,
    0x0, 0xdd, 0x9d, 0x23, 0x4b, 0xf3, 0x5f, 0x0,
    0x3, 0x34, 0xa, 0x0, 0x0, 0xb5, 0x93, 0x0,
    0x0, 0x2c, 0xb0, 0xe4, 0xf0, 0xff, 0x98, 0x0,
    0x9, 0xe6, 0x80, 0xe, 0x0, 0xac, 0x98, 0x0,
    0x33, 0xff, 0x11, 0x0, 0x0, 0xff, 0x98, 0x0,
    0x16, 0xf9, 0x91, 0x36, 0x88, 0xff, 0x9e, 0x0,
    0x0, 0x4a, 0xe0, 0xf0, 0xa3, 0x8d, 0xa8, 0x0,

    /* U+1EAA "Ẫ" */
    0x0, 0x0, 0x2, 0xa0, 0x71, 0x3f, 0x37, 0x0,
    0x0, 0x0, 0x0, 0x1c, 0x5d, 0x5a, 0xb6, 0x10,
    0x0, 0x0, 0x0, 0x0, 0x0, 0x47, 0x9f, 0x63,
    0x0, 0x0, 0x0, 0x0, 0x0, 0x48, 0x7a, 0x6,
    0x64, 0x63, 0x0, 0x0, 0x0, 0x0, 0x0, 0x2c,
    0xff, 0x4f, 0x0, 0x0, 0x0, 0x0, 0x0, 0x0,
    0x85, 0xff, 0xa8, 0x0, 0x0, 0x0, 0x0, 0x0,
    0x0, 0xdc, 0x8c, 0xf5, 0xb, 0x0, 0x0, 0x0,
    0x0, 0x36, 0xf7, 0xd, 0xde, 0x5a, 0x0, 0x0,
    0x0, 0x0, 0x8e, 0xaf, 0x0, 0x8b, 0xb2, 0x0,
    0x0, 0x0, 0x1, 0xe4, 0x5b, 0x0, 0x36, 0xf9,
    0x11, 0x0, 0x0, 0x3f, 0xf8, 0xe, 0x0, 0x0,
    0xe0, 0x64, 0x0, 0x0, 0xbd, 0xff, 0xf8, 0xf8,
    0xf8, 0xff, 0xff, 0x0, 0x4, 0xf1, 0x86, 0x28,
    0x28, 0x28, 0x60, 0xff, 0x18, 0x48, 0xfa, 0x10,
    0x0, 0x0, 0x0, 0x1, 0xe2, 0x6e, 0xa0, 0xb6,
    0x0, 0x0, 0x0, 0x0, 0x0, 0x8e, 0xc7,

    /* U+1EAB "ẫ" */
    0x0, 0x0, 0x58, 0xa8, 0x11, 0x77, 0x0, 0x0,
    0x0, 0x78, 0x19, 0xbc, 0x4c, 0x0, 0x0, 0x0,
    0x1a, 0xd2, 0xcd, 0x14, 0x0, 0x0, 0x16, 0xcf,
    0x44, 0x51, 0xca, 0x11, 0x0, 0xf, 0x15, 0x0,
    0x0, 0x18, 0xd, 0x0, 0x27, 0xb6, 0xf1, 0xeb,
    0x8c, 0x2, 0x0, 0xdd, 0x9d, 0x23, 0x4b, 0xf3,
    0x5f, 0x3, 0x34, 0xa, 0x0, 0x0, 0xb5, 0x93,
    0x0, 0x2c, 0xb0, 0xe4, 0xf0, 0xff, 0x98, 0x9,
    0xe6, 0x80, 0xe, 0x0, 0xac, 0x98, 0x33, 0xff,
    0x11, 0x0, 0x0, 0xff, 0x98, 0x16, 0xf9, 0x91,
    0x36, 0x88, 0xff, 0x9e, 0x0, 0x4a, 0xe0, 0xf0,
    0xa3, 0x8d, 0xa8,

    /* U+1EAC "Ậ" */
    0x0, 0x0, 0x0, 0x7, 0x78, 0x18, 0x0, 0x0,
    0x0, 0x0, 0x0, 0x1, 0xa7, 0x9c, 0xc4, 0x9,
    0x0, 0x0, 0x0, 0x0, 0x28, 0x65, 0x0, 0x4c,
    0x3a, 0x0, 0x0, 0x0, 0x0, 0x0, 0x2c, 0xff,
    0x4f, 0x0, 0x0, 0x0, 0x0, 0x0, 0x0, 0x85,
    0xff, 0xa8, 0x0, 0x0, 0x0, 0x0, 0x0, 0x0,
    0xdc, 0x8c, 0xf5, 0xb, 0x0, 0x0, 0x0, 0x0,
    0x36, 0xf7, 0xd, 0xde, 0x5a, 0x0, 0x0, 0x0,
    0x0, 0x8e, 0xaf, 0x0, 0x8b, 0xb2, 0x0, 0x0,
    0x0, 0x1, 0xe4, 0x5b, 0x0, 0x36, 0xf9, 0x11,
    0x0, 0x0, 0x3f, 0xf8, 0xe, 0x0, 0x0, 0xe0,
    0x64, 0x0, 0x0, 0xbd, 0xff, 0xf8, 0xf8, 0xf8,
    0xff, 0xff, 0x0, 0x4, 0xf1, 0x86, 0x28, 0x28,
    0x28, 0x60, 0xff, 0x18, 0x48, 0xfa, 0x10, 0x0,
    0x0, 0x0, 0x1, 0xe2, 0x6e, 0xa0, 0xb6, 0x0,
    0x0, 0x0, 0x0, 0x0, 0x8e, 0xc7, 0x0, 0x0,
    0x0, 0x0, 0x0, 0x0, 0x0, 0x0, 0x0, 0x0,
    0x0, 0x0, 0x6, 0xe1, 0x42, 0x0, 0x0, 0x0,
    0x0, 0x0, 0x0, 0x0, 0x69, 0x16, 0x0, 0x0,
    0x0,

    /* U+1EAD "ậ" */
    0x0, 0x0, 0xd, 0xc8, 0xbf, 0x8, 0x0, 0x0,
    0x2, 0xa9, 0x57, 0x61, 0x99, 0x0, 0x0, 0x0,
    0x0, 0x0, 0x0, 0x0, 0x0, 0x0, 0x27, 0xb6,
    0xf1, 0xeb, 0x8c, 0x2, 0x0, 0xdd, 0x9d, 0x23,
    0x4b, 0xf3, 0x5f, 0x3, 0x34, 0xa, 0x0, 0x0,
    0xb5, 0x93, 0x0, 0x2c, 0xb0, 0xe4, 0xf0, 0xff,
    0x98, 0x9, 0xe6, 0x80, 0xe, 0x0, 0xac, 0x98,
    0x33, 0xff, 0x11, 0x0, 0x0, 0xff, 0x98, 0x16,
    0xf9, 0x91, 0x36, 0x88, 0xff, 0x9e, 0x0, 0x4a,
    0xe0, 0xf0, 0xa3, 0x8d, 0xa8, 0x0, 0x0, 0x0,
    0x0, 0x0, 0x0, 0x0, 0x0, 0x0, 0x39, 0xe4,
    0xc, 0x0, 0x0, 0x0, 0x0, 0x13, 0x6c, 0x0,
    0x0, 0x0,

    /* U+1EAE "Ắ" */
    0x0, 0x0, 0x0, 0x0, 0x18, 0x65, 0x0, 0x0,
    0x0, 0x0, 0x0, 0x0, 0x0, 0x92, 0x3f, 0x0,
    0x0, 0x0, 0x0, 0x0, 0x62, 0xb0, 0x0, 0x95,
    0x7d, 0x0, 0x0, 0x0, 0x0, 0x5, 0x8c, 0xae,
    0x99, 0xc, 0x0, 0x0, 0x0, 0x0, 0x0, 0x2c,
    0xff, 0x4f, 0x0, 0x0, 0x0, 0x0, 0x0, 0x0,
    0x85, 0xff, 0xa8, 0x0, 0x0, 0x0, 0x0, 0x0,
    0x0, 0xdc, 0x8c, 0xf5, 0xb, 0x0, 0x0, 0x0,
    0x0, 0x36, 0xf7, 0xd, 0xde, 0x5a, 0x0, 0x0,
    0x0, 0x0, 0x8e, 0xaf, 0x0, 0x8b, 0xb2, 0x0,
    0x0, 0x0, 0x1, 0xe4, 0x5b, 0x0, 0x36, 0xf9,
    0x11, 0x0, 0x0, 0x3f, 0xf8, 0xe, 0x0, 0x0,
    0xe0, 0x64, 0x0, 0x0, 0xbd, 0xff, 0xf8, 0xf8,
    0xf8, 0xff, 0xff, 0x0, 0x4, 0xf1, 0x86, 0x28,
    0x28, 0x28, 0x60, 0xff, 0x18, 0x48, 0xfa, 0x10,
    0x0, 0x0, 0x0, 0x1, 0xe2, 0x6e, 0xa0, 0xb6,
    0x0, 0x0, 0x0, 0x0, 0x0, 0x8e, 0xc7,

    /* U+1EAF "ắ" */
    0x0, 0x0, 0x0, 0x21, 0xad, 0xe, 0x0, 0x0,
    0x7, 0xf2, 0x15, 0x31, 0xe2, 0x0, 0x0, 0x0,
    0x4d, 0xae, 0xad, 0x3b, 0x0, 0x0, 0x0, 0x0,
    0x0, 0x0, 0x0, 0x0, 0x0, 0x3d, 0xc3, 0xf3,
    0xeb, 0x8c, 0x2, 0x3, 0xc6, 0x76, 0x1f, 0x4b,
    0xf3, 0x5f, 0x0, 0x0, 0x0, 0x0, 0x0, 0xb5,
    0x93, 0x0, 0x2c, 0xb0, 0xe4, 0xf0, 0xff, 0x98,
    0x9, 0xe6, 0x80, 0xe, 0x0, 0xac, 0x98, 0x33,
    0xff, 0x11, 0x0, 0x0, 0xff, 0x98, 0x16, 0xf9,
    0x91, 0x36, 0x88, 0xff, 0x9e, 0x0, 0x4a, 0xe0,
    0xf0, 0xa3, 0x8d, 0xa8,

    /* U+1EB0 "Ằ" */
    0x0, 0x0, 0x0, 0x4a, 0x32, 0x0, 0x0, 0x0,
    0x0, 0x0, 0x0, 0x0, 0x1b, 0xb4, 0x0, 0x0,
    0x0, 0x0, 0x0, 0x0, 0x62, 0xb0, 0x0, 0x95,
    0x7d, 0x0, 0x0, 0x0, 0x0, 0x5, 0x8c, 0xae,
    0x99, 0xc, 0x0, 0x0, 0x0, 0x0, 0x0, 0x2c,
    0xff, 0x4f, 0x0, 0x0, 0x0, 0x0, 0x0, 0x0,
    0x85, 0xff, 0xa8, 0x0, 0x0, 0x0, 0x0, 0x0,
    0x0, 0xdc, 0x8c, 0xf5, 0xb, 0x0, 0x0, 0x0,
    0x0, 0x36, 0xf7, 0xd, 0xde, 0x5a, 0x0, 0x0,
    0x0, 0x0, 0x8e, 0xaf, 0x0, 0x8b, 0xb2, 0x0,
    0x0, 0x0, 0x1, 0xe4, 0x5b, 0x0, 0x36, 0xf9,
    0x11, 0x0, 0x0, 0x3f, 0xf8, 0xe, 0x0, 0x0,
    0xe0, 0x64, 0x0, 0x0, 0xbd, 0xff, 0xf8, 0xf8,
    0xf8, 0xff, 0xff, 0x0, 0x4, 0xf1, 0x86, 0x28,
    0x28, 0x28, 0x60, 0xff, 0x18, 0x48, 0xfa, 0x10,
    0x0, 0x0, 0x0, 0x1, 0xe2, 0x6e, 0xa0, 0xb6,
    0x0, 0x0, 0x0, 0x0, 0x0, 0x8e, 0xc7,

    /* U+1EB1 "ằ" */
    0x0, 0x0, 0x11, 0xaf, 0x1f, 0x0, 0x0, 0x0,
    0x7, 0xf2, 0x15, 0x31, 0xe2, 0x0, 0x0, 0x0,
    0x4d, 0xae, 0xad, 0x3b, 0x0, 0x0, 0x0, 0x0,
    0x0, 0x0, 0x0, 0x0, 0x0, 0x3d, 0xc3, 0xf3,
    0xeb, 0x8c, 0x2, 0x3, 0xc6, 0x76, 0x1f, 0x4b,
    0xf3, 0x5f, 0x0, 0x0, 0x0, 0x0, 0x0, 0xb5,
    0x93, 0x0, 0x2c, 0xb0, 0xe4, 0xf0, 0xff, 0x98,
    0x9, 0xe6, 0x80, 0xe, 0x0, 0xac, 0x98, 0x33,
    0xff, 0x11, 0x0, 0x0, 0xff, 0x98, 0x16, 0xf9,
    0x91, 0x36, 0x88, 0xff, 0x9e, 0x0, 0x4a, 0xe0,
    0xf0, 0xa3, 0x8d, 0xa8,

    /* U+1EB2 "Ẳ" */
    0x0, 0x0, 0x0, 0x0, 0x9e, 0x63, 0x0, 0x0,
    0x0, 0x0, 0x0, 0x0, 0x0, 0xd, 0xef, 0x1,
    0x0, 0x0, 0x0, 0x0, 0x0, 0x0, 0xd1, 0x4e,
    0x0, 0x0, 0x0, 0x0, 0x0, 0x54, 0x97, 0x0,
    0x90, 0x59, 0x0, 0x0, 0x0, 0x0, 0x8, 0x90,
    0xa7, 0x93, 0x9, 0x0, 0x0, 0x0, 0x0, 0x0,
    0x2c, 0xff, 0x4f, 0x0, 0x0, 0x0, 0x0, 0x0,
    0x0, 0x85, 0xff, 0xa8, 0x0, 0x0, 0x0, 0x0,
    0x0, 0x0, 0xdc, 0x8c, 0xf5, 0xb, 0x0, 0x0,
    0x0, 0x0, 0x36, 0xf7, 0xd, 0xde, 0x5a, 0x0,
    0x0, 0x0, 0x0, 0x8e, 0xaf, 0x0, 0x8b, 0xb2,
    0x0, 0x0, 0x0, 0x1, 0xe4, 0x5b, 0x0, 0x36,
    0xf9, 0x11, 0x0, 0x0, 0x3f, 0xf8, 0xe, 0x0,
    0x0, 0xe0, 0x64, 0x0, 0x0, 0xbd, 0xff, 0xf8,
    0xf8, 0xf8, 0xff, 0xff, 0x0, 0x4, 0xf1, 0x86,
    0x28, 0x28, 0x28, 0x60, 0xff, 0x18, 0x48, 0xfa,
    0x10, 0x0, 0x0, 0x0, 0x1, 0xe2, 0x6e, 0xa0,
    0xb6, 0x0, 0x0, 0x0, 0x0, 0x0, 0x8e, 0xc7,

    /* U+1EB3 "ẳ" */
    0x0, 0x0, 0x0, 0x5a, 0x9c, 0x27, 0x0, 0x0,
    0x0, 0x0, 0x71, 0xa4, 0x17, 0x0, 0x0, 0x4,
    0xef, 0x12, 0x45, 0xc5, 0x0, 0x0, 0x0, 0x4b,
    0xa8, 0xa6, 0x2b, 0x0, 0x0, 0x0, 0x0, 0x0,
    0x0, 0x0, 0x0, 0x0, 0x34, 0xbe, 0xf2, 0xeb,
    0x8c, 0x2, 0x3, 0xe0, 0x86, 0x21, 0x4b, 0xf3,
    0x5f, 0x0, 0x0, 0x0, 0x0, 0x0, 0xb5, 0x93,
    0x0, 0x2c, 0xb0, 0xe4, 0xf0, 0xff, 0x98, 0x9,
    0xe6, 0x80, 0xe, 0x0, 0xac, 0x98, 0x33, 0xff,
    0x11, 0x0, 0x0, 0xff, 0x98, 0x16, 0xf9, 0x91,
    0x36, 0x88, 0xff, 0x9e, 0x0, 0x4a, 0xe0, 0xf0,
    0xa3, 0x8d, 0xa8,

    /* U+1EB4 "Ẵ" */
    0x0, 0x0, 0x4, 0xaf, 0x81, 0x31, 0x64, 0x0,
    0x0, 0x0, 0x0, 0x2b, 0x63, 0x5a, 0xc8, 0x20,
    0x0, 0x0, 0x0, 0x0, 0x36, 0x61, 0x0, 0x54,
    0x42, 0x0, 0x0, 0x0, 0x0, 0x10, 0x9c, 0xad,
    0xa4, 0x18, 0x0, 0x0, 0x0, 0x0, 0x0, 0x2c,
    0xff, 0x4f, 0x0, 0x0, 0x0, 0x0, 0x0, 0x0,
    0x85, 0xff, 0xa8, 0x0, 0x0, 0x0, 0x0, 0x0,
    0x0, 0xdc, 0x8c, 0xf5, 0xb, 0x0, 0x0, 0x0,
    0x0, 0x36, 0xf7, 0xd, 0xde, 0x5a, 0x0, 0x0,
    0x0, 0x0, 0x8e, 0xaf, 0x0, 0x8b, 0xb2, 0x0,
    0x0, 0x0, 0x1, 0xe4, 0x5b, 0x0, 0x36, 0xf9,
    0x11, 0x0, 0x0, 0x3f, 0xf8, 0xe, 0x0, 0x0,
    0xe0, 0x64, 0x0, 0x0, 0xbd, 0xff, 0xf8, 0xf8,
    0xf8, 0xff, 0xff, 0x0, 0x4, 0xf1, 0x86, 0x28,
    0x28, 0x28, 0x60, 0xff, 0x18, 0x48, 0xfa, 0x10,
    0x0, 0x0, 0x0, 0x1, 0xe2, 0x6e, 0xa0, 0xb6,
    0x0, 0x0, 0x0, 0x0, 0x0, 0x8e, 0xc7,

    /* U+1EB5 "ẵ" */
    0x0, 0x0, 0x65, 0xb9, 0x18, 0x94, 0x0, 0x0,
    0x0, 0x8e, 0x1b, 0xc4, 0x69, 0x0, 0x0, 0x3,
    0xef, 0x18, 0x3b, 0xd2, 0x0, 0x0, 0x0, 0x4a,
    0xae, 0xad, 0x35, 0x0, 0x0, 0x0, 0x0, 0x0,
    0x0, 0x0, 0x0, 0x0, 0x33, 0xbe, 0xf2, 0xeb,
    0x8c, 0x2, 0x3, 0xe9, 0x8c, 0x21, 0x4b, 0xf3,
    0x5f, 0x0, 0x0, 0x0, 0x0, 0x0, 0xb5, 0x93,
    0x0, 0x2c, 0xb0, 0xe4, 0xf0, 0xff, 0x98, 0x9,
    0xe6, 0x80, 0xe, 0x0, 0xac, 0x98, 0x33, 0xff,
    0x11, 0x0, 0x0, 0xff, 0x98, 0x16, 0xf9, 0x91,
    0x36, 0x88, 0xff, 0x9e, 0x0, 0x4a, 0xe0, 0xf0,
    0xa3, 0x8d, 0xa8,

    /* U+1EB6 "Ặ" */
    0x0, 0x0, 0x5a, 0xc1, 0x1, 0x94, 0x83, 0x0,
    0x0, 0x0, 0x0, 0x5, 0x9e, 0xd7, 0xae, 0x12,
    0x0, 0x0, 0x0, 0x0, 0x0, 0x2c, 0xff, 0x4f,
    0x0, 0x0, 0x0, 0x0, 0x0, 0x0, 0x85, 0xff,
    0xa8, 0x0, 0x0, 0x0, 0x0, 0x0, 0x0, 0xdc,
    0x8c, 0xf5, 0xb, 0x0, 0x0, 0x0, 0x0, 0x36,
    0xf7, 0xd, 0xde, 0x5a, 0x0, 0x0, 0x0, 0x0,
    0x8e, 0xaf, 0x0, 0x8b, 0xb2, 0x0, 0x0, 0x0,
    0x1, 0xe4, 0x5b, 0x0, 0x36, 0xf9, 0x11, 0x0,
    0x0, 0x3f, 0xf8, 0xe, 0x0, 0x0, 0xe0, 0x64,
    0x0, 0x0, 0xbd, 0xff, 0xf8, 0xf8, 0xf8, 0xff,
    0xff, 0x0, 0x4, 0xf1, 0x86, 0x28, 0x28, 0x28,
    0x60, 0xff, 0x18, 0x48, 0xfa, 0x10, 0x0, 0x0,
    0x0, 0x1, 0xe2, 0x6e, 0xa0, 0xb6, 0x0, 0x0,
    0x0, 0x0, 0x0, 0x8e, 0xc7, 0x0, 0x0, 0x0,
    0x0, 0x0, 0x0, 0x0, 0x0, 0x0, 0x0, 0x0,
    0x0, 0x6, 0xe1, 0x42, 0x0, 0x0, 0x0, 0x0,
    0x0, 0x0, 0x0, 0x69, 0x16, 0x0, 0x0, 0x0,

    /* U+1EB7 "ặ" */
    0x0, 0x3, 0xf2, 0x23, 0x2e, 0xe3, 0x0, 0x0,
    0x0, 0x55, 0xd2, 0xcb, 0x48, 0x0, 0x0, 0x0,
    0x0, 0x0, 0x0, 0x0, 0x0, 0x0, 0x29, 0xb7,
    0xf1, 0xeb, 0x8c, 0x2, 0x1, 0xdd, 0x9b, 0x23,
    0x4b, 0xf3, 0x5f, 0x3, 0x30, 0x9, 0x0, 0x0,
    0xb5, 0x93, 0x0, 0x2c, 0xb0, 0xe4, 0xf0, 0xff,
    0x98, 0x9, 0xe6, 0x80, 0xe, 0x0, 0xac, 0x98,
    0x33, 0xff, 0x11, 0x0, 0x0, 0xff, 0x98, 0x16,
    0xf9, 0x91, 0x36, 0x88, 0xff, 0x9e, 0x0, 0x4a,
    0xe0, 0xf0, 0xa3, 0x8d, 0xa8, 0x0, 0x0, 0x0,
    0x0, 0x0, 0x0, 0x0, 0x0, 0x0, 0x39, 0xe4,
    0xc, 0x0, 0x0, 0x0, 0x0, 0x13, 0x6c, 0x0,
    0x0, 0x0,

    /* U+1EB8 "Ẹ" */
    0xd8, 0xff, 0xff, 0xff, 0xff, 0xff, 0x68, 0xd8,
    0x97, 0x28, 0x28, 0x28, 0x28, 0x10, 0xd8, 0x78,
    0x0, 0x0, 0x0, 0x0, 0x0, 0xd8, 0x78, 0x0,
    0x0, 0x0, 0x0, 0x0, 0xd8, 0x78, 0x0, 0x0,
    0x0, 0x0, 0x0, 0xd8, 0xff, 0xf8, 0xf8, 0xf8,
    0xc1, 0x0, 0xd8, 0x97, 0x28, 0x28, 0x28, 0x1f,
    0x0, 0xd8, 0x78, 0x0, 0x0, 0x0, 0x0, 0x0,
    0xd8, 0x78, 0x0, 0x0, 0x0, 0x0, 0x0, 0xd8,
    0x94, 0x24, 0x24, 0x24, 0x24, 0x11, 0xd8, 0xff,
    0xff, 0xff, 0xff, 0xff, 0x7c, 0x0, 0x0, 0x0,
    0x0, 0x0, 0x0, 0x0, 0x0, 0x0, 0x62, 0xc0,
    0x0, 0x0, 0x0, 0x0, 0x0, 0x27, 0x57, 0x0,
    0x0, 0x0,

    /* U+1EB9 "ẹ" */
    0x0, 0xd, 0xa0, 0xf3, 0xec, 0x82, 0x2, 0x0,
    0xa4, 0xc6, 0x2f, 0x3a, 0xe8, 0x6b, 0x23, 0xfe,
    0x2b, 0x0, 0x0, 0x77, 0xc5, 0x52, 0xff, 0xf4,
    0xf4, 0xf4, 0xf8, 0xe2, 0x51, 0xff, 0x24, 0x24,
    0x24, 0x24, 0x20, 0x27, 0xff, 0x2b, 0x0, 0x0,
    0x4, 0xa, 0x0, 0xb4, 0xd0, 0x3b, 0x28, 0xac,
    0x93, 0x0, 0xe, 0x9b, 0xf1, 0xeb, 0xa2, 0x12,
    0x0, 0x0, 0x0, 0x0, 0x0, 0x0, 0x0, 0x0,
    0x0, 0x0, 0xbd, 0x6d, 0x0, 0x0, 0x0, 0x0,
    0x0, 0x55, 0x2b, 0x0, 0x0,

    /* U+1EBA "Ẻ" */
    0x0, 0x0, 0x3d, 0xbd, 0x3c, 0x0, 0x0, 0x0,
    0x0, 0x0, 0x58, 0xb6, 0x0, 0x0, 0x0, 0x0,
    0x31, 0xdf, 0x39, 0x0, 0x0, 0x0, 0x0, 0x7,
    0x19, 0x0, 0x0, 0x0, 0xd8, 0xff, 0xff, 0xff,
    0xff, 0xff, 0x68, 0xd8, 0x97, 0x28, 0x28, 0x28,
    0x28, 0x10, 0xd8, 0x78, 0x0, 0x0, 0x0, 0x0,
    0x0, 0xd8, 0x78, 0x0, 0x0, 0x0, 0x0, 0x0,
    0xd8, 0x78, 0x0, 0x0, 0x0, 0x0, 0x0, 0xd8,
    0xff, 0xf8, 0xf8, 0xf8, 0xc1, 0x0, 0xd8, 0x97,
    0x28, 0x28, 0x28, 0x1f, 0x0, 0xd8, 0x78, 0x0,
    0x0, 0x0, 0x0, 0x0, 0xd8, 0x78, 0x0, 0x0,
    0x0, 0x0, 0x0, 0xd8, 0x94, 0x24, 0x24, 0x24,
    0x24, 0x11, 0xd8, 0xff, 0xff, 0xff, 0xff, 0xff,
    0x7c,

    /* U+1EBB "ẻ" */
    0x0, 0x0, 0x0, 0x81, 0xb4, 0x28, 0x0, 0x0,
    0x0, 0x0, 0x93, 0xb0, 0x1e, 0x0, 0x0, 0x0,
    0x0, 0xf, 0x9, 0x0, 0x0, 0x0, 0x0, 0x0,
    0x0, 0x0, 0x0, 0x0, 0x0, 0xd, 0xa0, 0xf3,
    0xec, 0x82, 0x2, 0x0, 0xa4, 0xc6, 0x2f, 0x3a,
    0xe8, 0x6b, 0x23, 0xfe, 0x2b, 0x0, 0x0, 0x77,
    0xc5, 0x52, 0xff, 0xf4, 0xf4, 0xf4, 0xf8, 0xe2,
    0x51, 0xff, 0x24, 0x24, 0x24, 0x24, 0x20, 0x27,
    0xff, 0x2b, 0x0, 0x0, 0x4, 0xa, 0x0, 0xb4,
    0xd0, 0x3b, 0x28, 0xac, 0x93, 0x0, 0xe, 0x9b,
    0xf1, 0xeb, 0xa2, 0x12,

    /* U+1EBC "Ẽ" */
    0x0, 0x0, 0x0, 0x0, 0x2, 0x1, 0x0, 0x8,
    0xb4, 0xea, 0xec, 0xf4, 0x68, 0x0, 0x4, 0x1c,
    0x1c, 0x1c, 0xe, 0x0, 0x0, 0xd8, 0xff, 0xff,
    0xff, 0xff, 0xff, 0x68, 0xd8, 0x97, 0x28, 0x28,
    0x28, 0x28, 0x10, 0xd8, 0x78, 0x0, 0x0, 0x0,
    0x0, 0x0, 0xd8, 0x78, 0x0, 0x0, 0x0, 0x0,
    0x0, 0xd8, 0x78, 0x0, 0x0, 0x0, 0x0, 0x0,
    0xd8, 0xff, 0xf8, 0xf8, 0xf8, 0xc1, 0x0, 0xd8,
    0x97, 0x28, 0x28, 0x28, 0x1f, 0x0, 0xd8, 0x78,
    0x0, 0x0, 0x0, 0x0, 0x0, 0xd8, 0x78, 0x0,
    0x0, 0x0, 0x0, 0x0, 0xd8, 0x94, 0x24, 0x24,
    0x24, 0x24, 0x11, 0xd8, 0xff, 0xff, 0xff, 0xff,
    0xff, 0x7c,

    /* U+1EBD "ẽ" */
    0x0, 0x0, 0x0, 0x0, 0x0, 0xe, 0x3, 0x0,
    0x15, 0xda, 0xb6, 0xf, 0xbb, 0x33, 0x0, 0x71,
    0x80, 0x50, 0xf0, 0xc6, 0x4, 0x0, 0xf, 0x8,
    0x0, 0xa, 0x3, 0x0, 0x0, 0xd, 0xa0, 0xf3,
    0xec, 0x82, 0x2, 0x0, 0xa4, 0xc6, 0x2f, 0x3a,
    0xe8, 0x6b, 0x23, 0xfe, 0x2b, 0x0, 0x0, 0x77,
    0xc5, 0x52, 0xff, 0xf4, 0xf4, 0xf4, 0xf8, 0xe2,
    0x51, 0xff, 0x24, 0x24, 0x24, 0x24, 0x20, 0x27,
    0xff, 0x2b, 0x0, 0x0, 0x4, 0xa, 0x0, 0xb4,
    0xd0, 0x3b, 0x28, 0xac, 0x93, 0x0, 0xe, 0x9b,
    0xf1, 0xeb, 0xa2, 0x12,

    /* U+1EBE "Ế" */
    0x0, 0x0, 0x0, 0x0, 0x0, 0x0, 0x75, 0x31,
    0x0, 0x0, 0x44, 0x77, 0x7, 0x49, 0xd6, 0x8,
    0x0, 0x4e, 0xf2, 0xd4, 0xb6, 0x59, 0x2d, 0x0,
    0x9, 0x79, 0x32, 0x6, 0x70, 0x3e, 0x0, 0x0,
    0xd8, 0xff, 0xff, 0xff, 0xff, 0xff, 0x68, 0x0,
    0xd8, 0x97, 0x28, 0x28, 0x28, 0x28, 0x10, 0x0,
    0xd8, 0x78, 0x0, 0x0, 0x0, 0x0, 0x0, 0x0,
    0xd8, 0x78, 0x0, 0x0, 0x0, 0x0, 0x0, 0x0,
    0xd8, 0x78, 0x0, 0x0, 0x0, 0x0, 0x0, 0x0,
    0xd8, 0xff, 0xf8, 0xf8, 0xf8, 0xc1, 0x0, 0x0,
    0xd8, 0x97, 0x28, 0x28, 0x28, 0x1f, 0x0, 0x0,
    0xd8, 0x78, 0x0, 0x0, 0x0, 0x0, 0x0, 0x0,
    0xd8, 0x78, 0x0, 0x0, 0x0, 0x0, 0x0, 0x0,
    0xd8, 0x94, 0x24, 0x24, 0x24, 0x24, 0x11, 0x0,
    0xd8, 0xff, 0xff, 0xff, 0xff, 0xff, 0x7c, 0x0,

    /* U+1EBF "ế" */
    0x0, 0x0, 0x0, 0x0, 0x0, 0x0, 0x24, 0x7d,
    0x8, 0x0, 0x0, 0x0, 0x0, 0x0, 0x0, 0xa0,
    0x8f, 0x0, 0x0, 0x0, 0x39, 0xe5, 0xcd, 0x19,
    0x97, 0xb, 0x0, 0x0, 0x33, 0xdb, 0x35, 0x6d,
    0xc6, 0x11, 0x0, 0x0, 0x0, 0x0, 0x0, 0x0,
    0x0, 0x0, 0x0, 0x0, 0x0, 0x0, 0xd, 0xa0,
    0xf3, 0xec, 0x82, 0x2, 0x0, 0x0, 0x0, 0xa4,
    0xc6, 0x2f, 0x3a, 0xe8, 0x6b, 0x0, 0x0, 0x23,
    0xfe, 0x2b, 0x0, 0x0, 0x77, 0xc5, 0x0, 0x0,
    0x52, 0xff, 0xf4, 0xf4, 0xf4, 0xf8, 0xe2, 0x0,
    0x0, 0x51, 0xff, 0x24, 0x24, 0x24, 0x24, 0x20,
    0x0, 0x0, 0x27, 0xff, 0x2b, 0x0, 0x0, 0x4,
    0xa, 0x0, 0x0, 0x0, 0xb4, 0xd0, 0x3b, 0x28,
    0xac, 0x93, 0x0, 0x0, 0x0, 0xe, 0x9b, 0xf1,
    0xeb, 0xa2, 0x12, 0x0, 0x0,

    /* U+1EC0 "Ề" */
    0x2, 0x77, 0x2f, 0x0, 0x0, 0x0, 0x0, 0x0,
    0x0, 0x0, 0x71, 0xbb, 0x0, 0x0, 0x0, 0x0,
    0x0, 0x0, 0x0, 0x1, 0x74, 0x33, 0xca, 0xce,
    0x6c, 0x0, 0x0, 0x0, 0x0, 0x8, 0x73, 0x31,
    0x7, 0x72, 0x33, 0x0, 0x0, 0x0, 0xd8, 0xff,
    0xff, 0xff, 0xff, 0xff, 0x68, 0x0, 0x0, 0xd8,
    0x97, 0x28, 0x28, 0x28, 0x28, 0x10, 0x0, 0x0,
    0xd8, 0x78, 0x0, 0x0, 0x0, 0x0, 0x0, 0x0,
    0x0, 0xd8, 0x78, 0x0, 0x0, 0x0, 0x0, 0x0,
    0x0, 0x0, 0xd8, 0x78, 0x0, 0x0, 0x0, 0x0,
    0x0, 0x0, 0x0, 0xd8, 0xff, 0xf8, 0xf8, 0xf8,
    0xc1, 0x0, 0x0, 0x0, 0xd8, 0x97, 0x28, 0x28,
    0x28, 0x1f, 0x0, 0x0, 0x0, 0xd8, 0x78, 0x0,
    0x0, 0x0, 0x0, 0x0, 0x0, 0x0, 0xd8, 0x78,
    0x0, 0x0, 0x0, 0x0, 0x0, 0x0, 0x0, 0xd8,
    0x94, 0x24, 0x24, 0x24, 0x24, 0x11, 0x0, 0x0,
    0xd8, 0xff, 0xff, 0xff, 0xff, 0xff, 0x7c,

    /* U+1EC1 "ề" */
    0x2b, 0x7b, 0x2, 0x0, 0x0, 0x0, 0x0, 0x0,
    0x6, 0xd5, 0x53, 0x0, 0x0, 0x0, 0x0, 0x0,
    0x0, 0x36, 0x72, 0x39, 0xe6, 0xcb, 0x11, 0x0,
    0x0, 0x0, 0x36, 0xe1, 0x35, 0x78, 0xc9, 0x10,
    0x0, 0x0, 0x0, 0x0, 0x0, 0x0, 0x0, 0x0,
    0x0, 0x0, 0xd, 0xa0, 0xf3, 0xec, 0x82, 0x2,
    0x0, 0x0, 0xa4, 0xc6, 0x2f, 0x3a, 0xe8, 0x6b,
    0x0, 0x23, 0xfe, 0x2b, 0x0, 0x0, 0x77, 0xc5,
    0x0, 0x52, 0xff, 0xf4, 0xf4, 0xf4, 0xf8, 0xe2,
    0x0, 0x51, 0xff, 0x24, 0x24, 0x24, 0x24, 0x20,
    0x0, 0x27, 0xff, 0x2b, 0x0, 0x0, 0x4, 0xa,
    0x0, 0x0, 0xb4, 0xd0, 0x3b, 0x28, 0xac, 0x93,
    0x0, 0x0, 0xe, 0x9b, 0xf1, 0xeb, 0xa2, 0x12,

    /* U+1EC2 "Ể" */
    0x0, 0x0, 0x0, 0x0, 0x0, 0xad, 0x55, 0x0,
    0x0, 0x0, 0x0, 0x0, 0x1c, 0xd2, 0x0, 0x10,
    0xc4, 0xce, 0x52, 0xc5, 0x39, 0xa, 0xba, 0x57,
    0x13, 0xc6, 0x46, 0x0, 0xd8, 0xff, 0xff, 0xff,
    0xff, 0xff, 0x68, 0xd8, 0x97, 0x28, 0x28, 0x28,
    0x28, 0x10, 0xd8, 0x78, 0x0, 0x0, 0x0, 0x0,
    0x0, 0xd8, 0x78, 0x0, 0x0, 0x0, 0x0, 0x0,
    0xd8, 0x78, 0x0, 0x0, 0x0, 0x0, 0x0, 0xd8,
    0xff, 0xf8, 0xf8, 0xf8, 0xc1, 0x0, 0xd8, 0x97,
    0x28, 0x28, 0x28, 0x1f, 0x0, 0xd8, 0x78, 0x0,
    0x0, 0x0, 0x0, 0x0, 0xd8, 0x78, 0x0, 0x0,
    0x0, 0x0, 0x0, 0xd8, 0x94, 0x24, 0x24, 0x24,
    0x24, 0x11, 0xd8, 0xff, 0xff, 0xff, 0xff, 0xff,
    0x7c,

    /* U+1EC3 "ể" */
    0x0, 0x0, 0x0, 0x0, 0x0, 0x34, 0xa6, 0x1b,
    0x0, 0x0, 0x0, 0x0, 0x0, 0x0, 0x81, 0x72,
    0x0, 0x0, 0x4d, 0xd4, 0xd2, 0x4d, 0xb1, 0x11,
    0x0, 0x38, 0xc6, 0x16, 0x42, 0xc0, 0x10, 0x0,
    0x0, 0x0, 0x0, 0x0, 0x0, 0x0, 0x0, 0x0,
    0x0, 0xd, 0xa0, 0xf3, 0xec, 0x82, 0x2, 0x0,
    0x0, 0xa4, 0xc6, 0x2f, 0x3a, 0xe8, 0x6b, 0x0,
    0x23, 0xfe, 0x2b, 0x0, 0x0, 0x77, 0xc5, 0x0,
    0x52, 0xff, 0xf4, 0xf4, 0xf4, 0xf8, 0xe2, 0x0,
    0x51, 0xff, 0x24, 0x24, 0x24, 0x24, 0x20, 0x0,
    0x27, 0xff, 0x2b, 0x0, 0x0, 0x4, 0xa, 0x0,
    0x0, 0xb4, 0xd0, 0x3b, 0x28, 0xac, 0x93, 0x0,
    0x0, 0xe, 0x9b, 0xf1, 0xeb, 0xa2, 0x12, 0x0,

    /* U+1EC4 "Ễ" */
    0x0, 0x2a, 0xb9, 0x2c, 0x76, 0x0, 0x0, 0x0,
    0x68, 0x17, 0x9b, 0x7d, 0x0, 0x0, 0x0, 0x8,
    0x82, 0x98, 0x31, 0x0, 0x0, 0x6, 0x78, 0x3a,
    0xd, 0x81, 0x2c, 0x0, 0xd8, 0xff, 0xff, 0xff,
    0xff, 0xff, 0x68, 0xd8, 0x97, 0x28, 0x28, 0x28,
    0x28, 0x10, 0xd8, 0x78, 0x0, 0x0, 0x0, 0x0,
    0x0, 0xd8, 0x78, 0x0, 0x0, 0x0, 0x0, 0x0,
    0xd8, 0x78, 0x0, 0x0, 0x0, 0x0, 0x0, 0xd8,
    0xff, 0xf8, 0xf8, 0xf8, 0xc1, 0x0, 0xd8, 0x97,
    0x28, 0x28, 0x28, 0x1f, 0x0, 0xd8, 0x78, 0x0,
    0x0, 0x0, 0x0, 0x0, 0xd8, 0x78, 0x0, 0x0,
    0x0, 0x0, 0x0, 0xd8, 0x94, 0x24, 0x24, 0x24,
    0x24, 0x11, 0xd8, 0xff, 0xff, 0xff, 0xff, 0xff,
    0x7c,

    /* U+1EC5 "ễ" */
    0x0, 0x0, 0x6f, 0x9b, 0x12, 0x70, 0x0, 0x0,
    0x0, 0x7b, 0x2c, 0xc2, 0x37, 0x0, 0x0, 0x0,
    0x29, 0xdb, 0xbd, 0x9, 0x0, 0x0, 0x25, 0xd5,
    0x30, 0x6b, 0xb7, 0x7, 0x0, 0x13, 0x12, 0x0,
    0x0, 0x1b, 0x9, 0x0, 0xd, 0xa0, 0xf3, 0xec,
    0x82, 0x2, 0x0, 0xa4, 0xc6, 0x2f, 0x3a, 0xe8,
    0x6b, 0x23, 0xfe, 0x2b, 0x0, 0x0, 0x77, 0xc5,
    0x52, 0xff, 0xf4, 0xf4, 0xf4, 0xf8, 0xe2, 0x51,
    0xff, 0x24, 0x24, 0x24, 0x24, 0x20, 0x27, 0xff,
    0x2b, 0x0, 0x0, 0x4, 0xa, 0x0, 0xb4, 0xd0,
    0x3b, 0x28, 0xac, 0x93, 0x0, 0xe, 0x9b, 0xf1,
    0xeb, 0xa2, 0x12,

    /* U+1EC6 "Ệ" */
    0x0, 0x0, 0x30, 0x68, 0x0, 0x0, 0x0, 0x0,
    0x1f, 0xd4, 0xab, 0x75, 0x0, 0x0, 0x0, 0x56,
    0x37, 0x4, 0x74, 0xe, 0x0, 0xd8, 0xff, 0xff,
    0xff, 0xff, 0xff, 0x68, 0xd8, 0x97, 0x28, 0x28,
    0x28, 0x28, 0x10, 0xd8, 0x78, 0x0, 0x0, 0x0,
    0x0, 0x0, 0xd8, 0x78, 0x0, 0x0, 0x0, 0x0,
    0x0, 0xd8, 0x78, 0x0, 0x0, 0x0, 0x0, 0x0,
    0xd8, 0xff, 0xf8, 0xf8, 0xf8, 0xc1, 0x0, 0xd8,
    0x97, 0x28, 0x28, 0x28, 0x1f, 0x0, 0xd8, 0x78,
    0x0, 0x0, 0x0, 0x0, 0x0, 0xd8, 0x78, 0x0,
    0x0, 0x0, 0x0, 0x0, 0xd8, 0x94, 0x24, 0x24,
    0x24, 0x24, 0x11, 0xd8, 0xff, 0xff, 0xff, 0xff,
    0xff, 0x7c, 0x0, 0x0, 0x0, 0x0, 0x0, 0x0,
    0x0, 0x0, 0x0, 0x62, 0xc0, 0x0, 0x0, 0x0,
    0x0, 0x0, 0x27, 0x57, 0x0, 0x0, 0x0,

    /* U+1EC7 "ệ" */
    0x0, 0x0, 0x19, 0xd4, 0xad, 0x2, 0x0, 0x0,
    0x8, 0xb9, 0x3f, 0x7c, 0x7d, 0x0, 0x0, 0x0,
    0x0, 0x0, 0x0, 0x0, 0x0, 0x0, 0xd, 0xa0,
    0xf3, 0xec, 0x82, 0x2, 0x0, 0xa4, 0xc6, 0x2f,
    0x3a, 0xe8, 0x6b, 0x23, 0xfe, 0x2b, 0x0, 0x0,
    0x77, 0xc5, 0x52, 0xff, 0xf4, 0xf4, 0xf4, 0xf8,
    0xe2, 0x51, 0xff, 0x24, 0x24, 0x24, 0x24, 0x20,
    0x27, 0xff, 0x2b, 0x0, 0x0, 0x4, 0xa, 0x0,
    0xb4, 0xd0, 0x3b, 0x28, 0xac, 0x93, 0x0, 0xe,
    0x9b, 0xf1, 0xeb, 0xa2, 0x12, 0x0, 0x0, 0x0,
    0x0, 0x0, 0x0, 0x0, 0x0, 0x0, 0x0, 0xbd,
    0x6d, 0x0, 0x0, 0x0, 0x0, 0x0, 0x55, 0x2b,
    0x0, 0x0,

    /* U+1EC8 "Ỉ" */
    0x7d, 0xa9, 0x11, 0x0, 0xa9, 0x66, 0x83, 0xb3,
    0x15, 0x12, 0xe, 0x0, 0xc0, 0x94, 0x0, 0xc0,
    0x94, 0x0, 0xc0, 0x94, 0x0, 0xc0, 0x94, 0x0,
    0xc0, 0x94, 0x0, 0xc0, 0x94, 0x0, 0xc0, 0x94,
    0x0, 0xc0, 0x94, 0x0, 0xc0, 0x94, 0x0, 0xc0,
    0x94, 0x0, 0xc0, 0x94, 0x0,

    /* U+1EC9 "ỉ" */
    0x9b, 0xad, 0x15, 0xb7, 0x9b, 0xf, 0x13, 0x5,
    0x0, 0x0, 0x0, 0x0, 0xf0, 0x54, 0x0, 0xf0,
    0x54, 0x0, 0xf0, 0x54, 0x0, 0xf0, 0x54, 0x0,
    0xf0, 0x54, 0x0, 0xf0, 0x54, 0x0, 0xf0, 0x54,
    0x0, 0xf0, 0x54, 0x0,

    /* U+1ECA "Ị" */
    0xc0, 0x94, 0xc0, 0x94, 0xc0, 0x94, 0xc0, 0x94,
    0xc0, 0x94, 0xc0, 0x94, 0xc0, 0x94, 0xc0, 0x94,
    0xc0, 0x94, 0xc0, 0x94, 0xc0, 0x94, 0x0, 0x0,
    0xb4, 0x73, 0x51, 0x2f,

    /* U+1ECB "ị" */
    0x0, 0xd7, 0x4f, 0x0, 0x63, 0x1d, 0x0, 0x0,
    0x0, 0x0, 0xf0, 0x58, 0x0, 0xf0, 0x58, 0x0,
    0xf0, 0x58, 0x0, 0xf0, 0x58, 0x0, 0xf0, 0x58,
    0x0, 0xf0, 0x58, 0x0, 0xf0, 0x58, 0x0, 0xf0,
    0x58, 0x0, 0x0, 0x0, 0x4, 0xde, 0x42, 0x0,
    0x68, 0x18,

    /* U+1ECC "Ọ" */
    0x0, 0x0, 0x31, 0xbc, 0xf6, 0xea, 0x94, 0xd,
    0x0, 0x0, 0x2b, 0xf3, 0xa7, 0x3c, 0x4e, 0xdc,
    0xc0, 0x2, 0x0, 0xb2, 0xbc, 0x0, 0x0, 0x0,
    0x1e, 0xfa, 0x53, 0x7, 0xfa, 0x56, 0x0, 0x0,
    0x0, 0x0, 0xb3, 0xa1, 0x25, 0xff, 0x31, 0x0,
    0x0, 0x0, 0x0, 0x8f, 0xc5, 0x2f, 0xff, 0x20,
    0x0, 0x0, 0x0, 0x0, 0x7c, 0xcf, 0x25, 0xff,
    0x32, 0x0, 0x0, 0x0, 0x0, 0x8f, 0xc5, 0x7,
    0xf9, 0x56, 0x0, 0x0, 0x0, 0x0, 0xb2, 0xa2,
    0x0, 0xb0, 0xbd, 0x0, 0x0, 0x0, 0x1a, 0xf9,
    0x56, 0x0, 0x2a, 0xf3, 0xa6, 0x38, 0x49, 0xd7,
    0xc6, 0x3, 0x0, 0x0, 0x33, 0xbf, 0xf6, 0xec,
    0x9a, 0x10, 0x0, 0x0, 0x0, 0x0, 0x0, 0x0,
    0x0, 0x0, 0x0, 0x0, 0x0, 0x0, 0x0, 0x0,
    0xc8, 0x62, 0x0, 0x0, 0x0, 0x0, 0x0, 0x0,
    0x0, 0x5a, 0x26, 0x0, 0x0, 0x0,

    /* U+1ECD "ọ" */
    0x0, 0xe, 0x9f, 0xf1, 0xf0, 0x9d, 0xd, 0x0,
    0x0, 0xaa, 0xd0, 0x38, 0x3a, 0xd2, 0xa6, 0x0,
    0x22, 0xff, 0x2d, 0x0, 0x0, 0x34, 0xfe, 0x1f,
    0x4f, 0xf0, 0x0, 0x0, 0x0, 0x0, 0xf5, 0x4b,
    0x4f, 0xef, 0x0, 0x0, 0x0, 0x0, 0xf5, 0x4b,
    0x23, 0xff, 0x2b, 0x0, 0x0, 0x32, 0xfe, 0x1f,
    0x0, 0xac, 0xcd, 0x36, 0x37, 0xcf, 0xa8, 0x0,
    0x0, 0xa, 0x9b, 0xf2, 0xf1, 0x99, 0x9, 0x0,
    0x0, 0x0, 0x0, 0x0, 0x0, 0x0, 0x0, 0x0,
    0x0, 0x0, 0x0, 0xa0, 0x86, 0x0, 0x0, 0x0,
    0x0, 0x0, 0x0, 0x47, 0x39, 0x0, 0x0, 0x0,

    /* U+1ECE "Ỏ" */
    0x0, 0x0, 0x0, 0x0, 0x92, 0xa3, 0xa, 0x0,
    0x0, 0x0, 0x0, 0x0, 0x0, 0x0, 0xbe, 0x52,
    0x0, 0x0, 0x0, 0x0, 0x0, 0x0, 0x97, 0xa8,
    0xe, 0x0, 0x0, 0x0, 0x0, 0x0, 0x0, 0x15,
    0xb, 0x0, 0x0, 0x0, 0x0, 0x0, 0x31, 0xbc,
    0xf6, 0xea, 0x94, 0xd, 0x0, 0x0, 0x2b, 0xf3,
    0xa7, 0x3c, 0x4e, 0xdc, 0xc0, 0x2, 0x0, 0xb2,
    0xbc, 0x0, 0x0, 0x0, 0x1e, 0xfa, 0x53, 0x7,
    0xfa, 0x56, 0x0, 0x0, 0x0, 0x0, 0xb3, 0xa1,
    0x25, 0xff, 0x31, 0x0, 0x0, 0x0, 0x0, 0x8f,
    0xc5, 0x2f, 0xff, 0x20, 0x0, 0x0, 0x0, 0x0,
    0x7c, 0xcf, 0x25, 0xff, 0x32, 0x0, 0x0, 0x0,
    0x0, 0x8f, 0xc5, 0x7, 0xf9, 0x56, 0x0, 0x0,
    0x0, 0x0, 0xb2, 0xa2, 0x0, 0xb0, 0xbd, 0x0,
    0x0, 0x0, 0x1a, 0xf9, 0x56, 0x0, 0x2a, 0xf3,
    0xa6, 0x38, 0x49, 0xd7, 0xc6, 0x3, 0x0, 0x0,
    0x33, 0xbf, 0xf6, 0xec, 0x9a, 0x10, 0x0,

    /* U+1ECF "ỏ" */
    0x0, 0x0, 0x0, 0x76, 0xb6, 0x32, 0x0, 0x0,
    0x0, 0x0, 0x0, 0x80, 0xba, 0x25, 0x0, 0x0,
    0x0, 0x0, 0x0, 0xe, 0xb, 0x0, 0x0, 0x0,
    0x0, 0x0, 0x0, 0x0, 0x0, 0x0, 0x0, 0x0,
    0x0, 0xe, 0x9f, 0xf1, 0xf0, 0x9d, 0xd, 0x0,
    0x0, 0xaa, 0xd0, 0x38, 0x3a, 0xd2, 0xa6, 0x0,
    0x22, 0xff, 0x2d, 0x0, 0x0, 0x34, 0xfe, 0x1f,
    0x4f, 0xf0, 0x0, 0x0, 0x0, 0x0, 0xf5, 0x4b,
    0x4f, 0xef, 0x0, 0x0, 0x0, 0x0, 0xf5, 0x4b,
    0x23, 0xff, 0x2b, 0x0, 0x0, 0x32, 0xfe, 0x1f,
    0x0, 0xac, 0xcd, 0x36, 0x37, 0xcf, 0xa8, 0x0,
    0x0, 0xa, 0x9b, 0xf2, 0xf1, 0x99, 0x9, 0x0,

    /* U+1ED0 "Ố" */
    0x0, 0x0, 0x0, 0x0, 0x0, 0x0, 0x0, 0x29,
    0x7a, 0x5, 0x0, 0x0, 0x0, 0x4, 0x73, 0x4d,
    0x0, 0xaf, 0x7b, 0x0, 0x0, 0x0, 0x4, 0xaa,
    0xd8, 0xf1, 0x62, 0x76, 0x3, 0x0, 0x0, 0x0,
    0x36, 0x75, 0xa, 0x2a, 0x7c, 0xf, 0x0, 0x0,
    0x0, 0x0, 0x31, 0xbc, 0xf6, 0xea, 0x94, 0xd,
    0x0, 0x0, 0x0, 0x2b, 0xf3, 0xa7, 0x3c, 0x4e,
    0xdc, 0xc0, 0x2, 0x0, 0x0, 0xb2, 0xbc, 0x0,
    0x0, 0x0, 0x1e, 0xfa, 0x53, 0x0, 0x7, 0xfa,
    0x56, 0x0, 0x0, 0x0, 0x0, 0xb3, 0xa1, 0x0,
    0x25, 0xff, 0x31, 0x0, 0x0, 0x0, 0x0, 0x8f,
    0xc5, 0x0, 0x2f, 0xff, 0x20, 0x0, 0x0, 0x0,
    0x0, 0x7c, 0xcf, 0x0, 0x25, 0xff, 0x32, 0x0,
    0x0, 0x0, 0x0, 0x8f, 0xc5, 0x0, 0x7, 0xf9,
    0x56, 0x0, 0x0, 0x0, 0x0, 0xb2, 0xa2, 0x0,
    0x0, 0xb0, 0xbd, 0x0, 0x0, 0x0, 0x1a, 0xf9,
    0x56, 0x0, 0x0, 0x2a, 0xf3, 0xa6, 0x38, 0x49,
    0xd7, 0xc6, 0x3, 0x0, 0x0, 0x0, 0x33, 0xbf,
    0xf6, 0xec, 0x9a, 0x10, 0x0, 0x0,

    /* U+1ED1 "ố" */
    0x0, 0x0, 0x0, 0x0, 0x0, 0x0, 0x1c, 0x7f,
    0xe, 0x0, 0x0, 0x0, 0x0, 0x0, 0x0, 0x8e,
    0x9f, 0x0, 0x0, 0x0, 0x2e, 0xe2, 0xd7, 0x1c,
    0x93, 0x12, 0x0, 0x0, 0x29, 0xd9, 0x42, 0x5d,
    0xcf, 0x18, 0x0, 0x0, 0x0, 0x0, 0x0, 0x0,
    0x0, 0x0, 0x0, 0x0, 0x0, 0x0, 0xe, 0x9f,
    0xf1, 0xf0, 0x9d, 0xd, 0x0, 0x0, 0x0, 0xaa,
    0xd0, 0x38, 0x3a, 0xd2, 0xa6, 0x0, 0x0, 0x22,
    0xff, 0x2d, 0x0, 0x0, 0x34, 0xfe, 0x1f, 0x0,
    0x4f, 0xf0, 0x0, 0x0, 0x0, 0x0, 0xf5, 0x4b,
    0x0, 0x4f, 0xef, 0x0, 0x0, 0x0, 0x0, 0xf5,
    0x4b, 0x0, 0x23, 0xff, 0x2b, 0x0, 0x0, 0x32,
    0xfe, 0x1f, 0x0, 0x0, 0xac, 0xcd, 0x36, 0x37,
    0xcf, 0xa8, 0x0, 0x0, 0x0, 0xa, 0x9b, 0xf2,
    0xf1, 0x99, 0x9, 0x0, 0x0,

    /* U+1ED2 "Ồ" */
    0x2c, 0x79, 0x1, 0x0, 0x0, 0x0, 0x0, 0x0,
    0x0, 0x5, 0xcf, 0x53, 0x5, 0x74, 0x49, 0x0,
    0x0, 0x0, 0x0, 0x28, 0x5d, 0xad, 0xd7, 0xf2,
    0x56, 0x0, 0x0, 0x0, 0x0, 0x38, 0x74, 0x9,
    0x2d, 0x7c, 0xd, 0x0, 0x0, 0x0, 0x31, 0xbc,
    0xf6, 0xea, 0x94, 0xd, 0x0, 0x0, 0x2b, 0xf3,
    0xa7, 0x3c, 0x4e, 0xdc, 0xc0, 0x2, 0x0, 0xb2,
    0xbc, 0x0, 0x0, 0x0, 0x1e, 0xfa, 0x53, 0x7,
    0xfa, 0x56, 0x0, 0x0, 0x0, 0x0, 0xb3, 0xa1,
    0x25, 0xff, 0x31, 0x0, 0x0, 0x0, 0x0, 0x8f,
    0xc5, 0x2f, 0xff, 0x20, 0x0, 0x0, 0x0, 0x0,
    0x7c, 0xcf, 0x25, 0xff, 0x32, 0x0, 0x0, 0x0,
    0x0, 0x8f, 0xc5, 0x7, 0xf9, 0x56, 0x0, 0x0,
    0x0, 0x0, 0xb2, 0xa2, 0x0, 0xb0, 0xbd, 0x0,
    0x0, 0x0, 0x1a, 0xf9, 0x56, 0x0, 0x2a, 0xf3,
    0xa6, 0x38, 0x49, 0xd7, 0xc6, 0x3, 0x0, 0x0,
    0x33, 0xbf, 0xf6, 0xec, 0x9a, 0x10, 0x0,

    /* U+1ED3 "ồ" */
    0x21, 0x7e, 0x7, 0x0, 0x0, 0x0, 0x0, 0x0,
    0x0, 0x2, 0xc6, 0x65, 0x0, 0x0, 0x0, 0x0,
    0x0, 0x0, 0x0, 0x29, 0x7e, 0x2f, 0xe2, 0xd5,
    0x18, 0x0, 0x0, 0x0, 0x0, 0x2c, 0xe0, 0x40,
    0x66, 0xd2, 0x16, 0x0, 0x0, 0x0, 0x0, 0x0,
    0x0, 0x0, 0x0, 0x0, 0x0, 0x0, 0x0, 0xe,
    0x9f, 0xf1, 0xf0, 0x9d, 0xd, 0x0, 0x0, 0x0,
    0xaa, 0xd0, 0x38, 0x3a, 0xd2, 0xa6, 0x0, 0x0,
    0x22, 0xff, 0x2d, 0x0, 0x0, 0x34, 0xfe, 0x1f,
    0x0, 0x4f, 0xf0, 0x0, 0x0, 0x0, 0x0, 0xf5,
    0x4b, 0x0, 0x4f, 0xef, 0x0, 0x0, 0x0, 0x0,
    0xf5, 0x4b, 0x0, 0x23, 0xff, 0x2b, 0x0, 0x0,
    0x32, 0xfe, 0x1f, 0x0, 0x0, 0xac, 0xcd, 0x36,
    0x37, 0xcf, 0xa8, 0x0, 0x0, 0x0, 0xa, 0x9b,
    0xf2, 0xf1, 0x99, 0x9, 0x0,

    /* U+1ED4 "Ổ" */
    0x0, 0x0, 0x0, 0x0, 0x0, 0x0, 0x3a, 0xa6,
    0x18, 0x0, 0x0, 0x0, 0x0, 0x0, 0x0, 0x0,
    0x7f, 0x6a, 0x0, 0x0, 0x0, 0x4b, 0xce, 0xc9,
    0x4d, 0xb4, 0x10, 0x0, 0x0, 0x3d, 0xca, 0x17,
    0x4f, 0xc0, 0xe, 0x0, 0x0, 0x0, 0x31, 0xbc,
    0xf6, 0xea, 0x94, 0xd, 0x0, 0x0, 0x2b, 0xf3,
    0xa7, 0x3c, 0x4e, 0xdc, 0xc0, 0x2, 0x0, 0xb2,
    0xbc, 0x0, 0x0, 0x0, 0x1e, 0xfa, 0x53, 0x7,
    0xfa, 0x56, 0x0, 0x0, 0x0, 0x0, 0xb3, 0xa1,
    0x25, 0xff, 0x31, 0x0, 0x0, 0x0, 0x0, 0x8f,
    0xc5, 0x2f, 0xff, 0x20, 0x0, 0x0, 0x0, 0x0,
    0x7c, 0xcf, 0x25, 0xff, 0x32, 0x0, 0x0, 0x0,
    0x0, 0x8f, 0xc5, 0x7, 0xf9, 0x56, 0x0, 0x0,
    0x0, 0x0, 0xb2, 0xa2, 0x0, 0xb0, 0xbd, 0x0,
    0x0, 0x0, 0x1a, 0xf9, 0x56, 0x0, 0x2a, 0xf3,
    0xa6, 0x38, 0x49, 0xd7, 0xc6, 0x3, 0x0, 0x0,
    0x33, 0xbf, 0xf6, 0xec, 0x9a, 0x10, 0x0,

    /* U+1ED5 "ổ" */
    0x0, 0x0, 0x0, 0x0, 0x0, 0x29, 0xaa, 0x23,
    0x0, 0x0, 0x0, 0x0, 0x0, 0x0, 0x6f, 0x82,
    0x0, 0x0, 0x3e, 0xd5, 0xd6, 0x46, 0xbc, 0x16,
    0x0, 0x2b, 0xc7, 0x1f, 0x36, 0xc6, 0x18, 0x0,
    0x0, 0x0, 0x0, 0x0, 0x0, 0x0, 0x0, 0x0,
    0x0, 0xe, 0x9f, 0xf1, 0xf0, 0x9d, 0xd, 0x0,
    0x0, 0xaa, 0xd0, 0x38, 0x3a, 0xd2, 0xa6, 0x0,
    0x22, 0xff, 0x2d, 0x0, 0x0, 0x34, 0xfe, 0x1f,
    0x4f, 0xf0, 0x0, 0x0, 0x0, 0x0, 0xf5, 0x4b,
    0x4f, 0xef, 0x0, 0x0, 0x0, 0x0, 0xf5, 0x4b,
    0x23, 0xff, 0x2b, 0x0, 0x0, 0x32, 0xfe, 0x1f,
    0x0, 0xac, 0xcd, 0x36, 0x37, 0xcf, 0xa8, 0x0,
    0x0, 0xa, 0x9b, 0xf2, 0xf1, 0x99, 0x9, 0x0,

    /* U+1ED6 "Ỗ" */
    0x0, 0x0, 0x0, 0x75, 0x9b, 0x12, 0x6a, 0x0,
    0x0, 0x0, 0x0, 0x0, 0x7a, 0x2e, 0xbc, 0x33,
    0x0, 0x0, 0x0, 0x0, 0x0, 0x21, 0x97, 0x7e,
    0x5, 0x0, 0x0, 0x0, 0x0, 0x29, 0x9a, 0x1a,
    0x4a, 0x8b, 0x9, 0x0, 0x0, 0x0, 0x31, 0xbc,
    0xf6, 0xea, 0x94, 0xd, 0x0, 0x0, 0x2b, 0xf3,
    0xa7, 0x3c, 0x4e, 0xdc, 0xc0, 0x2, 0x0, 0xb2,
    0xbc, 0x0, 0x0, 0x0, 0x1e, 0xfa, 0x53, 0x7,
    0xfa, 0x56, 0x0, 0x0, 0x0, 0x0, 0xb3, 0xa1,
    0x25, 0xff, 0x31, 0x0, 0x0, 0x0, 0x0, 0x8f,
    0xc5, 0x2f, 0xff, 0x20, 0x0, 0x0, 0x0, 0x0,
    0x7c, 0xcf, 0x25, 0xff, 0x32, 0x0, 0x0, 0x0,
    0x0, 0x8f, 0xc5, 0x7, 0xf9, 0x56, 0x0, 0x0,
    0x0, 0x0, 0xb2, 0xa2, 0x0, 0xb0, 0xbd, 0x0,
    0x0, 0x0, 0x1a, 0xf9, 0x56, 0x0, 0x2a, 0xf3,
    0xa6, 0x38, 0x49, 0xd7, 0xc6, 0x3, 0x0, 0x0,
    0x33, 0xbf, 0xf6, 0xec, 0x9a, 0x10, 0x0,

    /* U+1ED7 "ỗ" */
    0x0, 0x0, 0x61, 0xa2, 0x10, 0x76, 0x0, 0x0,
    0x0, 0x0, 0x78, 0x20, 0xbf, 0x43, 0x0, 0x0,
    0x0, 0x0, 0x20, 0xd6, 0xc8, 0xf, 0x0, 0x0,
    0x0, 0x1b, 0xd2, 0x3c, 0x5b, 0xc4, 0xc, 0x0,
    0x0, 0x10, 0x14, 0x0, 0x0, 0x19, 0xc, 0x0,
    0x0, 0xe, 0x9f, 0xf1, 0xf0, 0x9d, 0xd, 0x0,
    0x0, 0xaa, 0xd0, 0x38, 0x3a, 0xd2, 0xa6, 0x0,
    0x22, 0xff, 0x2d, 0x0, 0x0, 0x34, 0xfe, 0x1f,
    0x4f, 0xf0, 0x0, 0x0, 0x0, 0x0, 0xf5, 0x4b,
    0x4f, 0xef, 0x0, 0x0, 0x0, 0x0, 0xf5, 0x4b,
    0x23, 0xff, 0x2b, 0x0, 0x0, 0x32, 0xfe, 0x1f,
    0x0, 0xac, 0xcd, 0x36, 0x37, 0xcf, 0xa8, 0x0,
    0x0, 0xa, 0x9b, 0xf2, 0xf1, 0x99, 0x9, 0x0,

    /* U+1ED8 "Ộ" */
    0x0, 0x0, 0x0, 0x0, 0x62, 0x36, 0x0, 0x0,
    0x0, 0x0, 0x0, 0x0, 0x6a, 0xb2, 0xd1, 0x23,
    0x0, 0x0, 0x0, 0x0, 0xb, 0x77, 0x8, 0x2e,
    0x58, 0x0, 0x0, 0x0, 0x0, 0x31, 0xbc, 0xf6,
    0xea, 0x94, 0xd, 0x0, 0x0, 0x2b, 0xf3, 0xa7,
    0x3c, 0x4e, 0xdc, 0xc0, 0x2, 0x0, 0xb2, 0xbc,
    0x0, 0x0, 0x0, 0x1e, 0xfa, 0x53, 0x7, 0xfa,
    0x56, 0x0, 0x0, 0x0, 0x0, 0xb3, 0xa1, 0x25,
    0xff, 0x31, 0x0, 0x0, 0x0, 0x0, 0x8f, 0xc5,
    0x2f, 0xff, 0x20, 0x0, 0x0, 0x0, 0x0, 0x7c,
    0xcf, 0x25, 0xff, 0x32, 0x0, 0x0, 0x0, 0x0,
    0x8f, 0xc5, 0x7, 0xf9, 0x56, 0x0, 0x0, 0x0,
    0x0, 0xb2, 0xa2, 0x0, 0xb0, 0xbd, 0x0, 0x0,
    0x0, 0x1a, 0xf9, 0x56, 0x0, 0x2a, 0xf3, 0xa6,
    0x38, 0x49, 0xd7, 0xc6, 0x3, 0x0, 0x0, 0x33,
    0xbf, 0xf6, 0xec, 0x9a, 0x10, 0x0, 0x0, 0x0,
    0x0, 0x0, 0x0, 0x0, 0x0, 0x0, 0x0, 0x0,
    0x0, 0x0, 0x0, 0xc8, 0x62, 0x0, 0x0, 0x0,
    0x0, 0x0, 0x0, 0x0, 0x5a, 0x26, 0x0, 0x0,
    0x0,

    /* U+1ED9 "ộ" */
    0x0, 0x0, 0x12, 0xcd, 0xb8, 0x5, 0x0, 0x0,
    0x0, 0x4, 0xb1, 0x4d, 0x6c, 0x8e, 0x0, 0x0,
    0x0, 0x0, 0x0, 0x0, 0x0, 0x0, 0x0, 0x0,
    0x0, 0xe, 0x9f, 0xf1, 0xf0, 0x9d, 0xd, 0x0,
    0x0, 0xaa, 0xd0, 0x38, 0x3a, 0xd2, 0xa6, 0x0,
    0x22, 0xff, 0x2d, 0x0, 0x0, 0x34, 0xfe, 0x1f,
    0x4f, 0xf0, 0x0, 0x0, 0x0, 0x0, 0xf5, 0x4b,
    0x4f, 0xef, 0x0, 0x0, 0x0, 0x0, 0xf5, 0x4b,
    0x23, 0xff, 0x2b, 0x0, 0x0, 0x32, 0xfe, 0x1f,
    0x0, 0xac, 0xcd, 0x36, 0x37, 0xcf, 0xa8, 0x0,
    0x0, 0xa, 0x9b, 0xf2, 0xf1, 0x99, 0x9, 0x0,
    0x0, 0x0, 0x0, 0x0, 0x0, 0x0, 0x0, 0x0,
    0x0, 0x0, 0x0, 0xa0, 0x86, 0x0, 0x0, 0x0,
    0x0, 0x0, 0x0, 0x47, 0x39, 0x0, 0x0, 0x0,

    /* U+1EDA "Ớ" */
    0x0, 0x0, 0x0, 0x0, 0x0, 0x5d, 0x5c, 0x0,
    0x0, 0x0, 0x0, 0x0, 0x0, 0x0, 0x3c, 0xe5,
    0x22, 0x0, 0x0, 0x0, 0x0, 0x0, 0x0, 0x0,
    0x5d, 0x2d, 0x0, 0x0, 0x2d, 0x66, 0x0, 0x0,
    0x42, 0xc8, 0xf7, 0xdc, 0x7e, 0x13, 0xa6, 0xa4,
    0x0, 0x40, 0xfa, 0x94, 0x39, 0x5e, 0xe2, 0xff,
    0xbc, 0x1c, 0x0, 0xce, 0xa0, 0x0, 0x0, 0x0,
    0x31, 0xff, 0x2e, 0x0, 0x1e, 0xff, 0x37, 0x0,
    0x0, 0x0, 0x0, 0xce, 0x81, 0x0, 0x41, 0xff,
    0x11, 0x0, 0x0, 0x0, 0x0, 0xa9, 0xa1, 0x0,
    0x4b, 0xff, 0x0, 0x0, 0x0, 0x0, 0x0, 0x9c,
    0xb3, 0x0, 0x3a, 0xff, 0xe, 0x0, 0x0, 0x0,
    0x0, 0xad, 0xa9, 0x0, 0x1a, 0xff, 0x36, 0x0,
    0x0, 0x0, 0x0, 0xcf, 0x86, 0x0, 0x0, 0xc9,
    0x9a, 0x0, 0x0, 0x0, 0x33, 0xff, 0x39, 0x0,
    0x0, 0x3b, 0xf9, 0x89, 0x38, 0x53, 0xe7, 0xaa,
    0x0, 0x0, 0x0, 0x0, 0x3d, 0xc4, 0xf4, 0xe6,
    0x8b, 0x8, 0x0, 0x0,

    /* U+1EDB "ớ" */
    0x0, 0x0, 0x0, 0x0, 0xb7, 0xaa, 0x2, 0x0,
    0x0, 0x0, 0x0, 0x0, 0x5f, 0xbf, 0x7, 0x0,
    0x0, 0x0, 0x0, 0x0, 0x0, 0x5, 0x2, 0x0,
    0x0, 0x89, 0x25, 0x0, 0xe, 0x9f, 0xf1, 0xf0,
    0x9d, 0x1d, 0xeb, 0x15, 0x0, 0xaa, 0xd0, 0x38,
    0x3a, 0xd2, 0xff, 0x72, 0x0, 0x22, 0xff, 0x2d,
    0x0, 0x0, 0x34, 0xfe, 0x1f, 0x0, 0x4f, 0xf0,
    0x0, 0x0, 0x0, 0x0, 0xf5, 0x4b, 0x0, 0x4f,
    0xef, 0x0, 0x0, 0x0, 0x0, 0xf5, 0x4b, 0x0,
    0x23, 0xff, 0x2b, 0x0, 0x0, 0x32, 0xfe, 0x1f,
    0x0, 0x0, 0xac, 0xcd, 0x36, 0x37, 0xcf, 0xa8,
    0x0, 0x0, 0x0, 0xa, 0x9b, 0xf2, 0xf1, 0x99,
    0x9, 0x0, 0x0,

    /* U+1EDC "Ờ" */
    0x0, 0x0, 0xf, 0x7e, 0x2f, 0x0, 0x0, 0x0,
    0x0, 0x0, 0x0, 0x0, 0x0, 0x73, 0xd5, 0x7,
    0x0, 0x0, 0x0, 0x0, 0x0, 0x0, 0x0, 0x0,
    0x64, 0x2e, 0x0, 0x0, 0x2d, 0x66, 0x0, 0x0,
    0x42, 0xc8, 0xf7, 0xdc, 0x7e, 0x13, 0xa6, 0xa4,
    0x0, 0x40, 0xfa, 0x94, 0x39, 0x5e, 0xe2, 0xff,
    0xbc, 0x1c, 0x0, 0xce, 0xa0, 0x0, 0x0, 0x0,
    0x31, 0xff, 0x2e, 0x0, 0x1e, 0xff, 0x37, 0x0,
    0x0, 0x0, 0x0, 0xce, 0x81, 0x0, 0x41, 0xff,
    0x11, 0x0, 0x0, 0x0, 0x0, 0xa9, 0xa1, 0x0,
    0x4b, 0xff, 0x0, 0x0, 0x0, 0x0, 0x0, 0x9c,
    0xb3, 0x0, 0x3a, 0xff, 0xe, 0x0, 0x0, 0x0,
    0x0, 0xad, 0xa9, 0x0, 0x1a, 0xff, 0x36, 0x0,
    0x0, 0x0, 0x0, 0xcf, 0x86, 0x0, 0x0, 0xc9,
    0x9a, 0x0, 0x0, 0x0, 0x33, 0xff, 0x39, 0x0,
    0x0, 0x3b, 0xf9, 0x89, 0x38, 0x53, 0xe7, 0xaa,
    0x0, 0x0, 0x0, 0x0, 0x3d, 0xc4, 0xf4, 0xe6,
    0x8b, 0x8, 0x0, 0x0,

    /* U+1EDD "ờ" */
    0x0, 0x3, 0xb5, 0xb2, 0x0, 0x0, 0x0, 0x0,
    0x0, 0x0, 0x0, 0xc, 0xce, 0x5a, 0x0, 0x0,
    0x0, 0x0, 0x0, 0x0, 0x0, 0x3, 0x5, 0x0,
    0x0, 0x89, 0x25, 0x0, 0xe, 0x9f, 0xf1, 0xf0,
    0x9d, 0x1d, 0xeb, 0x15, 0x0, 0xaa, 0xd0, 0x38,
    0x3a, 0xd2, 0xff, 0x72, 0x0, 0x22, 0xff, 0x2d,
    0x0, 0x0, 0x34, 0xfe, 0x1f, 0x0, 0x4f, 0xf0,
    0x0, 0x0, 0x0, 0x0, 0xf5, 0x4b, 0x0, 0x4f,
    0xef, 0x0, 0x0, 0x0, 0x0, 0xf5, 0x4b, 0x0,
    0x23, 0xff, 0x2b, 0x0, 0x0, 0x32, 0xfe, 0x1f,
    0x0, 0x0, 0xac, 0xcd, 0x36, 0x37, 0xcf, 0xa8,
    0x0, 0x0, 0x0, 0xa, 0x9b, 0xf2, 0xf1, 0x99,
    0x9, 0x0, 0x0,

    /* U+1EDE "Ở" */
    0x0, 0x0, 0x0, 0x0, 0x93, 0x9e, 0x9, 0x0,
    0x0, 0x0, 0x0, 0x0, 0x0, 0x0, 0x0, 0xc3,
    0x4a, 0x0, 0x0, 0x0, 0x0, 0x0, 0x0, 0x0,
    0x9c, 0xa0, 0xa, 0x0, 0x6, 0x10, 0x0, 0x0,
    0x0, 0x0, 0x16, 0xa, 0x0, 0x0, 0x63, 0xc6,
    0x0, 0x0, 0x42, 0xc8, 0xf7, 0xdc, 0x7e, 0x1b,
    0xbe, 0x86, 0x0, 0x40, 0xfa, 0x94, 0x39, 0x5e,
    0xe2, 0xff, 0xab, 0xe, 0x0, 0xce, 0xa0, 0x0,
    0x0, 0x0, 0x31, 0xff, 0x2e, 0x0, 0x1e, 0xff,
    0x37, 0x0, 0x0, 0x0, 0x0, 0xce, 0x81, 0x0,
    0x41, 0xff, 0x11, 0x0, 0x0, 0x0, 0x0, 0xa9,
    0xa1, 0x0, 0x4b, 0xff, 0x0, 0x0, 0x0, 0x0,
    0x0, 0x9c, 0xb3, 0x0, 0x3a, 0xff, 0xe, 0x0,
    0x0, 0x0, 0x0, 0xad, 0xa9, 0x0, 0x1a, 0xff,
    0x36, 0x0, 0x0, 0x0, 0x0, 0xcf, 0x86, 0x0,
    0x0, 0xc9, 0x9a, 0x0, 0x0, 0x0, 0x33, 0xff,
    0x39, 0x0, 0x0, 0x3b, 0xf9, 0x89, 0x38, 0x53,
    0xe7, 0xaa, 0x0, 0x0, 0x0, 0x0, 0x3d, 0xc4,
    0xf4, 0xe6, 0x8b, 0x8, 0x0, 0x0,

    /* U+1EDF "ở" */
    0x0, 0x0, 0x0, 0x6c, 0xb7, 0x39, 0x0, 0x0,
    0x0, 0x0, 0x0, 0x0, 0x74, 0xc0, 0x2b, 0x0,
    0x0, 0x0, 0x0, 0x0, 0x0, 0xc, 0xc, 0x0,
    0x0, 0x24, 0xc, 0x0, 0x0, 0x0, 0x0, 0x0,
    0x0, 0x0, 0xcc, 0x38, 0x0, 0xe, 0x9f, 0xf1,
    0xf0, 0x9d, 0x25, 0xee, 0xe, 0x0, 0xaa, 0xd0,
    0x38, 0x3a, 0xd2, 0xff, 0x60, 0x0, 0x22, 0xff,
    0x2d, 0x0, 0x0, 0x34, 0xfe, 0x1f, 0x0, 0x4f,
    0xf0, 0x0, 0x0, 0x0, 0x0, 0xf5, 0x4b, 0x0,
    0x4f, 0xef, 0x0, 0x0, 0x0, 0x0, 0xf5, 0x4b,
    0x0, 0x23, 0xff, 0x2b, 0x0, 0x0, 0x32, 0xfe,
    0x1f, 0x0, 0x0, 0xac, 0xcd, 0x36, 0x37, 0xcf,
    0xa8, 0x0, 0x0, 0x0, 0xa, 0x9b, 0xf2, 0xf1,
    0x99, 0x9, 0x0, 0x0,

    /* U+1EE0 "Ỡ" */
    0x0, 0x0, 0x0, 0x0, 0x0, 0x0, 0x3, 0x0,
    0x0, 0x0, 0x0, 0x0, 0x45, 0xd9, 0xec, 0xec,
    0xe4, 0x14, 0x0, 0x0, 0x0, 0x0, 0x10, 0x1c,
    0x1c, 0x1a, 0x3, 0x0, 0x55, 0xb3, 0x0, 0x0,
    0x42, 0xc8, 0xf7, 0xdc, 0x7e, 0x17, 0xb7, 0x91,
    0x0, 0x40, 0xfa, 0x94, 0x39, 0x5e, 0xe2, 0xff,
    0xb2, 0x12, 0x0, 0xce, 0xa0, 0x0, 0x0, 0x0,
    0x31, 0xff, 0x2e, 0x0, 0x1e, 0xff, 0x37, 0x0,
    0x0, 0x0, 0x0, 0xce, 0x81, 0x0, 0x41, 0xff,
    0x11, 0x0, 0x0, 0x0, 0x0, 0xa9, 0xa1, 0x0,
    0x4b, 0xff, 0x0, 0x0, 0x0, 0x0, 0x0, 0x9c,
    0xb3, 0x0, 0x3a, 0xff, 0xe, 0x0, 0x0, 0x0,
    0x0, 0xad, 0xa9, 0x0, 0x1a, 0xff, 0x36, 0x0,
    0x0, 0x0, 0x0, 0xcf, 0x86, 0x0, 0x0, 0xc9,
    0x9a, 0x0, 0x0, 0x0, 0x33, 0xff, 0x39, 0x0,
    0x0, 0x3b, 0xf9, 0x89, 0x38, 0x53, 0xe7, 0xaa,
    0x0, 0x0, 0x0, 0x0, 0x3d, 0xc4, 0xf4, 0xe6,
    0x8b, 0x8, 0x0, 0x0,

    /* U+1EE1 "ỡ" */
    0x0, 0x0, 0x0, 0x0, 0x0, 0xc, 0x5, 0x0,
    0x0, 0x0, 0xa, 0xc9, 0xc9, 0x1a, 0x9f, 0x4f,
    0x0, 0x0, 0x0, 0x55, 0x9e, 0x3c, 0xe7, 0xd9,
    0xc, 0x0, 0x0, 0x0, 0xc, 0xc, 0x0, 0x7,
    0x6, 0x0, 0x6c, 0x1f, 0x0, 0xe, 0x9f, 0xf1,
    0xf0, 0x9d, 0x1b, 0xe9, 0x19, 0x0, 0xaa, 0xd0,
    0x38, 0x3a, 0xd2, 0xff, 0x77, 0x0, 0x22, 0xff,
    0x2d, 0x0, 0x0, 0x34, 0xfe, 0x1f, 0x0, 0x4f,
    0xf0, 0x0, 0x0, 0x0, 0x0, 0xf5, 0x4b, 0x0,
    0x4f, 0xef, 0x0, 0x0, 0x0, 0x0, 0xf5, 0x4b,
    0x0, 0x23, 0xff, 0x2b, 0x0, 0x0, 0x32, 0xfe,
    0x1f, 0x0, 0x0, 0xac, 0xcd, 0x36, 0x37, 0xcf,
    0xa8, 0x0, 0x0, 0x0, 0xa, 0x9b, 0xf2, 0xf1,
    0x99, 0x9, 0x0, 0x0,

    /* U+1EE2 "Ợ" */
    0x0, 0x0, 0x0, 0x0, 0x0, 0x0, 0x0, 0x0,
    0x2d, 0x66, 0x0, 0x0, 0x42, 0xc8, 0xf7, 0xdc,
    0x7e, 0x13, 0xa6, 0xa4, 0x0, 0x40, 0xfa, 0x94,
    0x39, 0x5e, 0xe2, 0xff, 0xbc, 0x1c, 0x0, 0xce,
    0xa0, 0x0, 0x0, 0x0, 0x31, 0xff, 0x2e, 0x0,
    0x1e, 0xff, 0x37, 0x0, 0x0, 0x0, 0x0, 0xce,
    0x81, 0x0, 0x41, 0xff, 0x11, 0x0, 0x0, 0x0,
    0x0, 0xa9, 0xa1, 0x0, 0x4b, 0xff, 0x0, 0x0,
    0x0, 0x0, 0x0, 0x9c, 0xb3, 0x0, 0x3a, 0xff,
    0xe, 0x0, 0x0, 0x0, 0x0, 0xad, 0xa9, 0x0,
    0x1a, 0xff, 0x36, 0x0, 0x0, 0x0, 0x0, 0xcf,
    0x86, 0x0, 0x0, 0xc9, 0x9a, 0x0, 0x0, 0x0,
    0x33, 0xff, 0x39, 0x0, 0x0, 0x3b, 0xf9, 0x89,
    0x38, 0x53, 0xe7, 0xaa, 0x0, 0x0, 0x0, 0x0,
    0x3d, 0xc4, 0xf4, 0xe6, 0x8b, 0x8, 0x0, 0x0,
    0x0, 0x0, 0x0, 0x0, 0x0, 0x0, 0x0, 0x0,
    0x0, 0x0, 0x0, 0x0, 0x0, 0x2, 0xde, 0x49,
    0x0, 0x0, 0x0, 0x0, 0x0, 0x0, 0x0, 0x0,
    0x66, 0x1a, 0x0, 0x0, 0x0, 0x0,

    /* U+1EE3 "ợ" */
    0x0, 0x0, 0x0, 0x0, 0x0, 0x0, 0x0, 0xca,
    0x32, 0x0, 0xe, 0x9f, 0xf1, 0xf0, 0x9d, 0x22,
    0xed, 0xf, 0x0, 0xaa, 0xd0, 0x38, 0x3a, 0xd2,
    0xff, 0x67, 0x0, 0x22, 0xff, 0x2d, 0x0, 0x0,
    0x34, 0xfe, 0x1f, 0x0, 0x4f, 0xf0, 0x0, 0x0,
    0x0, 0x0, 0xf5, 0x4b, 0x0, 0x4f, 0xef, 0x0,
    0x0, 0x0, 0x0, 0xf5, 0x4b, 0x0, 0x23, 0xff,
    0x2b, 0x0, 0x0, 0x32, 0xfe, 0x1f, 0x0, 0x0,
    0xac, 0xcd, 0x36, 0x37, 0xcf, 0xa8, 0x0, 0x0,
    0x0, 0xa, 0x9b, 0xf2, 0xf1, 0x99, 0x9, 0x0,
    0x0, 0x0, 0x0, 0x0, 0x0, 0x0, 0x0, 0x0,
    0x0, 0x0, 0x0, 0x0, 0x0, 0xa4, 0x82, 0x0,
    0x0, 0x0, 0x0, 0x0, 0x0, 0x0, 0x49, 0x37,
    0x0, 0x0, 0x0, 0x0,

    /* U+1EE4 "Ụ" */
    0xc, 0xff, 0x44, 0x0, 0x0, 0x0, 0x28, 0xff,
    0x28, 0xc, 0xff, 0x44, 0x0, 0x0, 0x0, 0x28,
    0xff, 0x28, 0xc, 0xff, 0x44, 0x0, 0x0, 0x0,
    0x28, 0xff, 0x28, 0xc, 0xff, 0x44, 0x0, 0x0,
    0x0, 0x28, 0xff, 0x28, 0xc, 0xff, 0x44, 0x0,
    0x0, 0x0, 0x28, 0xff, 0x28, 0xc, 0xff, 0x44,
    0x0, 0x0, 0x0, 0x28, 0xff, 0x28, 0xc, 0xff,
    0x44, 0x0, 0x0, 0x0, 0x28, 0xff, 0x28, 0x6,
    0xff, 0x48, 0x0, 0x0, 0x0, 0x2c, 0xff, 0x21,
    0x0, 0xe3, 0x77, 0x0, 0x0, 0x0, 0x5b, 0xf5,
    0x7, 0x0, 0x75, 0xf2, 0x61, 0x2a, 0x53, 0xe6,
    0x89, 0x0, 0x0, 0x1, 0x71, 0xda, 0xf9, 0xde,
    0x7b, 0x3, 0x0, 0x0, 0x0, 0x0, 0x0, 0x0,
    0x0, 0x0, 0x0, 0x0, 0x0, 0x0, 0x0, 0x1f,
    0xe6, 0x24, 0x0, 0x0, 0x0, 0x0, 0x0, 0x0,
    0x8, 0x6e, 0x9, 0x0, 0x0, 0x0,

    /* U+1EE5 "ụ" */
    0x10, 0xff, 0x34, 0x0, 0x0, 0x84, 0xc4, 0x10,
    0xff, 0x34, 0x0, 0x0, 0x84, 0xc4, 0x10, 0xff,
    0x34, 0x0, 0x0, 0x84, 0xc4, 0x10, 0xff, 0x34,
    0x0, 0x0, 0x84, 0xc4, 0x10, 0xff, 0x34, 0x0,
    0x0, 0xaa, 0xdf, 0x5, 0xfc, 0x3e, 0x0, 0x0,
    0xf6, 0xe7, 0x0, 0xd0, 0x97, 0x8, 0x31, 0xff,
    0xc4, 0x0, 0x37, 0xd4, 0xf9, 0xc7, 0xa0, 0xc4,
    0x0, 0x0, 0x0, 0x0, 0x0, 0x0, 0x0, 0x0,
    0x0, 0x2f, 0xe6, 0x14, 0x0, 0x0, 0x0, 0x0,
    0xf, 0x6e, 0x3, 0x0, 0x0,

    /* U+1EE6 "Ủ" */
    0x0, 0x0, 0x0, 0x0, 0xc8, 0x75, 0x0, 0x0,
    0x0, 0x0, 0x0, 0x0, 0x0, 0xf, 0xf6, 0xb,
    0x0, 0x0, 0x0, 0x0, 0x0, 0x0, 0xdd, 0x70,
    0x0, 0x0, 0x0, 0x0, 0x0, 0x0, 0x0, 0x1f,
    0x1, 0x0, 0x0, 0x0, 0xc, 0xff, 0x44, 0x0,
    0x0, 0x0, 0x28, 0xff, 0x28, 0xc, 0xff, 0x44,
    0x0, 0x0, 0x0, 0x28, 0xff, 0x28, 0xc, 0xff,
    0x44, 0x0, 0x0, 0x0, 0x28, 0xff, 0x28, 0xc,
    0xff, 0x44, 0x0, 0x0, 0x0, 0x28, 0xff, 0x28,
    0xc, 0xff, 0x44, 0x0, 0x0, 0x0, 0x28, 0xff,
    0x28, 0xc, 0xff, 0x44, 0x0, 0x0, 0x0, 0x28,
    0xff, 0x28, 0xc, 0xff, 0x44, 0x0, 0x0, 0x0,
    0x28, 0xff, 0x28, 0x6, 0xff, 0x48, 0x0, 0x0,
    0x0, 0x2c, 0xff, 0x21, 0x0, 0xe3, 0x77, 0x0,
    0x0, 0x0, 0x5b, 0xf5, 0x7, 0x0, 0x75, 0xf2,
    0x61, 0x2a, 0x53, 0xe6, 0x89, 0x0, 0x0, 0x1,
    0x71, 0xda, 0xf9, 0xde, 0x7b, 0x3, 0x0,

    /* U+1EE7 "ủ" */
    0x0, 0x0, 0x0, 0x7e, 0xb4, 0x2a, 0x0, 0x0,
    0x0, 0x0, 0x8f, 0xb2, 0x20, 0x0, 0x0, 0x0,
    0x0, 0xf, 0xa, 0x0, 0x0, 0x0, 0x0, 0x0,
    0x0, 0x0, 0x0, 0x0, 0x10, 0xff, 0x34, 0x0,
    0x0, 0x84, 0xc4, 0x10, 0xff, 0x34, 0x0, 0x0,
    0x84, 0xc4, 0x10, 0xff, 0x34, 0x0, 0x0, 0x84,
    0xc4, 0x10, 0xff, 0x34, 0x0, 0x0, 0x84, 0xc4,
    0x10, 0xff, 0x34, 0x0, 0x0, 0xaa, 0xdf, 0x5,
    0xfc, 0x3e, 0x0, 0x0, 0xf6, 0xe7, 0x0, 0xd0,
    0x97, 0x8, 0x31, 0xff, 0xc4, 0x0, 0x37, 0xd4,
    0xf9, 0xc7, 0xa0, 0xc4,

    /* U+1EE8 "Ứ" */
    0x0, 0x0, 0x0, 0x0, 0x0, 0x65, 0x54, 0x0,
    0x0, 0x0, 0x0, 0x0, 0x0, 0x0, 0x0, 0x4a,
    0xdf, 0x1a, 0x0, 0x0, 0x0, 0x0, 0x0, 0x0,
    0x0, 0x0, 0x65, 0x25, 0x0, 0x0, 0x0, 0x0,
    0x0, 0xc, 0xff, 0x44, 0x0, 0x0, 0x0, 0x28,
    0xff, 0x28, 0x73, 0xa8, 0xc, 0xff, 0x44, 0x0,
    0x0, 0x0, 0x28, 0xff, 0x3d, 0xcf, 0x6d, 0xc,
    0xff, 0x44, 0x0, 0x0, 0x0, 0x28, 0xff, 0xff,
    0x96, 0x6, 0xc, 0xff, 0x44, 0x0, 0x0, 0x0,
    0x28, 0xff, 0x28, 0x0, 0x0, 0xc, 0xff, 0x44,
    0x0, 0x0, 0x0, 0x28, 0xff, 0x28, 0x0, 0x0,
    0xc, 0xff, 0x44, 0x0, 0x0, 0x0, 0x28, 0xff,
    0x28, 0x0, 0x0, 0xc, 0xff, 0x44, 0x0, 0x0,
    0x0, 0x28, 0xff, 0x28, 0x0, 0x0, 0x6, 0xff,
    0x48, 0x0, 0x0, 0x0, 0x2c, 0xff, 0x21, 0x0,
    0x0, 0x0, 0xe3, 0x77, 0x0, 0x0, 0x0, 0x5b,
    0xf5, 0x7, 0x0, 0x0, 0x0, 0x75, 0xf2, 0x61,
    0x2a, 0x53, 0xe6, 0x89, 0x0, 0x0, 0x0, 0x0,
    0x1, 0x71, 0xda, 0xf9, 0xde, 0x7b, 0x3, 0x0,
    0x0, 0x0,

    /* U+1EE9 "ứ" */
    0x0, 0x0, 0x0, 0x0, 0xba, 0xaa, 0x2, 0x0,
    0x0, 0x0, 0x0, 0x0, 0x62, 0xbe, 0x7, 0x0,
    0x0, 0x0, 0x0, 0x0, 0x0, 0x8, 0x3, 0x0,
    0x0, 0x13, 0x7b, 0x10, 0xff, 0x34, 0x0, 0x0,
    0x84, 0xc4, 0x4a, 0xb0, 0x10, 0xff, 0x34, 0x0,
    0x0, 0x84, 0xff, 0xc4, 0x31, 0x10, 0xff, 0x34,
    0x0, 0x0, 0x84, 0xc4, 0x0, 0x0, 0x10, 0xff,
    0x34, 0x0, 0x0, 0x84, 0xc4, 0x0, 0x0, 0x10,
    0xff, 0x34, 0x0, 0x0, 0xaa, 0xdf, 0x0, 0x0,
    0x5, 0xfc, 0x3e, 0x0, 0x0, 0xf6, 0xe7, 0x0,
    0x0, 0x0, 0xd0, 0x97, 0x8, 0x31, 0xff, 0xc4,
    0x0, 0x0, 0x0, 0x37, 0xd4, 0xf9, 0xc7, 0xa0,
    0xc4, 0x0, 0x0,

    /* U+1EEA "Ừ" */
    0x0, 0x0, 0x16, 0x7f, 0x27, 0x0, 0x0, 0x0,
    0x0, 0x0, 0x0, 0x0, 0x0, 0x0, 0x83, 0xc9,
    0x3, 0x0, 0x0, 0x0, 0x0, 0x0, 0x0, 0x0,
    0x0, 0x0, 0x6b, 0x26, 0x0, 0x0, 0x0, 0x0,
    0x0, 0xc, 0xff, 0x44, 0x0, 0x0, 0x0, 0x28,
    0xff, 0x28, 0x73, 0xa8, 0xc, 0xff, 0x44, 0x0,
    0x0, 0x0, 0x28, 0xff, 0x3d, 0xcf, 0x6d, 0xc,
    0xff, 0x44, 0x0, 0x0, 0x0, 0x28, 0xff, 0xff,
    0x96, 0x6, 0xc, 0xff, 0x44, 0x0, 0x0, 0x0,
    0x28, 0xff, 0x28, 0x0, 0x0, 0xc, 0xff, 0x44,
    0x0, 0x0, 0x0, 0x28, 0xff, 0x28, 0x0, 0x0,
    0xc, 0xff, 0x44, 0x0, 0x0, 0x0, 0x28, 0xff,
    0x28, 0x0, 0x0, 0xc, 0xff, 0x44, 0x0, 0x0,
    0x0, 0x28, 0xff, 0x28, 0x0, 0x0, 0x6, 0xff,
    0x48, 0x0, 0x0, 0x0, 0x2c, 0xff, 0x21, 0x0,
    0x0, 0x0, 0xe3, 0x77, 0x0, 0x0, 0x0, 0x5b,
    0xf5, 0x7, 0x0, 0x0, 0x0, 0x75, 0xf2, 0x61,
    0x2a, 0x53, 0xe6, 0x89, 0x0, 0x0, 0x0, 0x0,
    0x1, 0x71, 0xda, 0xf9, 0xde, 0x7b, 0x3, 0x0,
    0x0, 0x0,

    /* U+1EEB "ừ" */
    0x0, 0x4, 0xb9, 0xae, 0x0, 0x0, 0x0, 0x0,
    0x0, 0x0, 0x0, 0xe, 0xd2, 0x55, 0x0, 0x0,
    0x0, 0x0, 0x0, 0x0, 0x0, 0x5, 0x8, 0x0,
    0x0, 0x13, 0x7b, 0x10, 0xff, 0x34, 0x0, 0x0,
    0x84, 0xc4, 0x4a, 0xb0, 0x10, 0xff, 0x34, 0x0,
    0x0, 0x84, 0xff, 0xc4, 0x31, 0x10, 0xff, 0x34,
    0x0, 0x0, 0x84, 0xc4, 0x0, 0x0, 0x10, 0xff,
    0x34, 0x0, 0x0, 0x84, 0xc4, 0x0, 0x0, 0x10,
    0xff, 0x34, 0x0, 0x0, 0xaa, 0xdf, 0x0, 0x0,
    0x5, 0xfc, 0x3e, 0x0, 0x0, 0xf6, 0xe7, 0x0,
    0x0, 0x0, 0xd0, 0x97, 0x8, 0x31, 0xff, 0xc4,
    0x0, 0x0, 0x0, 0x37, 0xd4, 0xf9, 0xc7, 0xa0,
    0xc4, 0x0, 0x0,

    /* U+1EEC "Ử" */
    0x0, 0x0, 0x0, 0x0, 0x9e, 0x95, 0x4, 0x0,
    0x0, 0x0, 0x0, 0x0, 0x0, 0x0, 0x0, 0x1,
    0xd2, 0x3a, 0x0, 0x0, 0x0, 0x0, 0x0, 0x0,
    0x0, 0x0, 0xac, 0x98, 0x6, 0x0, 0x0, 0x0,
    0x0, 0x0, 0x0, 0x0, 0x0, 0x18, 0x7, 0x0,
    0x0, 0x0, 0x0, 0x0, 0xc, 0xff, 0x44, 0x0,
    0x0, 0x0, 0x28, 0xff, 0x28, 0x73, 0xa8, 0xc,
    0xff, 0x44, 0x0, 0x0, 0x0, 0x28, 0xff, 0x3d,
    0xcf, 0x6d, 0xc, 0xff, 0x44, 0x0, 0x0, 0x0,
    0x28, 0xff, 0xff, 0x96, 0x6, 0xc, 0xff, 0x44,
    0x0, 0x0, 0x0, 0x28, 0xff, 0x28, 0x0, 0x0,
    0xc, 0xff, 0x44, 0x0, 0x0, 0x0, 0x28, 0xff,
    0x28, 0x0, 0x0, 0xc, 0xff, 0x44, 0x0, 0x0,
    0x0, 0x28, 0xff, 0x28, 0x0, 0x0, 0xc, 0xff,
    0x44, 0x0, 0x0, 0x0, 0x28, 0xff, 0x28, 0x0,
    0x0, 0x6, 0xff, 0x48, 0x0, 0x0, 0x0, 0x2c,
    0xff, 0x21, 0x0, 0x0, 0x0, 0xe3, 0x77, 0x0,
    0x0, 0x0, 0x5b, 0xf5, 0x7, 0x0, 0x0, 0x0,
    0x75, 0xf2, 0x61, 0x2a, 0x53, 0xe6, 0x89, 0x0,
    0x0, 0x0, 0x0, 0x1, 0x71, 0xda, 0xf9, 0xde,
    0x7b, 0x3, 0x0, 0x0, 0x0,

    /* U+1EED "ử" */
    0x0, 0x0, 0x0, 0x70, 0xae, 0x18, 0x0, 0x0,
    0x0, 0x0, 0x0, 0x0, 0x0, 0x9d, 0x72, 0x0,
    0x0, 0x0, 0x0, 0x0, 0x0, 0x75, 0xbc, 0x1a,
    0x0, 0x0, 0x0, 0x0, 0x0, 0x0, 0x10, 0xf,
    0x0, 0x0, 0xf, 0x65, 0x10, 0xff, 0x34, 0x0,
    0x0, 0x84, 0xc4, 0x46, 0xb3, 0x10, 0xff, 0x34,
    0x0, 0x0, 0x84, 0xff, 0xc5, 0x34, 0x10, 0xff,
    0x34, 0x0, 0x0, 0x84, 0xc4, 0x0, 0x0, 0x10,
    0xff, 0x34, 0x0, 0x0, 0x84, 0xc4, 0x0, 0x0,
    0x10, 0xff, 0x34, 0x0, 0x0, 0xaa, 0xdf, 0x0,
    0x0, 0x5, 0xfc, 0x3e, 0x0, 0x0, 0xf6, 0xe7,
    0x0, 0x0, 0x0, 0xd0, 0x97, 0x8, 0x31, 0xff,
    0xc4, 0x0, 0x0, 0x0, 0x37, 0xd4, 0xf9, 0xc7,
    0xa0, 0xc4, 0x0, 0x0,

    /* U+1EEE "Ữ" */
    0x0, 0x0, 0x0, 0x0, 0x0, 0x0, 0x3, 0x0,
    0x0, 0x0, 0x0, 0x0, 0x0, 0x50, 0xdc, 0xec,
    0xed, 0xde, 0xb, 0x0, 0x0, 0x0, 0x0, 0x0,
    0x12, 0x1c, 0x1c, 0x19, 0x2, 0x0, 0x0, 0x0,
    0x0, 0xc, 0xff, 0x44, 0x0, 0x0, 0x0, 0x28,
    0xff, 0x28, 0x73, 0xa8, 0xc, 0xff, 0x44, 0x0,
    0x0, 0x0, 0x28, 0xff, 0x3d, 0xcf, 0x6d, 0xc,
    0xff, 0x44, 0x0, 0x0, 0x0, 0x28, 0xff, 0xff,
    0x96, 0x6, 0xc, 0xff, 0x44, 0x0, 0x0, 0x0,
    0x28, 0xff, 0x28, 0x0, 0x0, 0xc, 0xff, 0x44,
    0x0, 0x0, 0x0, 0x28, 0xff, 0x28, 0x0, 0x0,
    0xc, 0xff, 0x44, 0x0, 0x0, 0x0, 0x28, 0xff,
    0x28, 0x0, 0x0, 0xc, 0xff, 0x44, 0x0, 0x0,
    0x0, 0x28, 0xff, 0x28, 0x0, 0x0, 0x6, 0xff,
    0x48, 0x0, 0x0, 0x0, 0x2c, 0xff, 0x21, 0x0,
    0x0, 0x0, 0xe3, 0x77, 0x0, 0x0, 0x0, 0x5b,
    0xf5, 0x7, 0x0, 0x0, 0x0, 0x75, 0xf2, 0x61,
    0x2a, 0x53, 0xe6, 0x89, 0x0, 0x0, 0x0, 0x0,
    0x1, 0x71, 0xda, 0xf9, 0xde, 0x7b, 0x3, 0x0,
    0x0, 0x0,

    /* U+1EEF "ữ" */
    0x0, 0x0, 0x0, 0x0, 0x0, 0xc, 0x6, 0x0,
    0x0, 0x0, 0xb, 0xce, 0xc5, 0x18, 0xa3, 0x4a,
    0x0, 0x0, 0x0, 0x59, 0x9a, 0x3f, 0xe9, 0xd7,
    0xb, 0x0, 0x0, 0x0, 0xc, 0xb, 0x0, 0x7,
    0x5, 0x0, 0xf, 0x65, 0x10, 0xff, 0x34, 0x0,
    0x0, 0x84, 0xc4, 0x46, 0xb3, 0x10, 0xff, 0x34,
    0x0, 0x0, 0x84, 0xff, 0xc5, 0x34, 0x10, 0xff,
    0x34, 0x0, 0x0, 0x84, 0xc4, 0x0, 0x0, 0x10,
    0xff, 0x34, 0x0, 0x0, 0x84, 0xc4, 0x0, 0x0,
    0x10, 0xff, 0x34, 0x0, 0x0, 0xaa, 0xdf, 0x0,
    0x0, 0x5, 0xfc, 0x3e, 0x0, 0x0, 0xf6, 0xe7,
    0x0, 0x0, 0x0, 0xd0, 0x97, 0x8, 0x31, 0xff,
    0xc4, 0x0, 0x0, 0x0, 0x37, 0xd4, 0xf9, 0xc7,
    0xa0, 0xc4, 0x0, 0x0,

    /* U+1EF0 "Ự" */
    0xc, 0xff, 0x44, 0x0, 0x0, 0x0, 0x28, 0xff,
    0x28, 0x73, 0xa8, 0xc, 0xff, 0x44, 0x0, 0x0,
    0x0, 0x28, 0xff, 0x3d, 0xcf, 0x6d, 0xc, 0xff,
    0x44, 0x0, 0x0, 0x0, 0x28, 0xff, 0xff, 0x96,
    0x6, 0xc, 0xff, 0x44, 0x0, 0x0, 0x0, 0x28,
    0xff, 0x28, 0x0, 0x0, 0xc, 0xff, 0x44, 0x0,
    0x0, 0x0, 0x28, 0xff, 0x28, 0x0, 0x0, 0xc,
    0xff, 0x44, 0x0, 0x0, 0x0, 0x28, 0xff, 0x28,
    0x0, 0x0, 0xc, 0xff, 0x44, 0x0, 0x0, 0x0,
    0x28, 0xff, 0x28, 0x0, 0x0, 0x6, 0xff, 0x48,
    0x0, 0x0, 0x0, 0x2c, 0xff, 0x21, 0x0, 0x0,
    0x0, 0xe3, 0x77, 0x0, 0x0, 0x0, 0x5b, 0xf5,
    0x7, 0x0, 0x0, 0x0, 0x75, 0xf2, 0x61, 0x2a,
    0x53, 0xe6, 0x89, 0x0, 0x0, 0x0, 0x0, 0x1,
    0x71, 0xda, 0xf9, 0xde, 0x7b, 0x3, 0x0, 0x0,
    0x0, 0x0, 0x0, 0x0, 0x0, 0x0, 0x0, 0x0,
    0x0, 0x0, 0x0, 0x0, 0x0, 0x0, 0x0, 0x2,
    0xdc, 0x48, 0x0, 0x0, 0x0, 0x0, 0x0, 0x0,
    0x0, 0x0, 0x0, 0x66, 0x1a, 0x0, 0x0, 0x0,
    0x0, 0x0,

    /* U+1EF1 "ự" */
    0x0, 0x0, 0x0, 0x0, 0x0, 0x0, 0x0, 0x10,
    0x69, 0x10, 0xff, 0x34, 0x0, 0x0, 0x84, 0xc4,
    0x47, 0xb3, 0x10, 0xff, 0x34, 0x0, 0x0, 0x84,
    0xff, 0xc5, 0x34, 0x10, 0xff, 0x34, 0x0, 0x0,
    0x84, 0xc4, 0x0, 0x0, 0x10, 0xff, 0x34, 0x0,
    0x0, 0x84, 0xc4, 0x0, 0x0, 0x10, 0xff, 0x34,
    0x0, 0x0, 0xaa, 0xdf, 0x0, 0x0, 0x5, 0xfc,
    0x3e, 0x0, 0x0, 0xf6, 0xe7, 0x0, 0x0, 0x0,
    0xd0, 0x97, 0x8, 0x31, 0xff, 0xc4, 0x0, 0x0,
    0x0, 0x37, 0xd4, 0xf9, 0xc7, 0xa0, 0xc4, 0x0,
    0x0, 0x0, 0x0, 0x0, 0x0, 0x0, 0x0, 0x0,
    0x0, 0x0, 0x0, 0x0, 0x0, 0xc4, 0x66, 0x0,
    0x0, 0x0, 0x0, 0x0, 0x0, 0x0, 0x58, 0x27,
    0x0, 0x0, 0x0, 0x0,

    /* U+1EF2 "Ỳ" */
    0x0, 0x0, 0x58, 0x64, 0x0, 0x0, 0x0, 0x0,
    0x0, 0x0, 0x0, 0x1f, 0xe6, 0x47, 0x0, 0x0,
    0x0, 0x0, 0x0, 0x0, 0x0, 0x2e, 0x62, 0x0,
    0x0, 0x0, 0x0, 0xa5, 0xd5, 0x1, 0x0, 0x0,
    0x0, 0x74, 0xf3, 0x14, 0x28, 0xfd, 0x50, 0x0,
    0x0, 0x6, 0xe5, 0x88, 0x0, 0x0, 0xa6, 0xc8,
    0x0, 0x0, 0x63, 0xf4, 0x15, 0x0, 0x0, 0x29,
    0xfd, 0x41, 0x2, 0xd8, 0x8a, 0x0, 0x0, 0x0,
    0x0, 0xa8, 0xb9, 0x53, 0xf5, 0x16, 0x0, 0x0,
    0x0, 0x0, 0x2b, 0xfd, 0xe0, 0x8c, 0x0, 0x0,
    0x0, 0x0, 0x0, 0x0, 0xaa, 0xf7, 0x17, 0x0,
    0x0, 0x0, 0x0, 0x0, 0x0, 0x78, 0xdc, 0x0,
    0x0, 0x0, 0x0, 0x0, 0x0, 0x0, 0x78, 0xdc,
    0x0, 0x0, 0x0, 0x0, 0x0, 0x0, 0x0, 0x78,
    0xdc, 0x0, 0x0, 0x0, 0x0, 0x0, 0x0, 0x0,
    0x78, 0xdc, 0x0, 0x0, 0x0, 0x0,

    /* U+1EF3 "ỳ" */
    0x0, 0x3d, 0xf4, 0x38, 0x0, 0x0, 0x0, 0x0,
    0x0, 0x50, 0xcb, 0x6, 0x0, 0x0, 0x0, 0x0,
    0x0, 0x0, 0x0, 0x0, 0x0, 0xad, 0xaf, 0x0,
    0x0, 0x11, 0xfc, 0x49, 0x55, 0xf6, 0xa, 0x0,
    0x58, 0xef, 0x5, 0xa, 0xf4, 0x51, 0x0, 0xa3,
    0xa1, 0x0, 0x0, 0xa7, 0xa2, 0x2, 0xea, 0x4d,
    0x0, 0x0, 0x50, 0xee, 0x3c, 0xf2, 0x7, 0x0,
    0x0, 0x7, 0xf1, 0xc6, 0xa5, 0x0, 0x0, 0x0,
    0x0, 0xa1, 0xff, 0x51, 0x0, 0x0, 0x0, 0x0,
    0x67, 0xff, 0x9, 0x0, 0x0, 0x0, 0x0, 0x7b,
    0xa9, 0x0, 0x0, 0x0, 0x14, 0x4f, 0xeb, 0x47,
    0x0, 0x0, 0x0, 0x65, 0xf1, 0x83, 0x0, 0x0,
    0x0, 0x0,

    /* U+1EF5 "ỵ" */
    0xad, 0xaf, 0x0, 0x0, 0x11, 0xfc, 0x49, 0x55,
    0xf6, 0xa, 0x0, 0x58, 0xef, 0x5, 0xa, 0xf4,
    0x51, 0x0, 0xa3, 0xa1, 0x0, 0x0, 0xa7, 0xa2,
    0x2, 0xea, 0x4d, 0x0, 0x0, 0x50, 0xee, 0x3c,
    0xf2, 0x7, 0x0, 0x0, 0x7, 0xf1, 0xc6, 0xa5,
    0x0, 0x0, 0x0, 0x0, 0xa1, 0xff, 0x51, 0x0,
    0x0, 0x0, 0x0, 0x67, 0xff, 0x9, 0x0, 0x0,
    0x0, 0x0, 0x7b, 0xa9, 0x0, 0x0, 0x0, 0x14,
    0x4f, 0xeb, 0x47, 0xe, 0x2, 0x0, 0x65, 0xf1,
    0x83, 0x0, 0xd4, 0x7a, 0x0, 0x0, 0x0, 0x0,
    0x0, 0x51, 0x26, 0x0,

    /* U+1EF6 "Ỷ" */
    0x0, 0x0, 0x0, 0x40, 0xbb, 0x65, 0x0, 0x0,
    0x0, 0x0, 0x0, 0x0, 0x33, 0xda, 0x51, 0x0,
    0x0, 0x0, 0x0, 0x0, 0x0, 0x7, 0x19, 0x0,
    0x0, 0x0, 0x0, 0xa5, 0xd5, 0x1, 0x0, 0x0,
    0x0, 0x74, 0xf3, 0x14, 0x28, 0xfd, 0x50, 0x0,
    0x0, 0x6, 0xe5, 0x88, 0x0, 0x0, 0xa6, 0xc8,
    0x0, 0x0, 0x63, 0xf4, 0x15, 0x0, 0x0, 0x29,
    0xfd, 0x41, 0x2, 0xd8, 0x8a, 0x0, 0x0, 0x0,
    0x0, 0xa8, 0xb9, 0x53, 0xf5, 0x16, 0x0, 0x0,
    0x0, 0x0, 0x2b, 0xfd, 0xe0, 0x8c, 0x0, 0x0,
    0x0, 0x0, 0x0, 0x0, 0xaa, 0xf7, 0x17, 0x0,
    0x0, 0x0, 0x0, 0x0, 0x0, 0x78, 0xdc, 0x0,
    0x0, 0x0, 0x0, 0x0, 0x0, 0x0, 0x78, 0xdc,
    0x0, 0x0, 0x0, 0x0, 0x0, 0x0, 0x0, 0x78,
    0xdc, 0x0, 0x0, 0x0, 0x0, 0x0, 0x0, 0x0,
    0x78, 0xdc, 0x0, 0x0, 0x0, 0x0,

    /* U+1EF7 "ỷ" */
    0x0, 0x0, 0x10, 0xb9, 0x94, 0x0, 0x0, 0x0,
    0x0, 0x0, 0xf2, 0x6f, 0x0, 0x0, 0x0, 0x0,
    0x0, 0x19, 0x0, 0x0, 0x0, 0x0, 0x0, 0x0,
    0x0, 0x0, 0x0, 0x0, 0xad, 0xaf, 0x0, 0x0,
    0x11, 0xfc, 0x49, 0x55, 0xf6, 0xa, 0x0, 0x58,
    0xef, 0x5, 0xa, 0xf4, 0x51, 0x0, 0xa3, 0xa1,
    0x0, 0x0, 0xa7, 0xa2, 0x2, 0xea, 0x4d, 0x0,
    0x0, 0x50, 0xee, 0x3c, 0xf2, 0x7, 0x0, 0x0,
    0x7, 0xf1, 0xc6, 0xa5, 0x0, 0x0, 0x0, 0x0,
    0xa1, 0xff, 0x51, 0x0, 0x0, 0x0, 0x0, 0x67,
    0xff, 0x9, 0x0, 0x0, 0x0, 0x0, 0x7b, 0xa9,
    0x0, 0x0, 0x0, 0x14, 0x4f, 0xeb, 0x47, 0x0,
    0x0, 0x0, 0x65, 0xf1, 0x83, 0x0, 0x0, 0x0,
    0x0,

    /* U+1EF8 "Ỹ" */
    0x0, 0x0, 0x0, 0x0, 0x0, 0x2, 0x0, 0x0,
    0x0, 0x0, 0x8, 0xb4, 0xea, 0xec, 0xf4, 0x67,
    0x0, 0x0, 0x0, 0x4, 0x1c, 0x1c, 0x1c, 0xd,
    0x0, 0x0, 0x0, 0xa5, 0xd5, 0x1, 0x0, 0x0,
    0x0, 0x74, 0xf3, 0x14, 0x28, 0xfd, 0x50, 0x0,
    0x0, 0x6, 0xe5, 0x88, 0x0, 0x0, 0xa6, 0xc8,
    0x0, 0x0, 0x63, 0xf4, 0x15, 0x0, 0x0, 0x29,
    0xfd, 0x41, 0x2, 0xd8, 0x8a, 0x0, 0x0, 0x0,
    0x0, 0xa8, 0xb9, 0x53, 0xf5, 0x16, 0x0, 0x0,
    0x0, 0x0, 0x2b, 0xfd, 0xe0, 0x8c, 0x0, 0x0,
    0x0, 0x0, 0x0, 0x0, 0xaa, 0xf7, 0x17, 0x0,
    0x0, 0x0, 0x0, 0x0, 0x0, 0x78, 0xdc, 0x0,
    0x0, 0x0, 0x0, 0x0, 0x0, 0x0, 0x78, 0xdc,
    0x0, 0x0, 0x0, 0x0, 0x0, 0x0, 0x0, 0x78,
    0xdc, 0x0, 0x0, 0x0, 0x0, 0x0, 0x0, 0x0,
    0x78, 0xdc, 0x0, 0x0, 0x0, 0x0,

    /* U+1EF9 "ỹ" */
    0x0, 0x0, 0x0, 0x0, 0x0, 0x11, 0x0, 0x0,
    0x5b, 0xee, 0x6c, 0x1f, 0xce, 0x0, 0x0, 0xd4,
    0x2c, 0x9f, 0xfa, 0x67, 0x0, 0x0, 0x18, 0x0,
    0x0, 0xd, 0x0, 0x0, 0xad, 0xaf, 0x0, 0x0,
    0x11, 0xfc, 0x49, 0x55, 0xf6, 0xa, 0x0, 0x58,
    0xef, 0x5, 0xa, 0xf4, 0x51, 0x0, 0xa3, 0xa1,
    0x0, 0x0, 0xa7, 0xa2, 0x2, 0xea, 0x4d, 0x0,
    0x0, 0x50, 0xee, 0x3c, 0xf2, 0x7, 0x0, 0x0,
    0x7, 0xf1, 0xc6, 0xa5, 0x0, 0x0, 0x0, 0x0,
    0xa1, 0xff, 0x51, 0x0, 0x0, 0x0, 0x0, 0x67,
    0xff, 0x9, 0x0, 0x0, 0x0, 0x0, 0x7b, 0xa9,
    0x0, 0x0, 0x0, 0x14, 0x4f, 0xeb, 0x47, 0x0,
    0x0, 0x0, 0x65, 0xf1, 0x83, 0x0, 0x0, 0x0,
    0x0
};

/*---------------------
 *  GLYPH DESCRIPTION
 *--------------------*/

static const lv_font_fmt_txt_glyph_dsc_t glyph_dsc[] = {
    {.bitmap_index = 0, .adv_w = 0, .box_w = 0, .box_h = 0, .ofs_x = 0, .ofs_y = 0} /* id = 0 reserved */,
    {.bitmap_index = 0, .adv_w = 56, .box_w = 0, .box_h = 0, .ofs_x = 0, .ofs_y = 0},
    {.bitmap_index = 0, .adv_w = 58, .box_w = 2, .box_h = 11, .ofs_x = 1, .ofs_y = 0},
    {.bitmap_index = 22, .adv_w = 72, .box_w = 4, .box_h = 4, .ofs_x = 0, .ofs_y = 7},
    {.bitmap_index = 38, .adv_w = 138, .box_w = 9, .box_h = 11, .ofs_x = 0, .ofs_y = 0},
    {.bitmap_index = 137, .adv_w = 126, .box_w = 8, .box_h = 15, .ofs_x = 0, .ofs_y = -2},
    {.bitmap_index = 257, .adv_w = 164, .box_w = 10, .box_h = 11, .ofs_x = 0, .ofs_y = 0},
    {.bitmap_index = 367, .adv_w = 139, .box_w = 9, .box_h = 11, .ofs_x = 0, .ofs_y = 0},
    {.bitmap_index = 466, .adv_w = 39, .box_w = 2, .box_h = 4, .ofs_x = 0, .ofs_y = 7},
    {.bitmap_index = 474, .adv_w = 77, .box_w = 5, .box_h = 16, .ofs_x = 0, .ofs_y = -4},
    {.bitmap_index = 554, .adv_w = 78, .box_w = 4, .box_h = 16, .ofs_x = 0, .ofs_y = -4},
    {.bitmap_index = 618, .adv_w = 96, .box_w = 6, .box_h = 7, .ofs_x = 0, .ofs_y = 4},
    {.bitmap_index = 660, .adv_w = 127, .box_w = 8, .box_h = 9, .ofs_x = 0, .ofs_y = 1},
    {.bitmap_index = 732, .adv_w = 44, .box_w = 3, .box_h = 4, .ofs_x = 0, .ofs_y = -2},
    {.bitmap_index = 744, .adv_w = 62, .box_w = 4, .box_h = 2, .ofs_x = 0, .ofs_y = 3},
    {.bitmap_index = 752, .adv_w = 59, .box_w = 3, .box_h = 2, .ofs_x = 0, .ofs_y = 0},
    {.bitmap_index = 758, .adv_w = 92, .box_w = 6, .box_h = 12, .ofs_x = 0, .ofs_y = -1},
    {.bitmap_index = 830, .adv_w = 126, .box_w = 8, .box_h = 11, .ofs_x = 0, .ofs_y = 0},
    {.bitmap_index = 918, .adv_w = 126, .box_w = 4, .box_h = 11, .ofs_x = 1, .ofs_y = 0},
    {.bitmap_index = 962, .adv_w = 126, .box_w = 8, .box_h = 11, .ofs_x = 0, .ofs_y = 0},
    {.bitmap_index = 1050, .adv_w = 126, .box_w = 7, .box_h = 11, .ofs_x = 0, .ofs_y = 0},
    {.bitmap_index = 1127, .adv_w = 126, .box_w = 8, .box_h = 11, .ofs_x = 0, .ofs_y = 0},
    {.bitmap_index = 1215, .adv_w = 126, .box_w = 7, .box_h = 11, .ofs_x = 1, .ofs_y = 0},
    {.bitmap_index = 1292, .adv_w = 126, .box_w = 8, .box_h = 11, .ofs_x = 0, .ofs_y = 0},
    {.bitmap_index = 1380, .adv_w = 126, .box_w = 8, .box_h = 11, .ofs_x = 0, .ofs_y = 0},
    {.bitmap_index = 1468, .adv_w = 126, .box_w = 8, .box_h = 11, .ofs_x = 0, .ofs_y = 0},
    {.bitmap_index = 1556, .adv_w = 126, .box_w = 7, .box_h = 11, .ofs_x = 0, .ofs_y = 0},
    {.bitmap_index = 1633, .adv_w = 54, .box_w = 3, .box_h = 8, .ofs_x = 0, .ofs_y = 0},
    {.bitmap_index = 1657, .adv_w = 47, .box_w = 3, .box_h = 10, .ofs_x = 0, .ofs_y = -2},
    {.bitmap_index = 1687, .adv_w = 114, .box_w = 7, .box_h = 7, .ofs_x = 0, .ofs_y = 1},
    {.bitmap_index = 1736, .adv_w = 123, .box_w = 6, .box_h = 5, .ofs_x = 1, .ofs_y = 2},
    {.bitmap_index = 1766, .adv_w = 117, .box_w = 7, .box_h = 7, .ofs_x = 0, .ofs_y = 1},
    {.bitmap_index = 1815, .adv_w = 106, .box_w = 7, .box_h = 11, .ofs_x = 0, .ofs_y = 0},
    {.bitmap_index = 1892, .adv_w = 201, .box_w = 12, .box_h = 14, .ofs_x = 0, .ofs_y = -3},
    {.bitmap_index = 2060, .adv_w = 146, .box_w = 9, .box_h = 11, .ofs_x = 0, .ofs_y = 0},
    {.bitmap_index = 2159, .adv_w = 140, .box_w = 7, .box_h = 11, .ofs_x = 1, .ofs_y = 0},
    {.bitmap_index = 2236, .adv_w = 146, .box_w = 9, .box_h = 11, .ofs_x = 0, .ofs_y = 0},
    {.bitmap_index = 2335, .adv_w = 147, .box_w = 8, .box_h = 11, .ofs_x = 1, .ofs_y = 0},
    {.bitmap_index = 2423, .adv_w = 127, .box_w = 7, .box_h = 11, .ofs_x = 1, .ofs_y = 0},
    {.bitmap_index = 2500, .adv_w = 124, .box_w = 7, .box_h = 11, .ofs_x = 1, .ofs_y = 0},
    {.bitmap_index = 2577, .adv_w = 153, .box_w = 9, .box_h = 11, .ofs_x = 0, .ofs_y = 0},
    {.bitmap_index = 2676, .adv_w = 160, .box_w = 8, .box_h = 11, .ofs_x = 1, .ofs_y = 0},
    {.bitmap_index = 2764, .adv_w = 61, .box_w = 2, .box_h = 11, .ofs_x = 1, .ofs_y = 0},
    {.bitmap_index = 2786, .adv_w = 124, .box_w = 7, .box_h = 11, .ofs_x = 0, .ofs_y = 0},
    {.bitmap_index = 2863, .adv_w = 141, .box_w = 8, .box_h = 11, .ofs_x = 1, .ofs_y = 0},
    {.bitmap_index = 2951, .adv_w = 121, .box_w = 7, .box_h = 11, .ofs_x = 1, .ofs_y = 0},
    {.bitmap_index = 3028, .adv_w = 196, .box_w = 11, .box_h = 11, .ofs_x = 1, .ofs_y = 0},
    {.bitmap_index = 3149, .adv_w = 160, .box_w = 8, .box_h = 11, .ofs_x = 1, .ofs_y = 0},
    {.bitmap_index = 3237, .adv_w = 154, .box_w = 9, .box_h = 11, .ofs_x = 0, .ofs_y = 0},
    {.bitmap_index = 3336, .adv_w = 141, .box_w = 8, .box_h = 11, .ofs_x = 1, .ofs_y = 0},
    {.bitmap_index = 3424, .adv_w = 154, .box_w = 9, .box_h = 13, .ofs_x = 0, .ofs_y = -2},
    {.bitmap_index = 3541, .adv_w = 138, .box_w = 8, .box_h = 11, .ofs_x = 1, .ofs_y = 0},
    {.bitmap_index = 3629, .adv_w = 133, .box_w = 8, .box_h = 11, .ofs_x = 0, .ofs_y = 0},
    {.bitmap_index = 3717, .adv_w = 134, .box_w = 9, .box_h = 11, .ofs_x = 0, .ofs_y = 0},
    {.bitmap_index = 3816, .adv_w = 145, .box_w = 9, .box_h = 11, .ofs_x = 0, .ofs_y = 0},
    {.bitmap_index = 3915, .adv_w = 143, .box_w = 9, .box_h = 11, .ofs_x = 0, .ofs_y = 0},
    {.bitmap_index = 4014, .adv_w = 199, .box_w = 13, .box_h = 11, .ofs_x = 0, .ofs_y = 0},
    {.bitmap_index = 4157, .adv_w = 140, .box_w = 9, .box_h = 11, .ofs_x = 0, .ofs_y = 0},
    {.bitmap_index = 4256, .adv_w = 135, .box_w = 9, .box_h = 11, .ofs_x = 0, .ofs_y = 0},
    {.bitmap_index = 4355, .adv_w = 134, .box_w = 8, .box_h = 11, .ofs_x = 0, .ofs_y = 0},
    {.bitmap_index = 4443, .adv_w = 59, .box_w = 3, .box_h = 15, .ofs_x = 1, .ofs_y = -3},
    {.bitmap_index = 4488, .adv_w = 92, .box_w = 6, .box_h = 12, .ofs_x = 0, .ofs_y = -1},
    {.bitmap_index = 4560, .adv_w = 59, .box_w = 3, .box_h = 15, .ofs_x = 0, .ofs_y = -3},
    {.bitmap_index = 4605, .adv_w = 94, .box_w = 6, .box_h = 6, .ofs_x = 0, .ofs_y = 5},
    {.bitmap_index = 4641, .adv_w = 101, .box_w = 7, .box_h = 2, .ofs_x = 0, .ofs_y = -2},
    {.bitmap_index = 4655, .adv_w = 69, .box_w = 4, .box_h = 2, .ofs_x = 0, .ofs_y = 9},
    {.bitmap_index = 4663, .adv_w = 122, .box_w = 7, .box_h = 8, .ofs_x = 0, .ofs_y = 0},
    {.bitmap_index = 4719, .adv_w = 126, .box_w = 8, .box_h = 11, .ofs_x = 0, .ofs_y = 0},
    {.bitmap_index = 4807, .adv_w = 117, .box_w = 7, .box_h = 8, .ofs_x = 0, .ofs_y = 0},
    {.bitmap_index = 4863, .adv_w = 126, .box_w = 7, .box_h = 11, .ofs_x = 0, .ofs_y = 0},
    {.bitmap_index = 4940, .adv_w = 119, .box_w = 7, .box_h = 8, .ofs_x = 0, .ofs_y = 0},
    {.bitmap_index = 4996, .adv_w = 78, .box_w = 5, .box_h = 11, .ofs_x = 0, .ofs_y = 0},
    {.bitmap_index = 5051, .adv_w = 126, .box_w = 7, .box_h = 11, .ofs_x = 0, .ofs_y = -3},
    {.bitmap_index = 5128, .adv_w = 123, .box_w = 7, .box_h = 11, .ofs_x = 0, .ofs_y = 0},
    {.bitmap_index = 5205, .adv_w = 54, .box_w = 3, .box_h = 11, .ofs_x = 0, .ofs_y = 0},
    {.bitmap_index = 5238, .adv_w = 54, .box_w = 4, .box_h = 14, .ofs_x = -1, .ofs_y = -3},
    {.bitmap_index = 5294, .adv_w = 114, .box_w = 8, .box_h = 11, .ofs_x = 0, .ofs_y = 0},
    {.bitmap_index = 5382, .adv_w = 54, .box_w = 2, .box_h = 11, .ofs_x = 1, .ofs_y = 0},
    {.bitmap_index = 5404, .adv_w = 196, .box_w = 12, .box_h = 8, .ofs_x = 0, .ofs_y = 0},
    {.bitmap_index = 5500, .adv_w = 124, .box_w = 7, .box_h = 8, .ofs_x = 0, .ofs_y = 0},
    {.bitmap_index = 5556, .adv_w = 128, .box_w = 8, .box_h = 8, .ofs_x = 0, .ofs_y = 0},
    {.bitmap_index = 5620, .adv_w = 126, .box_w = 8, .box_h = 11, .ofs_x = 0, .ofs_y = -3},
    {.bitmap_index = 5708, .adv_w = 127, .box_w = 7, .box_h = 11, .ofs_x = 0, .ofs_y = -3},
    {.bitmap_index = 5785, .adv_w = 76, .box_w = 5, .box_h = 8, .ofs_x = 0, .ofs_y = 0},
    {.bitmap_index = 5825, .adv_w = 116, .box_w = 7, .box_h = 8, .ofs_x = 0, .ofs_y = 0},
    {.bitmap_index = 5881, .adv_w = 73, .box_w = 5, .box_h = 10, .ofs_x = 0, .ofs_y = 0},
    {.bitmap_index = 5931, .adv_w = 123, .box_w = 7, .box_h = 8, .ofs_x = 0, .ofs_y = 0},
    {.bitmap_index = 5987, .adv_w = 109, .box_w = 7, .box_h = 8, .ofs_x = 0, .ofs_y = 0},
    {.bitmap_index = 6043, .adv_w = 168, .box_w = 11, .box_h = 8, .ofs_x = 0, .ofs_y = 0},
    {.bitmap_index = 6131, .adv_w = 111, .box_w = 7, .box_h = 8, .ofs_x = 0, .ofs_y = 0},
    {.bitmap_index = 6187, .adv_w = 106, .box_w = 7, .box_h = 11, .ofs_x = 0, .ofs_y = -3},
    {.bitmap_index = 6264, .adv_w = 111, .box_w = 7, .box_h = 8, .ofs_x = 0, .ofs_y = 0},
    {.bitmap_index = 6320, .adv_w = 76, .box_w = 5, .box_h = 15, .ofs_x = 0, .ofs_y = -3},
    {.bitmap_index = 6395, .adv_w = 55, .box_w = 2, .box_h = 13, .ofs_x = 1, .ofs_y = -2},
    {.bitmap_index = 6421, .adv_w = 76, .box_w = 5, .box_h = 15, .ofs_x = 0, .ofs_y = -3},
    {.bitmap_index = 6496, .adv_w = 152, .box_w = 9, .box_h = 4, .ofs_x = 0, .ofs_y = 2},
    {.bitmap_index = 6532, .adv_w = 146, .box_w = 9, .box_h = 14, .ofs_x = 0, .ofs_y = 0},
    {.bitmap_index = 6658, .adv_w = 146, .box_w = 9, .box_h = 14, .ofs_x = 0, .ofs_y = 0},
    {.bitmap_index = 6784, .adv_w = 146, .box_w = 9, .box_h = 14, .ofs_x = 0, .ofs_y = 0},
    {.bitmap_index = 6910, .adv_w = 146, .box_w = 9, .box_h = 14, .ofs_x = 0, .ofs_y = 0},
    {.bitmap_index = 7036, .adv_w = 127, .box_w = 7, .box_h = 14, .ofs_x = 1, .ofs_y = 0},
    {.bitmap_index = 7134, .adv_w = 127, .box_w = 7, .box_h = 14, .ofs_x = 1, .ofs_y = 0},
    {.bitmap_index = 7232, .adv_w = 127, .box_w = 7, .box_h = 14, .ofs_x = 1, .ofs_y = 0},
    {.bitmap_index = 7330, .adv_w = 61, .box_w = 4, .box_h = 14, .ofs_x = -1, .ofs_y = 0},
    {.bitmap_index = 7386, .adv_w = 61, .box_w = 4, .box_h = 14, .ofs_x = 1, .ofs_y = 0},
    {.bitmap_index = 7442, .adv_w = 154, .box_w = 9, .box_h = 14, .ofs_x = 0, .ofs_y = 0},
    {.bitmap_index = 7568, .adv_w = 154, .box_w = 9, .box_h = 14, .ofs_x = 0, .ofs_y = 0},
    {.bitmap_index = 7694, .adv_w = 154, .box_w = 9, .box_h = 14, .ofs_x = 0, .ofs_y = 0},
    {.bitmap_index = 7820, .adv_w = 154, .box_w = 9, .box_h = 14, .ofs_x = 0, .ofs_y = 0},
    {.bitmap_index = 7946, .adv_w = 145, .box_w = 9, .box_h = 14, .ofs_x = 0, .ofs_y = 0},
    {.bitmap_index = 8072, .adv_w = 145, .box_w = 9, .box_h = 14, .ofs_x = 0, .ofs_y = 0},
    {.bitmap_index = 8198, .adv_w = 135, .box_w = 9, .box_h = 14, .ofs_x = 0, .ofs_y = 0},
    {.bitmap_index = 8324, .adv_w = 122, .box_w = 7, .box_h = 11, .ofs_x = 0, .ofs_y = 0},
    {.bitmap_index = 8401, .adv_w = 122, .box_w = 7, .box_h = 11, .ofs_x = 0, .ofs_y = 0},
    {.bitmap_index = 8478, .adv_w = 122, .box_w = 7, .box_h = 11, .ofs_x = 0, .ofs_y = 0},
    {.bitmap_index = 8555, .adv_w = 122, .box_w = 7, .box_h = 12, .ofs_x = 0, .ofs_y = 0},
    {.bitmap_index = 8639, .adv_w = 119, .box_w = 7, .box_h = 11, .ofs_x = 0, .ofs_y = 0},
    {.bitmap_index = 8716, .adv_w = 119, .box_w = 7, .box_h = 11, .ofs_x = 0, .ofs_y = 0},
    {.bitmap_index = 8793, .adv_w = 119, .box_w = 7, .box_h = 11, .ofs_x = 0, .ofs_y = 0},
    {.bitmap_index = 8870, .adv_w = 55, .box_w = 4, .box_h = 11, .ofs_x = -1, .ofs_y = 0},
    {.bitmap_index = 8914, .adv_w = 55, .box_w = 3, .box_h = 11, .ofs_x = 1, .ofs_y = 0},
    {.bitmap_index = 8947, .adv_w = 128, .box_w = 8, .box_h = 11, .ofs_x = 0, .ofs_y = 0},
    {.bitmap_index = 9035, .adv_w = 128, .box_w = 8, .box_h = 11, .ofs_x = 0, .ofs_y = 0},
    {.bitmap_index = 9123, .adv_w = 128, .box_w = 8, .box_h = 11, .ofs_x = 0, .ofs_y = 0},
    {.bitmap_index = 9211, .adv_w = 128, .box_w = 8, .box_h = 12, .ofs_x = 0, .ofs_y = 0},
    {.bitmap_index = 9307, .adv_w = 123, .box_w = 7, .box_h = 11, .ofs_x = 0, .ofs_y = 0},
    {.bitmap_index = 9384, .adv_w = 123, .box_w = 7, .box_h = 11, .ofs_x = 0, .ofs_y = 0},
    {.bitmap_index = 9461, .adv_w = 106, .box_w = 7, .box_h = 14, .ofs_x = 0, .ofs_y = -3},
    {.bitmap_index = 9559, .adv_w = 146, .box_w = 9, .box_h = 13, .ofs_x = 0, .ofs_y = 0},
    {.bitmap_index = 9676, .adv_w = 122, .box_w = 7, .box_h = 11, .ofs_x = 0, .ofs_y = 0},
    {.bitmap_index = 9753, .adv_w = 150, .box_w = 9, .box_h = 11, .ofs_x = 0, .ofs_y = 0},
    {.bitmap_index = 9852, .adv_w = 134, .box_w = 9, .box_h = 11, .ofs_x = 0, .ofs_y = 0},
    {.bitmap_index = 9951, .adv_w = 61, .box_w = 6, .box_h = 14, .ofs_x = -1, .ofs_y = 0},
    {.bitmap_index = 10035, .adv_w = 55, .box_w = 6, .box_h = 12, .ofs_x = -1, .ofs_y = 0},
    {.bitmap_index = 10107, .adv_w = 145, .box_w = 9, .box_h = 14, .ofs_x = 0, .ofs_y = 0},
    {.bitmap_index = 10233, .adv_w = 123, .box_w = 7, .box_h = 12, .ofs_x = 0, .ofs_y = 0},
    {.bitmap_index = 10317, .adv_w = 154, .box_w = 10, .box_h = 12, .ofs_x = 0, .ofs_y = 0},
    {.bitmap_index = 10437, .adv_w = 128, .box_w = 9, .box_h = 9, .ofs_x = 0, .ofs_y = 0},
    {.bitmap_index = 10518, .adv_w = 156, .box_w = 11, .box_h = 11, .ofs_x = 0, .ofs_y = 0},
    {.bitmap_index = 10639, .adv_w = 139, .box_w = 9, .box_h = 9, .ofs_x = 0, .ofs_y = 0},
    {.bitmap_index = 10720, .adv_w = 146, .box_w = 9, .box_h = 14, .ofs_x = 0, .ofs_y = -3},
    {.bitmap_index = 10846, .adv_w = 122, .box_w = 7, .box_h = 11, .ofs_x = 0, .ofs_y = -3},
    {.bitmap_index = 10923, .adv_w = 146, .box_w = 9, .box_h = 14, .ofs_x = 0, .ofs_y = 0},
    {.bitmap_index = 11049, .adv_w = 122, .box_w = 7, .box_h = 12, .ofs_x = 0, .ofs_y = 0},
    {.bitmap_index = 11133, .adv_w = 146, .box_w = 9, .box_h = 15, .ofs_x = 0, .ofs_y = 0},
    {.bitmap_index = 11268, .adv_w = 122, .box_w = 9, .box_h = 13, .ofs_x = 0, .ofs_y = 0},
    {.bitmap_index = 11385, .adv_w = 146, .box_w = 9, .box_h = 15, .ofs_x = 0, .ofs_y = 0},
    {.bitmap_index = 11520, .adv_w = 122, .box_w = 8, .box_h = 13, .ofs_x = -1, .ofs_y = 0},
    {.bitmap_index = 11624, .adv_w = 146, .box_w = 9, .box_h = 15, .ofs_x = 0, .ofs_y = 0},
    {.bitmap_index = 11759, .adv_w = 122, .box_w = 8, .box_h = 13, .ofs_x = 0, .ofs_y = 0},
    {.bitmap_index = 11863, .adv_w = 146, .box_w = 9, .box_h = 15, .ofs_x = 0, .ofs_y = 0},
    {.bitmap_index = 11998, .adv_w = 122, .box_w = 7, .box_h = 13, .ofs_x = 0, .ofs_y = 0},
    {.bitmap_index = 12089, .adv_w = 146, .box_w = 9, .box_h = 17, .ofs_x = 0, .ofs_y = -3},
    {.bitmap_index = 12242, .adv_w = 122, .box_w = 7, .box_h = 14, .ofs_x = 0, .ofs_y = -3},
    {.bitmap_index = 12340, .adv_w = 146, .box_w = 9, .box_h = 15, .ofs_x = 0, .ofs_y = 0},
    {.bitmap_index = 12475, .adv_w = 122, .box_w = 7, .box_h = 12, .ofs_x = 0, .ofs_y = 0},
    {.bitmap_index = 12559, .adv_w = 146, .box_w = 9, .box_h = 15, .ofs_x = 0, .ofs_y = 0},
    {.bitmap_index = 12694, .adv_w = 122, .box_w = 7, .box_h = 12, .ofs_x = 0, .ofs_y = 0},
    {.bitmap_index = 12778, .adv_w = 146, .box_w = 9, .box_h = 16, .ofs_x = 0, .ofs_y = 0},
    {.bitmap_index = 12922, .adv_w = 122, .box_w = 7, .box_h = 13, .ofs_x = 0, .ofs_y = 0},
    {.bitmap_index = 13013, .adv_w = 146, .box_w = 9, .box_h = 15, .ofs_x = 0, .ofs_y = 0},
    {.bitmap_index = 13148, .adv_w = 122, .box_w = 7, .box_h = 13, .ofs_x = 0, .ofs_y = 0},
    {.bitmap_index = 13239, .adv_w = 146, .box_w = 9, .box_h = 16, .ofs_x = 0, .ofs_y = -3},
    {.bitmap_index = 13383, .adv_w = 122, .box_w = 7, .box_h = 14, .ofs_x = 0, .ofs_y = -3},
    {.bitmap_index = 13481, .adv_w = 127, .box_w = 7, .box_h = 14, .ofs_x = 1, .ofs_y = -3},
    {.bitmap_index = 13579, .adv_w = 119, .box_w = 7, .box_h = 11, .ofs_x = 0, .ofs_y = -3},
    {.bitmap_index = 13656, .adv_w = 127, .box_w = 7, .box_h = 15, .ofs_x = 1, .ofs_y = 0},
    {.bitmap_index = 13761, .adv_w = 119, .box_w = 7, .box_h = 12, .ofs_x = 0, .ofs_y = 0},
    {.bitmap_index = 13845, .adv_w = 127, .box_w = 7, .box_h = 14, .ofs_x = 1, .ofs_y = 0},
    {.bitmap_index = 13943, .adv_w = 119, .box_w = 7, .box_h = 12, .ofs_x = 0, .ofs_y = 0},
    {.bitmap_index = 14027, .adv_w = 127, .box_w = 8, .box_h = 15, .ofs_x = 1, .ofs_y = 0},
    {.bitmap_index = 14147, .adv_w = 119, .box_w = 9, .box_h = 13, .ofs_x = 0, .ofs_y = 0},
    {.bitmap_index = 14264, .adv_w = 127, .box_w = 9, .box_h = 15, .ofs_x = -1, .ofs_y = 0},
    {.bitmap_index = 14399, .adv_w = 119, .box_w = 8, .box_h = 13, .ofs_x = -1, .ofs_y = 0},
    {.bitmap_index = 14503, .adv_w = 127, .box_w = 7, .box_h = 15, .ofs_x = 1, .ofs_y = 0},
    {.bitmap_index = 14608, .adv_w = 119, .box_w = 8, .box_h = 13, .ofs_x = 0, .ofs_y = 0},
    {.bitmap_index = 14712, .adv_w = 127, .box_w = 7, .box_h = 15, .ofs_x = 1, .ofs_y = 0},
    {.bitmap_index = 14817, .adv_w = 119, .box_w = 7, .box_h = 13, .ofs_x = 0, .ofs_y = 0},
    {.bitmap_index = 14908, .adv_w = 127, .box_w = 7, .box_h = 17, .ofs_x = 1, .ofs_y = -3},
    {.bitmap_index = 15027, .adv_w = 119, .box_w = 7, .box_h = 14, .ofs_x = 0, .ofs_y = -3},
    {.bitmap_index = 15125, .adv_w = 61, .box_w = 3, .box_h = 15, .ofs_x = 1, .ofs_y = 0},
    {.bitmap_index = 15170, .adv_w = 55, .box_w = 3, .box_h = 12, .ofs_x = 1, .ofs_y = 0},
    {.bitmap_index = 15206, .adv_w = 61, .box_w = 2, .box_h = 14, .ofs_x = 1, .ofs_y = -3},
    {.bitmap_index = 15234, .adv_w = 54, .box_w = 3, .box_h = 14, .ofs_x = 0, .ofs_y = -3},
    {.bitmap_index = 15276, .adv_w = 154, .box_w = 9, .box_h = 14, .ofs_x = 0, .ofs_y = -3},
    {.bitmap_index = 15402, .adv_w = 128, .box_w = 8, .box_h = 11, .ofs_x = 0, .ofs_y = -3},
    {.bitmap_index = 15490, .adv_w = 154, .box_w = 9, .box_h = 15, .ofs_x = 0, .ofs_y = 0},
    {.bitmap_index = 15625, .adv_w = 128, .box_w = 8, .box_h = 12, .ofs_x = 0, .ofs_y = 0},
    {.bitmap_index = 15721, .adv_w = 154, .box_w = 10, .box_h = 15, .ofs_x = 0, .ofs_y = 0},
    {.bitmap_index = 15871, .adv_w = 128, .box_w = 9, .box_h = 13, .ofs_x = 0, .ofs_y = 0},
    {.bitmap_index = 15988, .adv_w = 154, .box_w = 9, .box_h = 15, .ofs_x = 0, .ofs_y = 0},
    {.bitmap_index = 16123, .adv_w = 128, .box_w = 9, .box_h = 13, .ofs_x = -1, .ofs_y = 0},
    {.bitmap_index = 16240, .adv_w = 154, .box_w = 9, .box_h = 15, .ofs_x = 0, .ofs_y = 0},
    {.bitmap_index = 16375, .adv_w = 128, .box_w = 8, .box_h = 13, .ofs_x = 0, .ofs_y = 0},
    {.bitmap_index = 16479, .adv_w = 154, .box_w = 9, .box_h = 15, .ofs_x = 0, .ofs_y = 0},
    {.bitmap_index = 16614, .adv_w = 128, .box_w = 8, .box_h = 13, .ofs_x = 0, .ofs_y = 0},
    {.bitmap_index = 16718, .adv_w = 154, .box_w = 9, .box_h = 17, .ofs_x = 0, .ofs_y = -3},
    {.bitmap_index = 16871, .adv_w = 128, .box_w = 8, .box_h = 14, .ofs_x = 0, .ofs_y = -3},
    {.bitmap_index = 16983, .adv_w = 154, .box_w = 10, .box_h = 14, .ofs_x = 0, .ofs_y = 0},
    {.bitmap_index = 17123, .adv_w = 128, .box_w = 9, .box_h = 11, .ofs_x = 0, .ofs_y = 0},
    {.bitmap_index = 17222, .adv_w = 154, .box_w = 10, .box_h = 14, .ofs_x = 0, .ofs_y = 0},
    {.bitmap_index = 17362, .adv_w = 128, .box_w = 9, .box_h = 11, .ofs_x = 0, .ofs_y = 0},
    {.bitmap_index = 17461, .adv_w = 154, .box_w = 10, .box_h = 15, .ofs_x = 0, .ofs_y = 0},
    {.bitmap_index = 17611, .adv_w = 128, .box_w = 9, .box_h = 12, .ofs_x = 0, .ofs_y = 0},
    {.bitmap_index = 17719, .adv_w = 154, .box_w = 10, .box_h = 14, .ofs_x = 0, .ofs_y = 0},
    {.bitmap_index = 17859, .adv_w = 128, .box_w = 9, .box_h = 12, .ofs_x = 0, .ofs_y = 0},
    {.bitmap_index = 17967, .adv_w = 154, .box_w = 10, .box_h = 15, .ofs_x = 0, .ofs_y = -3},
    {.bitmap_index = 18117, .adv_w = 128, .box_w = 9, .box_h = 12, .ofs_x = 0, .ofs_y = -3},
    {.bitmap_index = 18225, .adv_w = 145, .box_w = 9, .box_h = 14, .ofs_x = 0, .ofs_y = -3},
    {.bitmap_index = 18351, .adv_w = 123, .box_w = 7, .box_h = 11, .ofs_x = 0, .ofs_y = -3},
    {.bitmap_index = 18428, .adv_w = 145, .box_w = 9, .box_h = 15, .ofs_x = 0, .ofs_y = 0},
    {.bitmap_index = 18563, .adv_w = 123, .box_w = 7, .box_h = 12, .ofs_x = 0, .ofs_y = 0},
    {.bitmap_index = 18647, .adv_w = 156, .box_w = 11, .box_h = 14, .ofs_x = 0, .ofs_y = 0},
    {.bitmap_index = 18801, .adv_w = 139, .box_w = 9, .box_h = 11, .ofs_x = 0, .ofs_y = 0},
    {.bitmap_index = 18900, .adv_w = 156, .box_w = 11, .box_h = 14, .ofs_x = 0, .ofs_y = 0},
    {.bitmap_index = 19054, .adv_w = 139, .box_w = 9, .box_h = 11, .ofs_x = 0, .ofs_y = 0},
    {.bitmap_index = 19153, .adv_w = 156, .box_w = 11, .box_h = 15, .ofs_x = 0, .ofs_y = 0},
    {.bitmap_index = 19318, .adv_w = 139, .box_w = 9, .box_h = 12, .ofs_x = 0, .ofs_y = 0},
    {.bitmap_index = 19426, .adv_w = 156, .box_w = 11, .box_h = 14, .ofs_x = 0, .ofs_y = 0},
    {.bitmap_index = 19580, .adv_w = 139, .box_w = 9, .box_h = 12, .ofs_x = 0, .ofs_y = 0},
    {.bitmap_index = 19688, .adv_w = 156, .box_w = 11, .box_h = 14, .ofs_x = 0, .ofs_y = -3},
    {.bitmap_index = 19842, .adv_w = 139, .box_w = 9, .box_h = 12, .ofs_x = 0, .ofs_y = -3},
    {.bitmap_index = 19950, .adv_w = 135, .box_w = 9, .box_h = 14, .ofs_x = 0, .ofs_y = 0},
    {.bitmap_index = 20076, .adv_w = 106, .box_w = 7, .box_h = 14, .ofs_x = 0, .ofs_y = -3},
    {.bitmap_index = 20174, .adv_w = 106, .box_w = 7, .box_h = 12, .ofs_x = 0, .ofs_y = -4},
    {.bitmap_index = 20258, .adv_w = 135, .box_w = 9, .box_h = 14, .ofs_x = 0, .ofs_y = 0},
    {.bitmap_index = 20384, .adv_w = 106, .box_w = 7, .box_h = 15, .ofs_x = 0, .ofs_y = -3},
    {.bitmap_index = 20489, .adv_w = 135, .box_w = 9, .box_h = 14, .ofs_x = 0, .ofs_y = 0},
    {.bitmap_index = 20615, .adv_w = 106, .box_w = 7, .box_h = 15, .ofs_x = 0, .ofs_y = -3}
};

/*---------------------
 *  CHARACTER MAPPING
 *--------------------*/

static const uint16_t unicode_list_1[] = {
    0x0, 0x1, 0x2, 0x3, 0x8, 0x9, 0xa, 0xc,
    0xd, 0x12, 0x13, 0x14, 0x15, 0x19, 0x1a, 0x1d,
    0x20, 0x21, 0x22, 0x23, 0x28, 0x29, 0x2a, 0x2c,
    0x2d, 0x32, 0x33, 0x34, 0x35, 0x39, 0x3a, 0x3d,
    0x42, 0x43, 0x50, 0x51, 0x68, 0x69, 0xa8, 0xa9,
    0xe0, 0xe1, 0xef, 0xf0
};

/*Collect the unicode lists and glyph_id offsets*/
static const lv_font_fmt_txt_cmap_t cmaps[] =
{
    {
        .range_start = 32, .range_length = 95, .glyph_id_start = 1,
        .unicode_list = NULL, .glyph_id_ofs_list = NULL, .list_length = 0, .type = LV_FONT_FMT_TXT_CMAP_FORMAT0_TINY
    },
    {
        .range_start = 192, .range_length = 241, .glyph_id_start = 96,
        .unicode_list = unicode_list_1, .glyph_id_ofs_list = NULL, .list_length = 44, .type = LV_FONT_FMT_TXT_CMAP_SPARSE_TINY
    },
    {
        .range_start = 7840, .range_length = 84, .glyph_id_start = 140,
        .unicode_list = NULL, .glyph_id_ofs_list = NULL, .list_length = 0, .type = LV_FONT_FMT_TXT_CMAP_FORMAT0_TINY
    },
    {
        .range_start = 7925, .range_length = 5, .glyph_id_start = 224,
        .unicode_list = NULL, .glyph_id_ofs_list = NULL, .list_length = 0, .type = LV_FONT_FMT_TXT_CMAP_FORMAT0_TINY
    }
};

/*-----------------
 *    KERNING
 *----------------*/

/*Map glyph_ids to kern left classes*/
static const uint8_t kern_left_class_mapping[] =
{
    0, 1, 0, 2, 0, 0, 0, 0,
    2, 3, 0, 0, 0, 4, 0, 4,
    5, 0, 0, 0, 0, 0, 0, 0,
    0, 0, 0, 0, 0, 0, 0, 0,
    0, 0, 6, 7, 8, 9, 10, 11,
    0, 12, 12, 13, 14, 15, 12, 12,
    9, 16, 17, 18, 0, 19, 13, 20,
    21, 22, 23, 24, 25, 0, 0, 0,
    0, 0, 26, 27, 28, 0, 29, 30,
    0, 31, 0, 0, 32, 0, 31, 31,
    33, 27, 0, 34, 0, 35, 0, 36,
    37, 38, 36, 39, 40, 0, 0, 0,
    6, 6, 6, 6, 10, 10, 10, 12,
    12, 9, 9, 9, 9, 13, 13, 23,
    26, 26, 26, 26, 29, 29, 29, 0,
    0, 33, 33, 33, 33, 0, 0, 36,
    6, 26, 9, 0, 12, 0, 13, 0,
    0, 0, 0, 0, 6, 26, 6, 26,
    6, 26, 6, 26, 6, 26, 6, 26,
    6, 26, 6, 26, 6, 26, 6, 26,
    6, 26, 6, 26, 10, 29, 10, 29,
    10, 29, 10, 29, 10, 29, 10, 29,
    10, 29, 10, 29, 12, 0, 12, 0,
    9, 33, 9, 33, 9, 33, 9, 33,
    9, 33, 9, 33, 9, 33, 0, 0,
    0, 0, 0, 0, 0, 33, 0, 0,
    13, 0, 13, 0, 0, 0, 0, 0,
    0, 0, 0, 0, 0, 0, 23, 36,
    36, 23, 36, 23, 36
};

/*Map glyph_ids to kern right classes*/
static const uint8_t kern_right_class_mapping[] =
{
    0, 1, 0, 2, 0, 0, 0, 3,
    2, 0, 4, 5, 0, 6, 7, 6,
    8, 0, 0, 0, 0, 0, 0, 0,
    0, 0, 0, 0, 0, 0, 0, 0,
    9, 0, 10, 0, 11, 0, 0, 0,
    11, 0, 0, 12, 0, 0, 0, 0,
    11, 0, 11, 0, 13, 14, 15, 16,
    17, 18, 19, 20, 0, 0, 21, 0,
    0, 0, 22, 0, 23, 23, 23, 24,
    23, 0, 0, 0, 0, 0, 25, 25,
    26, 25, 23, 27, 28, 29, 30, 31,
    32, 33, 31, 34, 0, 0, 35, 0,
    10, 10, 10, 10, 0, 0, 0, 0,
    0, 11, 11, 11, 11, 15, 15, 19,
    22, 22, 22, 22, 23, 23, 23, 0,
    0, 26, 26, 26, 26, 30, 30, 31,
    10, 22, 0, 0, 0, 0, 15, 30,
    11, 23, 36, 30, 10, 22, 10, 22,
    10, 22, 10, 22, 10, 22, 10, 22,
    10, 22, 10, 22, 10, 22, 10, 22,
    10, 22, 10, 22, 0, 23, 0, 23,
    0, 23, 0, 23, 0, 23, 0, 23,
    0, 23, 0, 23, 0, 0, 0, 0,
    11, 26, 11, 26, 11, 26, 11, 26,
    11, 26, 11, 26, 11, 26, 11, 23,
    11, 23, 11, 23, 11, 26, 11, 23,
    15, 30, 15, 30, 0, 30, 0, 30,
    0, 30, 0, 30, 0, 30, 19, 31,
    31, 19, 31, 19, 31
};

/*Kern values between classes*/
static const int8_t kern_class_values[] =
{
    0, 0, 0, 0, 0, 0, 0, 0,
    0, 0, 0, 0, 0, -4, 0, 0,
    0, 0, 0, 0, 0, 0, 0, 0,
    0, 0, 0, 0, 0, 0, 0, 0,
    0, 0, 0, 0, 0, -12, 0, 0,
    0, 0, 0, 0, 0, 0, 0, 0,
    0, 0, 0, 0, 0, 0, 0, 0,
    0, 0, 0, 0, 0, 0, 0, 0,
    0, 0, 0, 0, 0, 0, 0, 0,
    0, 0, 0, 0, 0, 0, 0, 0,
    0, 0, 0, 0, 0, 0, 0, 2,
    2, 0, 2, 0, 0, 0, 0, 0,
    0, 0, 0, 0, 0, 0, 0, 0,
    0, 0, 0, 0, 0, -19, 0, 0,
    0, 0, 0, 0, 0, 0, 0, 0,
    0, 0, 0, 0, 0, 0, 0, 0,
    0, 0, 0, 0, 0, 0, 0, 0,
    0, 0, 0, 0, 0, 0, 0, 0,
    0, 0, 0, 0, 0, 0, 0, -24,
    0, 0, 0, 0, 0, 0, 0, 0,
    0, 0, 0, 0, 0, 0, 0, 0,
    0, 0, 0, 0, 0, 0, 0, 0,
    0, 0, 0, 0, 0, -13, 0, 0,
    0, 0, 0, 0, -7, 0, -1, 0,
    0, -14, -2, -10, -8, 0, -10, 0,
    0, 0, 0, 0, 0, -1, 0, 0,
    -2, -1, -5, -4, 0, 1, 0, -2,
    0, 0, 0, 0, 0, 0, 0, 0,
    0, 0, 0, 0, 0, -3, 0, -3,
    0, 0, -6, 0, 0, 0, 0, 0,
    0, 0, 0, 0, 0, 0, 0, 0,
    0, 0, 0, 0, 0, 0, 0, -3,
    0, 0, 0, 0, 0, 0, 0, 0,
    0, -3, 0, 0, 0, 0, 0, 0,
    -1, 0, 0, 0, 0, 0, 0, 0,
    0, 0, 0, 0, 0, 0, -2, 0,
    0, 0, 0, 0, 0, -11, 0, 0,
    0, -2, 0, 0, 0, -3, 0, -2,
    0, -2, -5, -3, 0, 0, 0, 0,
    0, 0, 0, 0, 0, 0, 0, 0,
    0, 0, 0, 0, 0, 0, 0, 0,
    0, 0, 0, 0, 0, 0, 0, 0,
    0, 2, 0, 0, 0, 0, 0, 0,
    0, 0, -2, -2, 0, -2, 0, 0,
    0, -2, -3, -2, 0, 0, 0, 0,
    0, 0, 0, 0, 0, -26, 0, 0,
    0, -19, 0, -29, 0, 2, 0, 0,
    0, 0, 0, 0, 0, -4, -2, 0,
    0, -2, -3, 0, 0, -2, -3, 0,
    0, 0, 0, 0, 0, 0, 0, 0,
    0, 0, 0, 0, 0, 2, 0, 0,
    0, -3, 0, 0, 0, 2, -3, 0,
    0, 0, 0, 0, 0, 0, 0, 0,
    0, 0, 0, 0, 0, 0, 0, 0,
    0, 0, 0, 0, 0, 0, 0, 0,
    0, -2, 0, 0, 0, 0, 0, 0,
    0, 0, 0, 0, 0, 0, 0, 0,
    0, 0, 0, 0, 0, 0, 0, 0,
    0, 0, 0, 0, 0, 0, 0, 0,
    0, 0, -7, 0, 0, 0, -3, 0,
    0, 0, 0, 0, 0, 0, 0, 0,
    0, 0, -3, 0, -3, -3, 0, 0,
    0, -3, -4, -7, 0, 0, 0, 0,
    0, 0, 0, 0, 0, 0, 0, 0,
    0, 2, -7, 0, 0, -30, -6, -19,
    -16, 0, -26, 0, 0, 0, 0, 0,
    0, 0, 0, 0, 0, -5, -15, -10,
    0, 0, 0, 0, 0, 0, 0, 0,
    0, -35, 0, 0, 0, -15, 0, -22,
    0, 0, 0, 0, 0, -3, 0, -3,
    0, -1, -1, 0, 0, -1, 0, 0,
    2, 0, 2, 0, 0, 0, 0, 0,
    0, 0, 0, 0, 0, 0, 0, 0,
    0, 0, 0, 0, 0, -5, 0, -3,
    -2, 0, -4, 0, 0, 0, 0, 0,
    0, 0, 0, 0, 0, 0, 0, 0,
    0, 0, 0, 0, 0, 0, 0, 0,
    0, 0, 0, 0, 0, 0, 0, 0,
    0, -9, 0, -2, 0, 0, -5, 0,
    0, 0, 0, 0, 0, 0, 0, 0,
    0, 0, 0, 0, 0, 0, 0, 0,
    -4, 0, 0, 0, 0, -24, -25, 0,
    0, -9, -3, -26, -2, 2, 0, 2,
    2, 0, 2, 0, 0, -12, -11, 0,
    -12, -11, -8, -13, 0, -10, -8, -6,
    -8, -7, 0, 0, 0, 0, 0, 2,
    0, -25, -4, 0, 0, -8, -1, 0,
    0, 0, 0, 0, 0, 0, 0, 0,
    2, -5, -5, 0, 0, -5, -3, 0,
    0, -3, -1, 0, 0, 0, 2, 0,
    0, 0, 0, 2, 0, -13, -7, 0,
    0, -5, 0, 0, 0, 2, 0, 0,
    0, 0, 0, 0, 1, -4, -3, 0,
    0, -3, -2, 0, 0, -2, 0, 0,
    0, 0, 2, 0, 0, 0, 0, 0,
    0, 0, -5, 0, 0, 0, -3, 0,
    0, 0, 0, 2, 0, 0, 0, 0,
    0, 0, -3, 0, 0, -2, 0, 0,
    0, -2, -3, 0, 0, 0, 0, 0,
    0, 0, -3, 2, -5, -23, -6, 0,
    0, -10, -3, -10, -2, 2, -10, 2,
    2, 1, 2, 0, 2, -8, -7, -2,
    -4, -7, -4, -6, -2, -4, -2, 0,
    -3, -3, 2, 0, 0, 0, 0, 0,
    0, 0, 0, 0, 0, 1, -3, 0,
    0, 0, 0, 0, 0, 0, 0, 0,
    0, 0, -2, 0, 0, -2, 0, 0,
    0, -2, -3, -3, 0, 0, 0, 0,
    0, 0, 0, 0, 0, 0, 0, 0,
    0, 0, 0, -2, 0, 0, -2, 0,
    0, 0, 0, 0, 0, 0, 0, 0,
    0, 0, 0, 0, 0, 0, 0, 0,
    0, 0, 0, 0, 0, -7, 0, 0,
    0, 0, 0, 0, 0, 0, 0, 0,
    0, 0, 0, 0, 0, 0, 0, 0,
    0, 0, 0, 0, 0, 0, 0, 0,
    0, 0, -2, 0, 0, 0, 0, 0,
    0, -3, 0, 0, 0, 0, 0, 0,
    0, 0, 0, 0, 0, 0, 0, 0,
    0, 0, 0, 0, 0, 0, 0, 0,
    0, 0, 0, 0, 0, 0, -1, 0,
    -2, -2, 0, 0, 0, -1, 0, 0,
    0, 0, 0, 0, 0, 0, 0, 0,
    0, 0, 0, 0, 0, 0, 0, 0,
    0, 0, 0, 0, 0, 0, 0, 0,
    0, 0, 0, 0, 0, 0, 0, 0,
    0, -2, 0, 0, 0, 0, 0, 0,
    0, 0, 0, 0, 0, 0, 0, 0,
    0, 0, 0, 0, 0, 0, 0, 0,
    0, 0, 0, 0, 0, 0, -1, 0,
    0, 0, 0, 0, 0, 2, 0, 2,
    0, 0, 0, 0, 0, 0, 0, 0,
    0, 0, 0, 0, 0, 0, 0, 0,
    2, 0, -3, 0, 0, 0, 0, 0,
    0, 0, 0, 0, 0, 0, 2, 0,
    0, -11, 0, 0, 0, 0, 0, 0,
    0, 0, 0, 0, 0, 0, 0, 0,
    0, 0, 0, 0, 0, 0, 0, 0,
    0, 0, 0, 0, 0, 0, 0, 0,
    0, 0, 0, 0, 0, 0, 0, 0,
    0, 0, 0, 0, 0, 0, 0, 0,
    0, 0, 0, 0, 0, 0, 0, 0,
    0, 0, -2, 0, 0, 0, 0, 0,
    0, 0, 0, 0, 0, 0, 0, 0,
    0, -15, 0, 0, 0, 0, 0, 0,
    0, 0, 0, 0, 0, 0, 0, 0,
    0, 0, 0, 0, 0, 0, 0, 0,
    0, 0, 0, 0, 0, 0, -2, 0,
    -2, -2, 0, 0, 0, 2, 0, 0,
    0, -13, 0, 0, 0, 0, 0, 0,
    0, 0, 0, 0, 0, 0, 0, 0,
    0, -4, -2, 2, 0, -2, 0, 0,
    5, 0, 2, 2, 0, 0, 0, 0,
    0, 0, 0, 0, 0, 0, 0, 0,
    0, 0, 0, 0, 0, 0, 0, 0,
    0, 0, 0, 0, 0, 0, 0, 0,
    0, -2, 0, 0, 0, 0, 0, 0,
    0, 0, 0, 0, 0, 2, 0, 0,
    0, -12, 0, 0, 0, 0, 0, 0,
    0, 0, 0, 0, 0, 0, 0, 0,
    0, -2, -1, 1, 0, -2, 0, 0,
    0, 0, 0, 0, 0, 0, 0, 0,
    0, 0, 0, 0, 0, -14, 0, 0,
    0, 0, 0, 0, 0, 0, 0, 0,
    0, 0, 0, 0, 0, 0, 0, 0,
    0, 0, 0, 0, 0, 0, 0, 0,
    0, 0, 0, 0, 0, 0, 0, 0,
    0, 0, 0, 0, 0, 0, 0, 0,
    0, 0, 0, 0, 0, 0, 0, 0,
    0, 0, -2, 0, 0, -2, 0, 0,
    0, 0, 0, 0, 0, 0, 0, 0,
    0, 0, 0, 0, 0, 0, 0, 0,
    0, 0, 0, 0, 0, 0, 0, 0,
    0, 0, 0, 0, 0, 0, -2, 0,
    0, -2, 0, 0, 0, 0, 0, 0,
    0, 0, 0, 0, 0, 0, 0, 0,
    0, 0, 0, 0, 0, 0, 0, -2,
    0, 0, -2, 0, 0, 0, 0, 0,
    0, 0, 0, 0, 0, 0, 0, 0,
    0, 0, 0, 0, 0, 0, 0, 0
};

/*Collect the kern class' data in one place*/
static const lv_font_fmt_txt_kern_classes_t kern_classes =
{
    .class_pair_values   = kern_class_values,
    .left_class_mapping  = kern_left_class_mapping,
    .right_class_mapping = kern_right_class_mapping,
    .left_class_cnt      = 40,
    .right_class_cnt     = 36,
};

/*--------------------
 *  ALL CUSTOM DATA
 *--------------------*/

#if LVGL_VERSION_MAJOR == 8
/*Store all the custom data of the font*/
static  lv_font_fmt_txt_glyph_cache_t cache;
#endif

#if LVGL_VERSION_MAJOR >= 8
static const lv_font_fmt_txt_dsc_t font_dsc = {
#else
static lv_font_fmt_txt_dsc_t font_dsc = {
#endif
    .glyph_bitmap = glyph_bitmap,
    .glyph_dsc = glyph_dsc,
    .cmaps = cmaps,
    .kern_dsc = &kern_classes,
    .kern_scale = 16,
    .cmap_num = 4,
    .bpp = 8,
    .kern_classes = 1,
    .bitmap_format = 0,
#if LVGL_VERSION_MAJOR == 8
    .cache = &cache
#endif
};

/*-----------------
 *  PUBLIC FONT
 *----------------*/

/*Initialize a public general font descriptor*/
#if LVGL_VERSION_MAJOR >= 8
const lv_font_t ui_font_roboto1 = {
#else
lv_font_t ui_font_roboto1 = {
#endif
    .get_glyph_dsc = lv_font_get_glyph_dsc_fmt_txt,    /*Function pointer to get glyph's data*/
    .get_glyph_bitmap = lv_font_get_bitmap_fmt_txt,    /*Function pointer to get glyph's bitmap*/
    .line_height = 20,          /*The maximum line height required by the font*/
    .base_line = 4,             /*Baseline measured from the bottom of the line*/
#if !(LVGL_VERSION_MAJOR == 6 && LVGL_VERSION_MINOR == 0)
    .subpx = LV_FONT_SUBPX_NONE,
#endif
#if LV_VERSION_CHECK(7, 4, 0) || LVGL_VERSION_MAJOR >= 8
    .underline_position = -1,
    .underline_thickness = 1,
#endif
    .dsc = &font_dsc,          /*The custom font data. Will be accessed by `get_glyph_bitmap/dsc` */
#if LV_VERSION_CHECK(8, 2, 0) || LVGL_VERSION_MAJOR >= 9
    .fallback = NULL,
#endif
    .user_data = NULL,
};

#endif /*#if UI_FONT_ROBOTO1*/