/*******************************************************************************
 * Size: 14 px
 * Bpp: 8
 * Opts: --bpp 8 --size 14 --no-compress --font C:\Users\Hoang Nhat\Downloads\Roboto\Roboto-Italic-VariableFont_wdth,wght.ttf --symbols 32-127,àáảãạăằắẳẵặâầấẩẫậèéẻẽẹêềếểễệìíỉĩịòóỏõọôồốổỗộơờớởỡợùúủũụưừứửữựỳýỷỹỵđÀÁẢÃẠĂẰẮẲẴẶÂẦẤẨẪẬÈÉẺẼẸÊỀẾỂỄỆÌÍỈĨỊÒÓỎÕỌÔỒỐỔỖỘƠỜỚỞỠỢÙÚỦŨỤƯỪỨỬỮỰỲÝỶỸYĐ --range 32-127 --format lvgl
 ******************************************************************************/

#ifdef __has_include
    #if __has_include("lvgl.h")
        #ifndef LV_LVGL_H_INCLUDE_SIMPLE
            #define LV_LVGL_H_INCLUDE_SIMPLE
        #endif
    #endif
#endif

#ifdef LV_LVGL_H_INCLUDE_SIMPLE
    #include "lvgl.h"
#else
    #include "lvgl.h"
#endif

#ifndef UI_FONT_ROBOTO
#define UI_FONT_ROBOTO 1
#endif

#if UI_FONT_ROBOTO

/*-----------------
 *    BITMAPS
 *----------------*/

/*Store the image of the glyphs*/
static LV_ATTRIBUTE_LARGE_CONST const uint8_t glyph_bitmap[] = {
    /* U+0020 " " */

    /* U+0021 "!" */
    0x0, 0x0, 0xf2, 0x55, 0x0, 0x19, 0xff, 0x2a,
    0x0, 0x3e, 0xfa, 0x5, 0x0, 0x64, 0xd4, 0x0,
    0x0, 0x8a, 0xa8, 0x0, 0x0, 0xaf, 0x7d, 0x0,
    0x0, 0xd5, 0x52, 0x0, 0x0, 0xd4, 0x24, 0x0,
    0x0, 0x0, 0x0, 0x0, 0x24, 0x58, 0x0, 0x0,
    0x60, 0xbd, 0x0, 0x0,

    /* U+0022 "\"" */
    0x2c, 0xc4, 0x60, 0x90, 0x51, 0x95, 0x87, 0x61,
    0x78, 0x5c, 0xac, 0x28, 0x54, 0x1b, 0x6d, 0x1,

    /* U+0023 "#" */
    0x0, 0x0, 0x0, 0x0, 0x72, 0x8d, 0x0, 0xbb,
    0x41, 0x0, 0x0, 0x0, 0x0, 0xc6, 0x39, 0x12,
    0xe5, 0x3, 0x0, 0x0, 0x0, 0x1a, 0xe2, 0x1,
    0x63, 0x99, 0x0, 0x0, 0x46, 0xff, 0xff, 0xff,
    0xff, 0xff, 0xff, 0xa1, 0x0, 0x0, 0x0, 0xc1,
    0x3d, 0x10, 0xe7, 0x4, 0x0, 0x0, 0x0, 0x16,
    0xe4, 0x2, 0x5f, 0x9d, 0x0, 0x0, 0x0, 0x0,
    0x68, 0x95, 0x0, 0xb3, 0x49, 0x0, 0x0, 0x5c,
    0xff, 0xff, 0xff, 0xff, 0xff, 0xff, 0x8d, 0x0,
    0x0, 0x13, 0xe6, 0x3, 0x5b, 0xa1, 0x0, 0x0,
    0x0, 0x0, 0x63, 0x99, 0x0, 0xaf, 0x4d, 0x0,
    0x0, 0x0, 0x0, 0xb6, 0x45, 0xb, 0xe9, 0x7,
    0x0, 0x0, 0x0,

    /* U+0024 "$" */
    0x0, 0x0, 0x0, 0x0, 0x33, 0x4d, 0x0, 0x0,
    0x0, 0x0, 0x0, 0x0, 0x83, 0x7c, 0x0, 0x0,
    0x0, 0x0, 0x27, 0xba, 0xff, 0xff, 0x41, 0x0,
    0x0, 0x9, 0xe2, 0xad, 0x3f, 0x95, 0xec, 0x6,
    0x0, 0x4d, 0xf4, 0x9, 0x0, 0xa, 0xfc, 0x35,
    0x0, 0x5b, 0xef, 0x1, 0x0, 0x0, 0x6f, 0x1e,
    0x0, 0x1a, 0xef, 0xa4, 0x15, 0x0, 0x0, 0x0,
    0x0, 0x0, 0x3e, 0xdd, 0xf1, 0x6b, 0x0, 0x0,
    0x0, 0x0, 0x0, 0x6, 0x75, 0xfd, 0x53, 0x0,
    0x21, 0x3b, 0x0, 0x0, 0x0, 0xa2, 0xa4, 0x0,
    0x63, 0xdc, 0x0, 0x0, 0x0, 0xbb, 0x95, 0x0,
    0x21, 0xfb, 0x77, 0x39, 0x8a, 0xfa, 0x36, 0x0,
    0x0, 0x57, 0xff, 0xff, 0xc9, 0x47, 0x0, 0x0,
    0x0, 0x0, 0x5e, 0xa2, 0x0, 0x0, 0x0, 0x0,
    0x0, 0x0, 0x3b, 0x44, 0x0, 0x0, 0x0, 0x0,

    /* U+0025 "%" */
    0x5, 0xa6, 0xe7, 0xa1, 0x0, 0x0, 0x0, 0x0,
    0x0, 0x6b, 0x96, 0x0, 0xbd, 0x35, 0x0, 0x65,
    0x2d, 0x0, 0xa7, 0x45, 0x0, 0xa7, 0x48, 0x32,
    0xd1, 0xa, 0x0, 0x93, 0x64, 0x17, 0xe2, 0x1b,
    0xd2, 0x30, 0x0, 0x0, 0x1a, 0xc8, 0xd5, 0x4c,
    0x9f, 0x70, 0x0, 0x0, 0x0, 0x0, 0x0, 0x0,
    0x58, 0xb6, 0x1, 0x0, 0x0, 0x0, 0x0, 0x0,
    0x20, 0xd8, 0x2b, 0xba, 0xdb, 0x57, 0x0, 0x0,
    0x4, 0xc5, 0x46, 0xa9, 0x5f, 0x15, 0xe0, 0x0,
    0x0, 0x86, 0x8b, 0x0, 0xeb, 0x5, 0x0, 0xe4,
    0x5, 0xf, 0xb9, 0x6, 0x0, 0xdb, 0x1b, 0x36,
    0xc7, 0x0, 0x0, 0x0, 0x0, 0x0, 0x52, 0xe4,
    0xd5, 0x2b, 0x0,

    /* U+0026 "&" */
    0x0, 0x0, 0x15, 0xb2, 0xf6, 0xcd, 0x1b, 0x0,
    0x0, 0x0, 0xab, 0xc1, 0x2b, 0xa6, 0xa7, 0x0,
    0x0, 0x0, 0xf0, 0x4c, 0x0, 0x7d, 0xaf, 0x0,
    0x0, 0x0, 0xe1, 0x60, 0x46, 0xf1, 0x4c, 0x0,
    0x0, 0x0, 0x91, 0xff, 0xfc, 0x67, 0x0, 0x0,
    0x0, 0x1c, 0xdc, 0xff, 0xa7, 0x0, 0x0, 0x0,
    0x10, 0xd7, 0xbf, 0x71, 0xf0, 0x16, 0x4b, 0xae,
    0x6e, 0xea, 0xd, 0x1, 0xc4, 0xa0, 0xa0, 0x88,
    0x85, 0xbf, 0x0, 0x0, 0x2f, 0xff, 0xff, 0x1a,
    0x43, 0xf3, 0x35, 0x0, 0x45, 0xff, 0xff, 0x3,
    0x0, 0x6c, 0xe3, 0xf2, 0xca, 0x5f, 0xe9, 0x6b,

    /* U+0027 "'" */
    0x5f, 0x9c, 0x87, 0x6e, 0xaf, 0x3b, 0x5c, 0xa,

    /* U+0028 "(" */
    0x0, 0x0, 0x0, 0x0, 0x70, 0x41, 0x0, 0x0,
    0x0, 0x82, 0xd1, 0x12, 0x0, 0x0, 0x38, 0xe9,
    0x16, 0x0, 0x0, 0x0, 0xd1, 0x6c, 0x0, 0x0,
    0x0, 0x3b, 0xef, 0x7, 0x0, 0x0, 0x0, 0x9b,
    0x9d, 0x0, 0x0, 0x0, 0x0, 0xda, 0x5d, 0x0,
    0x0, 0x0, 0x11, 0xff, 0x2a, 0x0, 0x0, 0x0,
    0x2a, 0xff, 0xb, 0x0, 0x0, 0x0, 0x37, 0xf8,
    0x0, 0x0, 0x0, 0x0, 0x28, 0xfb, 0x0, 0x0,
    0x0, 0x0, 0x8, 0xfe, 0xd, 0x0, 0x0, 0x0,
    0x0, 0xc6, 0x45, 0x0, 0x0, 0x0, 0x0, 0x67,
    0x9a, 0x0, 0x0, 0x0, 0x0, 0x6, 0xca, 0x34,
    0x0, 0x0, 0x0, 0x0, 0x11, 0xd, 0x0, 0x0,

    /* U+0029 ")" */
    0x0, 0x0, 0x75, 0x1f, 0x0, 0x0, 0x0, 0x4d,
    0xc2, 0x0, 0x0, 0x0, 0x0, 0xd1, 0x30, 0x0,
    0x0, 0x0, 0x91, 0x88, 0x0, 0x0, 0x0, 0x68,
    0xb2, 0x0, 0x0, 0x0, 0x5d, 0xcf, 0x0, 0x0,
    0x0, 0x63, 0xce, 0x0, 0x0, 0x0, 0x79, 0xbf,
    0x0, 0x0, 0x0, 0xa5, 0x92, 0x0, 0x0, 0x0,
    0xdc, 0x5c, 0x0, 0x0, 0x2b, 0xf9, 0x14, 0x0,
    0x0, 0x89, 0xa9, 0x0, 0x0, 0x1b, 0xf0, 0x30,
    0x0, 0x5, 0xb8, 0x80, 0x0, 0x0, 0x94, 0xa4,
    0x4, 0x0, 0x0, 0x25, 0x0, 0x0, 0x0, 0x0,

    /* U+002A "*" */
    0x0, 0x0, 0x0, 0x9e, 0x5f, 0x0, 0x0, 0x0,
    0x1c, 0x0, 0xc0, 0x2f, 0x15, 0x6, 0x16, 0xf4,
    0xba, 0xec, 0xb5, 0xf9, 0x24, 0x0, 0xd, 0xb5,
    0xff, 0x78, 0x18, 0x0, 0x0, 0x4c, 0xdd, 0x9a,
    0x87, 0x0, 0x0, 0x0, 0xb8, 0x36, 0x1e, 0xce,
    0x0, 0x0, 0x0, 0x1, 0x0, 0x0, 0x5, 0x0,
    0x0,

    /* U+002B "+" */
    0x0, 0x0, 0x0, 0x6, 0x48, 0xa, 0x0, 0x0,
    0x0, 0x0, 0x0, 0x30, 0xff, 0xc, 0x0, 0x0,
    0x0, 0x0, 0x0, 0x58, 0xe3, 0x0, 0x0, 0x0,
    0x2, 0x8, 0x8, 0x89, 0xc3, 0x8, 0x8, 0x2,
    0x5c, 0xff, 0xff, 0xff, 0xff, 0xff, 0xff, 0x45,
    0x1a, 0x38, 0x38, 0xff, 0xa2, 0x38, 0x38, 0x9,
    0x0, 0x0, 0x2, 0xf7, 0x41, 0x0, 0x0, 0x0,
    0x0, 0x0, 0x23, 0xff, 0x19, 0x0, 0x0, 0x0,
    0x0, 0x0, 0x31, 0xb0, 0x0, 0x0, 0x0, 0x0,

    /* U+002C "," */
    0x0, 0xb1, 0x87, 0x1, 0xe5, 0x54, 0x58, 0xdb,
    0x7, 0x57, 0x27, 0x0,

    /* U+002D "-" */
    0xb0, 0xf4, 0xf4, 0x80, 0x1d, 0x24, 0x24, 0xf,

    /* U+002E "." */
    0x3a, 0x63, 0x78, 0xb3,

    /* U+002F "/" */
    0x0, 0x0, 0x0, 0x0, 0x0, 0x22, 0xe9, 0xf,
    0x0, 0x0, 0x0, 0x0, 0x0, 0xa1, 0x7a, 0x0,
    0x0, 0x0, 0x0, 0x0, 0x28, 0xe8, 0xc, 0x0,
    0x0, 0x0, 0x0, 0x0, 0xa8, 0x74, 0x0, 0x0,
    0x0, 0x0, 0x0, 0x2d, 0xe5, 0xa, 0x0, 0x0,
    0x0, 0x0, 0x0, 0xaf, 0x6e, 0x0, 0x0, 0x0,
    0x0, 0x0, 0x33, 0xe3, 0x7, 0x0, 0x0, 0x0,
    0x0, 0x0, 0xb6, 0x68, 0x0, 0x0, 0x0, 0x0,
    0x0, 0x3a, 0xdf, 0x5, 0x0, 0x0, 0x0, 0x0,
    0x0, 0xbd, 0x61, 0x0, 0x0, 0x0, 0x0, 0x0,
    0x40, 0xda, 0x4, 0x0, 0x0, 0x0, 0x0, 0x0,
    0x51, 0x3e, 0x0, 0x0, 0x0, 0x0, 0x0, 0x0,

    /* U+0030 "0" */
    0x0, 0x0, 0x2a, 0xc0, 0xf6, 0xde, 0x39, 0x0,
    0x0, 0xa, 0xe5, 0x94, 0x24, 0x89, 0xde, 0x1,
    0x0, 0x68, 0xd2, 0x1, 0x0, 0xe, 0xff, 0x22,
    0x0, 0xb9, 0x7c, 0x0, 0x0, 0x1, 0xff, 0x32,
    0x0, 0xed, 0x4a, 0x0, 0x0, 0x15, 0xff, 0x24,
    0x15, 0xff, 0x27, 0x0, 0x0, 0x39, 0xfd, 0x6,
    0x33, 0xfe, 0x7, 0x0, 0x0, 0x5e, 0xd9, 0x0,
    0x43, 0xf1, 0x0, 0x0, 0x0, 0x90, 0xa4, 0x0,
    0x32, 0xf9, 0x4, 0x0, 0x5, 0xe2, 0x51, 0x0,
    0x4, 0xea, 0x7b, 0x24, 0xa2, 0xd5, 0x3, 0x0,
    0x0, 0x43, 0xe3, 0xf6, 0xb7, 0x1e, 0x0, 0x0,

    /* U+0031 "1" */
    0x0, 0x0, 0x29, 0x8e, 0xac, 0x11, 0xc2, 0xfc,
    0xf2, 0x98, 0x2a, 0x7a, 0x1b, 0xc2, 0x70, 0x0,
    0x0, 0x0, 0xeb, 0x49, 0x0, 0x0, 0x13, 0xff,
    0x21, 0x0, 0x0, 0x3c, 0xf7, 0x2, 0x0, 0x0,
    0x65, 0xd2, 0x0, 0x0, 0x0, 0x8e, 0xaa, 0x0,
    0x0, 0x0, 0xb6, 0x82, 0x0, 0x0, 0x0, 0xdf,
    0x5b, 0x0, 0x0, 0x9, 0xfe, 0x33, 0x0,

    /* U+0032 "2" */
    0x0, 0x0, 0x49, 0xcc, 0xf7, 0xd4, 0x41, 0x0,
    0x0, 0x3e, 0xfa, 0x6c, 0x20, 0x95, 0xef, 0x9,
    0x0, 0xb4, 0x9a, 0x0, 0x0, 0x1c, 0xff, 0x2c,
    0x0, 0x48, 0x1f, 0x0, 0x0, 0x3f, 0xfc, 0xc,
    0x0, 0x0, 0x0, 0x0, 0x1, 0xba, 0xa1, 0x0,
    0x0, 0x0, 0x0, 0x0, 0x86, 0xe3, 0x15, 0x0,
    0x0, 0x0, 0x0, 0x70, 0xef, 0x2d, 0x0, 0x0,
    0x0, 0x0, 0x62, 0xf2, 0x38, 0x0, 0x0, 0x0,
    0x0, 0x55, 0xf3, 0x3f, 0x0, 0x0, 0x0, 0x0,
    0x48, 0xf7, 0x5e, 0x18, 0x18, 0x18, 0xf, 0x0,
    0xc3, 0xff, 0xff, 0xff, 0xff, 0xff, 0x92, 0x0,

    /* U+0033 "3" */
    0x0, 0x0, 0x4a, 0xcf, 0xf8, 0xcd, 0x31, 0x0,
    0x0, 0x3b, 0xf7, 0x6c, 0x29, 0xa1, 0xd8, 0x0,
    0x0, 0xa2, 0xa0, 0x0, 0x0, 0x2e, 0xff, 0x15,
    0x0, 0x0, 0x0, 0x0, 0x0, 0x52, 0xf8, 0x9,
    0x0, 0x0, 0x2, 0xf, 0x41, 0xdd, 0x78, 0x0,
    0x0, 0x0, 0x63, 0xff, 0xff, 0x8e, 0x0, 0x0,
    0x0, 0x0, 0x4, 0x10, 0x55, 0xf4, 0x38, 0x0,
    0x0, 0x0, 0x0, 0x0, 0x0, 0xb9, 0x7a, 0x0,
    0x84, 0xa5, 0x0, 0x0, 0x1, 0xe3, 0x5c, 0x0,
    0x4d, 0xf5, 0x50, 0x2d, 0x9d, 0xdf, 0xf, 0x0,
    0x0, 0x75, 0xe3, 0xf0, 0xb2, 0x24, 0x0, 0x0,

    /* U+0034 "4" */
    0x0, 0x0, 0x0, 0x0, 0x2, 0xff, 0xff, 0x0,
    0x0, 0x0, 0x0, 0x0, 0x7d, 0xff, 0xc3, 0x0,
    0x0, 0x0, 0x0, 0x3f, 0xe9, 0xbd, 0x9b, 0x0,
    0x0, 0x0, 0x16, 0xe5, 0x4c, 0xc9, 0x73, 0x0,
    0x0, 0x2, 0xbb, 0x8c, 0x0, 0xf0, 0x4b, 0x0,
    0x0, 0x7e, 0xc9, 0x5, 0x19, 0xff, 0x23, 0x0,
    0x40, 0xec, 0x20, 0x0, 0x41, 0xf8, 0x3, 0x0,
    0xd7, 0xfc, 0xf4, 0xf4, 0xff, 0xff, 0xf4, 0x1d,
    0x22, 0x24, 0x24, 0x24, 0xb5, 0xcf, 0x24, 0x0,
    0x0, 0x0, 0x0, 0x0, 0xb9, 0x83, 0x0, 0x0,
    0x0, 0x0, 0x0, 0x0, 0xe0, 0x5b, 0x0, 0x0,

    /* U+0035 "5" */
    0x0, 0x0, 0x5a, 0xff, 0xff, 0xff, 0xff, 0xa8,
    0x0, 0x0, 0x94, 0xa7, 0x3c, 0x3c, 0x3c, 0x21,
    0x0, 0x0, 0xce, 0x56, 0x0, 0x0, 0x0, 0x0,
    0x0, 0xb, 0xfb, 0x1a, 0x0, 0x0, 0x0, 0x0,
    0x0, 0x42, 0xf8, 0xca, 0xf7, 0xbf, 0x13, 0x0,
    0x0, 0x48, 0xbb, 0x55, 0x49, 0xde, 0xa1, 0x0,
    0x0, 0x0, 0x0, 0x0, 0x0, 0x64, 0xe6, 0x0,
    0x0, 0x0, 0x0, 0x0, 0x0, 0x56, 0xe9, 0x0,
    0x1f, 0xe9, 0xb, 0x0, 0x0, 0x99, 0xb5, 0x0,
    0x1, 0xd6, 0x97, 0x2c, 0x70, 0xfa, 0x3b, 0x0,
    0x0, 0x2b, 0xc6, 0xf7, 0xd4, 0x48, 0x0, 0x0,

    /* U+0036 "6" */
    0x0, 0x0, 0x0, 0x20, 0xa1, 0xe7, 0x75, 0x0,
    0x0, 0x32, 0xef, 0x9b, 0x3e, 0x10, 0x0, 0x8,
    0xdc, 0x76, 0x0, 0x0, 0x0, 0x0, 0x63, 0xd2,
    0x3, 0x0, 0x0, 0x0, 0x0, 0xb1, 0xb2, 0xc0,
    0xea, 0xaa, 0x9, 0x0, 0xff, 0xff, 0x52, 0x3b,
    0xdc, 0x84, 0x1f, 0xff, 0x5b, 0x0, 0x0, 0x73,
    0xca, 0x29, 0xff, 0xf, 0x0, 0x0, 0x69, 0xcb,
    0x13, 0xfd, 0x2a, 0x0, 0x0, 0xad, 0x92, 0x0,
    0xbc, 0xaa, 0x28, 0x7a, 0xf3, 0x1e, 0x0, 0x19,
    0xc9, 0xf9, 0xcb, 0x32, 0x0,

    /* U+0037 "7" */
    0xa7, 0xff, 0xff, 0xff, 0xff, 0xff, 0xe3, 0x11,
    0x18, 0x18, 0x18, 0x18, 0xcf, 0x80, 0x0, 0x0,
    0x0, 0x0, 0x4f, 0xea, 0xd, 0x0, 0x0, 0x0,
    0x3, 0xd6, 0x6f, 0x0, 0x0, 0x0, 0x0, 0x65,
    0xe0, 0x6, 0x0, 0x0, 0x0, 0xa, 0xe5, 0x5e,
    0x0, 0x0, 0x0, 0x0, 0x7b, 0xd3, 0x2, 0x0,
    0x0, 0x0, 0x14, 0xf1, 0x4d, 0x0, 0x0, 0x0,
    0x0, 0x91, 0xc4, 0x0, 0x0, 0x0, 0x0, 0x22,
    0xf9, 0x3c, 0x0, 0x0, 0x0, 0x0, 0xa7, 0xb4,
    0x0, 0x0, 0x0, 0x0, 0x0,

    /* U+0038 "8" */
    0x0, 0x0, 0x2c, 0xbf, 0xf7, 0xda, 0x48, 0x0,
    0x0, 0xe, 0xe9, 0x9f, 0x25, 0x89, 0xf1, 0xc,
    0x0, 0x5b, 0xee, 0x4, 0x0, 0xd, 0xff, 0x37,
    0x0, 0x6b, 0xd1, 0x0, 0x0, 0x32, 0xff, 0x1c,
    0x0, 0x29, 0xf9, 0x5f, 0x40, 0xd1, 0xa9, 0x0,
    0x0, 0x18, 0xed, 0xff, 0xff, 0xf5, 0x9, 0x0,
    0xc, 0xd6, 0x91, 0x6, 0x1c, 0xe8, 0x55, 0x0,
    0x59, 0xe9, 0x3, 0x0, 0x0, 0xa1, 0x9d, 0x0,
    0x7a, 0xcd, 0x0, 0x0, 0x0, 0xcd, 0x83, 0x0,
    0x3c, 0xfc, 0x61, 0x2d, 0x92, 0xf2, 0x21, 0x0,
    0x0, 0x6c, 0xe4, 0xf7, 0xbf, 0x34, 0x0, 0x0,

    /* U+0039 "9" */
    0x0, 0x3b, 0xd2, 0xf8, 0xc2, 0x19, 0x0, 0x27,
    0xf6, 0x72, 0x2a, 0xc2, 0xa4, 0x0, 0xa3, 0x9d,
    0x0, 0x0, 0x49, 0xed, 0x1, 0xe0, 0x56, 0x0,
    0x0, 0x2a, 0xff, 0x8, 0xe5, 0x55, 0x0, 0x0,
    0x72, 0xff, 0x3, 0xae, 0xb4, 0xc, 0x34, 0xff,
    0xeb, 0x0, 0x26, 0xe6, 0xfe, 0xe0, 0xc7, 0xa2,
    0x0, 0x0, 0x7, 0x20, 0x7, 0xda, 0x4a, 0x0,
    0x0, 0x0, 0x0, 0x78, 0xd2, 0x2, 0x0, 0x11,
    0x3a, 0x9e, 0xee, 0x26, 0x0, 0x0, 0x8a, 0xe9,
    0x9f, 0x19, 0x0, 0x0, 0x0,

    /* U+003A ":" */
    0x0, 0x79, 0xad, 0x0, 0x41, 0x5c, 0x0, 0x0,
    0x0, 0x0, 0x0, 0x0, 0x0, 0x0, 0x0, 0x0,
    0x0, 0x0, 0x46, 0x57, 0x0, 0x8c, 0xa0, 0x0,

    /* U+003B ";" */
    0x0, 0x0, 0xa0, 0x86, 0x0, 0x0, 0x59, 0x44,
    0x0, 0x0, 0x0, 0x0, 0x0, 0x0, 0x0, 0x0,
    0x0, 0x0, 0x0, 0x0, 0x0, 0x0, 0x0, 0x0,
    0x0, 0x84, 0x8b, 0x0, 0x0, 0xc9, 0x73, 0x0,
    0x33, 0xf2, 0x1b, 0x0, 0x5b, 0x4b, 0x0, 0x0,

    /* U+003C "<" */
    0x0, 0x0, 0x0, 0x0, 0x17, 0x86, 0x5e, 0x0,
    0x0, 0x23, 0x97, 0xf7, 0xd1, 0x2b, 0x21, 0xa8,
    0xf6, 0xa7, 0x3c, 0x0, 0x0, 0xb7, 0xff, 0x69,
    0x1, 0x0, 0x0, 0x0, 0x2, 0x60, 0xe3, 0xd5,
    0x5d, 0x4, 0x0, 0x0, 0x0, 0x9, 0x7a, 0xf1,
    0x90, 0x0, 0x0, 0x0, 0x0, 0x0, 0x15, 0x35,
    0x0,

    /* U+003D "=" */
    0x0, 0x9d, 0xfc, 0xfc, 0xfc, 0xfc, 0xe5, 0x0,
    0x1f, 0x2c, 0x2c, 0x2c, 0x2c, 0x23, 0x0, 0x0,
    0x0, 0x0, 0x0, 0x0, 0x0, 0x21, 0xff, 0xff,
    0xff, 0xff, 0xff, 0x69, 0x9, 0x2c, 0x2c, 0x2c,
    0x2c, 0x2c, 0xd,

    /* U+003E ">" */
    0x0, 0x7c, 0x67, 0x4, 0x0, 0x0, 0x0, 0x0,
    0x65, 0xeb, 0xdc, 0x5b, 0x2, 0x0, 0x0, 0x0,
    0x9, 0x69, 0xdb, 0xd2, 0x45, 0x0, 0x0, 0x0,
    0xc, 0x68, 0xff, 0xe0, 0x0, 0x2f, 0x96, 0xf2,
    0xc6, 0x53, 0x2, 0x60, 0xfc, 0xab, 0x38, 0x0,
    0x0, 0x0, 0x40, 0x21, 0x0, 0x0, 0x0, 0x0,
    0x0,

    /* U+003F "?" */
    0x3, 0x88, 0xe9, 0xf2, 0x8e, 0x0, 0x7d, 0xe8,
    0x51, 0x57, 0xfa, 0x4b, 0x86, 0x53, 0x0, 0x0,
    0xd4, 0x74, 0x0, 0x0, 0x0, 0x19, 0xfb, 0x49,
    0x0, 0x0, 0xa, 0xc4, 0xbc, 0x2, 0x0, 0x3,
    0xb5, 0xcf, 0x14, 0x0, 0x0, 0x66, 0xe7, 0x16,
    0x0, 0x0, 0x0, 0xa5, 0x7c, 0x0, 0x0, 0x0,
    0x0, 0x0, 0x0, 0x0, 0x0, 0x0, 0xb, 0x6f,
    0x2, 0x0, 0x0, 0x0, 0x2b, 0xe5, 0x11, 0x0,
    0x0, 0x0,

    /* U+0040 "@" */
    0x0, 0x0, 0x0, 0x0, 0x36, 0xaa, 0xe9, 0xf3,
    0xd4, 0x66, 0x0, 0x0, 0x0, 0x0, 0x0, 0x73,
    0xd8, 0x56, 0xb, 0x0, 0x28, 0xb9, 0x77, 0x0,
    0x0, 0x0, 0x57, 0xcf, 0xe, 0x0, 0x0, 0x0,
    0x0, 0x8, 0xdf, 0x12, 0x0, 0x15, 0xe2, 0x1e,
    0x0, 0x6b, 0xe6, 0xde, 0x72, 0x0, 0x87, 0x51,
    0x0, 0x8c, 0x7b, 0x0, 0x5c, 0xd1, 0x18, 0x86,
    0xdb, 0x0, 0x5f, 0x7a, 0x3, 0xe9, 0xf, 0x4,
    0xe5, 0x30, 0x0, 0x97, 0x6b, 0x0, 0x53, 0x84,
    0x38, 0xc3, 0x0, 0x49, 0xd0, 0x0, 0x0, 0xcf,
    0x34, 0x0, 0x66, 0x76, 0x6a, 0x8f, 0x0, 0x86,
    0x95, 0x0, 0xd, 0xf5, 0x5, 0x0, 0x8d, 0x4c,
    0x7d, 0x78, 0x0, 0xa1, 0x76, 0x0, 0x80, 0xff,
    0x0, 0x1, 0xce, 0xd, 0x78, 0x82, 0x0, 0x8f,
    0x8f, 0xa, 0xd3, 0xd5, 0x0, 0x78, 0x83, 0x0,
    0x4e, 0xa9, 0x0, 0x2a, 0xe9, 0xc4, 0x2b, 0xb1,
    0xe0, 0x93, 0x2, 0x0, 0xc, 0xe3, 0x16, 0x0,
    0x0, 0x0, 0x0, 0x0, 0x0, 0x0, 0x0, 0x0,
    0x0, 0x69, 0xd2, 0x27, 0x0, 0x1, 0x39, 0xf,
    0x0, 0x0, 0x0, 0x0, 0x0, 0x0, 0x60, 0xd1,
    0xe8, 0xe5, 0xaf, 0x1a, 0x0, 0x0, 0x0, 0x0,

    /* U+0041 "A" */
    0x0, 0x0, 0x0, 0x0, 0x0, 0x63, 0xff, 0x12,
    0x0, 0x0, 0x0, 0x0, 0x0, 0x4, 0xdc, 0xff,
    0x40, 0x0, 0x0, 0x0, 0x0, 0x0, 0x5f, 0xda,
    0xb7, 0x6e, 0x0, 0x0, 0x0, 0x0, 0x3, 0xd9,
    0x63, 0x8b, 0x9c, 0x0, 0x0, 0x0, 0x0, 0x5b,
    0xe3, 0x6, 0x61, 0xca, 0x0, 0x0, 0x0, 0x2,
    0xd6, 0x70, 0x0, 0x37, 0xf5, 0x2, 0x0, 0x0,
    0x56, 0xec, 0xa, 0x0, 0xd, 0xff, 0x25, 0x0,
    0x1, 0xff, 0xff, 0xf8, 0xf8, 0xf8, 0xff, 0x62,
    0x0, 0x52, 0xff, 0x39, 0x28, 0x28, 0x28, 0xdf,
    0x81, 0x0, 0xce, 0x8a, 0x0, 0x0, 0x0, 0x0,
    0x8f, 0xaf, 0x4d, 0xf8, 0x18, 0x0, 0x0, 0x0,
    0x0, 0x65, 0xdd,

    /* U+0042 "B" */
    0x0, 0x0, 0xf0, 0xff, 0xff, 0xf3, 0xb3, 0x1e,
    0x0, 0x0, 0x19, 0xff, 0x48, 0x24, 0x36, 0xc3,
    0xb7, 0x0, 0x0, 0x41, 0xfd, 0x8, 0x0, 0x0,
    0x50, 0xf1, 0x0, 0x0, 0x6a, 0xde, 0x0, 0x0,
    0x0, 0x79, 0xe5, 0x0, 0x0, 0x92, 0xb6, 0x0,
    0x1, 0x3c, 0xe7, 0x67, 0x0, 0x0, 0xba, 0xff,
    0xff, 0xff, 0xff, 0x83, 0x0, 0x0, 0x0, 0xe3,
    0x88, 0x48, 0x44, 0x67, 0xf4, 0x25, 0x0, 0xb,
    0xfe, 0x3f, 0x0, 0x0, 0x0, 0xd7, 0x68, 0x0,
    0x33, 0xff, 0x17, 0x0, 0x0, 0xd, 0xf5, 0x5a,
    0x0, 0x5c, 0xf8, 0x20, 0x20, 0x3e, 0xbf, 0xe0,
    0xa, 0x0, 0x87, 0xff, 0xff, 0xff, 0xee, 0xa8,
    0x1f, 0x0, 0x0,

    /* U+0043 "C" */
    0x0, 0x0, 0x0, 0x61, 0xd3, 0xf8, 0xd9, 0x54,
    0x0, 0x0, 0x0, 0x7b, 0xf2, 0x61, 0x2c, 0x74,
    0xfc, 0x2d, 0x0, 0x25, 0xf8, 0x3f, 0x0, 0x0,
    0x0, 0xc5, 0x8a, 0x0, 0x95, 0xb5, 0x0, 0x0,
    0x0, 0x0, 0x5c, 0x65, 0x0, 0xda, 0x69, 0x0,
    0x0, 0x0, 0x0, 0x0, 0x0, 0xd, 0xff, 0x3a,
    0x0, 0x0, 0x0, 0x0, 0x0, 0x0, 0x1f, 0xff,
    0x22, 0x0, 0x0, 0x0, 0x0, 0x0, 0x0, 0x1e,
    0xff, 0x22, 0x0, 0x0, 0x0, 0x33, 0x82, 0x0,
    0x2, 0xe9, 0x57, 0x0, 0x0, 0x0, 0xb7, 0xad,
    0x0, 0x0, 0x8e, 0xde, 0x3e, 0x33, 0x97, 0xef,
    0x27, 0x0, 0x0, 0x8, 0x9b, 0xf1, 0xf0, 0xb0,
    0x28, 0x0, 0x0,

    /* U+0044 "D" */
    0x0, 0x0, 0xff, 0xff, 0xff, 0xe7, 0x88, 0x5,
    0x0, 0x0, 0x19, 0xff, 0x53, 0x24, 0x48, 0xe2,
    0x93, 0x0, 0x0, 0x41, 0xfe, 0x9, 0x0, 0x0,
    0x46, 0xfa, 0x12, 0x0, 0x6a, 0xdf, 0x0, 0x0,
    0x0, 0x7, 0xfb, 0x46, 0x0, 0x92, 0xb7, 0x0,
    0x0, 0x0, 0x0, 0xf6, 0x55, 0x0, 0xba, 0x8f,
    0x0, 0x0, 0x0, 0x5, 0xfd, 0x42, 0x0, 0xe3,
    0x67, 0x0, 0x0, 0x0, 0x34, 0xff, 0x15, 0xb,
    0xfe, 0x3f, 0x0, 0x0, 0x0, 0x8b, 0xca, 0x0,
    0x33, 0xff, 0x17, 0x0, 0x0, 0x2d, 0xf5, 0x42,
    0x0, 0x5c, 0xff, 0x20, 0x2c, 0x6c, 0xed, 0x8a,
    0x0, 0x0, 0x84, 0xff, 0xff, 0xf6, 0xc9, 0x5b,
    0x0, 0x0, 0x0,

    /* U+0045 "E" */
    0x0, 0x0, 0xf0, 0xff, 0xff, 0xff, 0xff, 0xff,
    0x1e, 0x0, 0x19, 0xff, 0x53, 0x24, 0x24, 0x24,
    0x24, 0x0, 0x0, 0x41, 0xfe, 0x9, 0x0, 0x0,
    0x0, 0x0, 0x0, 0x0, 0x6a, 0xdf, 0x0, 0x0,
    0x0, 0x0, 0x0, 0x0, 0x0, 0x92, 0xb7, 0x0,
    0x0, 0x0, 0x0, 0x0, 0x0, 0x0, 0xba, 0xff,
    0xf8, 0xf8, 0xf8, 0xc0, 0x0, 0x0, 0x0, 0xe3,
    0x85, 0x28, 0x28, 0x28, 0x1b, 0x0, 0x0, 0xb,
    0xfe, 0x3f, 0x0, 0x0, 0x0, 0x0, 0x0, 0x0,
    0x33, 0xff, 0x17, 0x0, 0x0, 0x0, 0x0, 0x0,
    0x0, 0x5c, 0xfd, 0x24, 0x24, 0x24, 0x24, 0x1a,
    0x0, 0x0, 0x84, 0xff, 0xff, 0xff, 0xff, 0xff,
    0xa1, 0x0, 0x0,

    /* U+0046 "F" */
    0x0, 0x0, 0xf0, 0xff, 0xff, 0xff, 0xff, 0xfe,
    0xb, 0x0, 0x19, 0xff, 0x53, 0x24, 0x24, 0x24,
    0x22, 0x0, 0x0, 0x41, 0xfe, 0x9, 0x0, 0x0,
    0x0, 0x0, 0x0, 0x0, 0x6a, 0xdf, 0x0, 0x0,
    0x0, 0x0, 0x0, 0x0, 0x0, 0x92, 0xb7, 0x0,
    0x0, 0x0, 0x0, 0x0, 0x0, 0x0, 0xba, 0xff,
    0xf8, 0xf8, 0xf8, 0x96, 0x0, 0x0, 0x0, 0xe3,
    0x87, 0x28, 0x28, 0x28, 0x14, 0x0, 0x0, 0xb,
    0xfe, 0x3f, 0x0, 0x0, 0x0, 0x0, 0x0, 0x0,
    0x33, 0xff, 0x17, 0x0, 0x0, 0x0, 0x0, 0x0,
    0x0, 0x5c, 0xef, 0x0, 0x0, 0x0, 0x0, 0x0,
    0x0, 0x0, 0x84, 0xc7, 0x0, 0x0, 0x0, 0x0,
    0x0, 0x0, 0x0,

    /* U+0047 "G" */
    0x0, 0x0, 0x0, 0x63, 0xd2, 0xf8, 0xda, 0x56,
    0x0, 0x0, 0x0, 0x80, 0xf4, 0x66, 0x30, 0x7d,
    0xfd, 0x35, 0x0, 0x25, 0xfa, 0x44, 0x0, 0x0,
    0x0, 0xbe, 0x9a, 0x0, 0x94, 0xc0, 0x0, 0x0,
    0x0, 0x0, 0x4a, 0x64, 0x0, 0xd6, 0x74, 0x0,
    0x0, 0x0, 0x0, 0x0, 0x0, 0xa, 0xff, 0x42,
    0x0, 0x0, 0x0, 0x0, 0x0, 0x0, 0x17, 0xff,
    0x2e, 0x0, 0x2f, 0xf8, 0xf8, 0xf8, 0x50, 0x12,
    0xff, 0x35, 0x0, 0xb, 0x28, 0x44, 0xff, 0x2a,
    0x0, 0xd8, 0x74, 0x0, 0x0, 0x0, 0x50, 0xfb,
    0x5, 0x0, 0x72, 0xf2, 0x50, 0x28, 0x4d, 0xcc,
    0xbf, 0x0, 0x0, 0x1, 0x7d, 0xe7, 0xf7, 0xda,
    0x89, 0xb, 0x0,

    /* U+0048 "H" */
    0x0, 0x0, 0xf0, 0x57, 0x0, 0x0, 0x0, 0x0,
    0xcd, 0x7b, 0x0, 0x19, 0xff, 0x2f, 0x0, 0x0,
    0x0, 0x0, 0xf3, 0x53, 0x0, 0x41, 0xfe, 0x9,
    0x0, 0x0, 0x0, 0x1d, 0xff, 0x2a, 0x0, 0x6a,
    0xdf, 0x0, 0x0, 0x0, 0x0, 0x45, 0xfc, 0x6,
    0x0, 0x92, 0xb7, 0x0, 0x0, 0x0, 0x0, 0x6d,
    0xda, 0x0, 0x0, 0xba, 0xff, 0xf8, 0xf8, 0xf8,
    0xf8, 0xff, 0xb1, 0x0, 0x0, 0xe3, 0x83, 0x28,
    0x28, 0x28, 0x28, 0xd2, 0x89, 0x0, 0xb, 0xfe,
    0x3f, 0x0, 0x0, 0x0, 0x0, 0xe5, 0x61, 0x0,
    0x33, 0xff, 0x17, 0x0, 0x0, 0x0, 0xd, 0xff,
    0x38, 0x0, 0x5c, 0xef, 0x0, 0x0, 0x0, 0x0,
    0x35, 0xff, 0x10, 0x0, 0x84, 0xc7, 0x0, 0x0,
    0x0, 0x0, 0x5c, 0xe8, 0x0, 0x0,

    /* U+0049 "I" */
    0x0, 0x0, 0xd9, 0x6f, 0x0, 0x5, 0xfb, 0x47,
    0x0, 0x29, 0xff, 0x1e, 0x0, 0x52, 0xf5, 0x1,
    0x0, 0x7a, 0xce, 0x0, 0x0, 0xa2, 0xa5, 0x0,
    0x0, 0xcb, 0x7d, 0x0, 0x0, 0xf2, 0x55, 0x0,
    0x1b, 0xff, 0x2c, 0x0, 0x44, 0xfc, 0x7, 0x0,
    0x6c, 0xdc, 0x0, 0x0,

    /* U+004A "J" */
    0x0, 0x0, 0x0, 0x0, 0x0, 0x0, 0xe5, 0x63,
    0x0, 0x0, 0x0, 0x0, 0x0, 0xd, 0xff, 0x3b,
    0x0, 0x0, 0x0, 0x0, 0x0, 0x35, 0xff, 0x13,
    0x0, 0x0, 0x0, 0x0, 0x0, 0x5d, 0xeb, 0x0,
    0x0, 0x0, 0x0, 0x0, 0x0, 0x85, 0xc3, 0x0,
    0x0, 0x0, 0x0, 0x0, 0x0, 0xad, 0x9b, 0x0,
    0x0, 0x0, 0x0, 0x0, 0x0, 0xd5, 0x72, 0x0,
    0x1f, 0xe, 0x0, 0x0, 0x5, 0xf9, 0x49, 0x0,
    0xdd, 0x74, 0x0, 0x0, 0x4d, 0xfb, 0x14, 0x0,
    0xa0, 0xdb, 0x36, 0x47, 0xe7, 0x96, 0x0, 0x0,
    0x14, 0xb2, 0xf6, 0xe7, 0x88, 0x6, 0x0, 0x0,

    /* U+004B "K" */
    0x0, 0x0, 0xf0, 0x57, 0x0, 0x0, 0xb, 0xc5,
    0xc8, 0xc, 0x0, 0x19, 0xff, 0x2f, 0x0, 0x7,
    0xbb, 0xd2, 0x11, 0x0, 0x0, 0x41, 0xfe, 0x9,
    0x4, 0xb1, 0xdb, 0x18, 0x0, 0x0, 0x0, 0x6a,
    0xdf, 0x2, 0xa5, 0xe4, 0x20, 0x0, 0x0, 0x0,
    0x0, 0x92, 0xb7, 0x99, 0xff, 0x29, 0x0, 0x0,
    0x0, 0x0, 0x0, 0xba, 0xff, 0xff, 0xff, 0xc,
    0x0, 0x0, 0x0, 0x0, 0x0, 0xff, 0xff, 0x3b,
    0xe9, 0x7a, 0x0, 0x0, 0x0, 0x0, 0xb, 0xff,
    0x6d, 0x0, 0x72, 0xed, 0xe, 0x0, 0x0, 0x0,
    0x33, 0xff, 0x17, 0x0, 0x9, 0xe6, 0x7e, 0x0,
    0x0, 0x0, 0x5c, 0xef, 0x0, 0x0, 0x0, 0x6c,
    0xef, 0x10, 0x0, 0x0, 0x84, 0xc7, 0x0, 0x0,
    0x0, 0x7, 0xe2, 0x82, 0x0, 0x0,

    /* U+004C "L" */
    0x0, 0x0, 0xf0, 0x57, 0x0, 0x0, 0x0, 0x0,
    0x19, 0xff, 0x2f, 0x0, 0x0, 0x0, 0x0, 0x41,
    0xfe, 0x9, 0x0, 0x0, 0x0, 0x0, 0x6a, 0xdf,
    0x0, 0x0, 0x0, 0x0, 0x0, 0x92, 0xb7, 0x0,
    0x0, 0x0, 0x0, 0x0, 0xba, 0x8f, 0x0, 0x0,
    0x0, 0x0, 0x0, 0xe3, 0x67, 0x0, 0x0, 0x0,
    0x0, 0xb, 0xfe, 0x3f, 0x0, 0x0, 0x0, 0x0,
    0x33, 0xff, 0x17, 0x0, 0x0, 0x0, 0x0, 0x5c,
    0xfd, 0x24, 0x24, 0x24, 0x24, 0xf, 0x84, 0xff,
    0xff, 0xff, 0xff, 0xff, 0x59,

    /* U+004D "M" */
    0x0, 0x0, 0xff, 0xff, 0x0, 0x0, 0x0, 0x0,
    0x0, 0x32, 0xff, 0xcd, 0x0, 0x19, 0xff, 0xff,
    0xd, 0x0, 0x0, 0x0, 0x0, 0xb4, 0xff, 0x83,
    0x0, 0x41, 0xe9, 0xf0, 0x3d, 0x0, 0x0, 0x0,
    0x35, 0xf8, 0xf0, 0x5a, 0x0, 0x6a, 0xc7, 0xbe,
    0x70, 0x0, 0x0, 0x0, 0xb8, 0x9a, 0xfa, 0x32,
    0x0, 0x92, 0xa6, 0x8b, 0xa2, 0x0, 0x0, 0x39,
    0xf6, 0x4a, 0xfe, 0xb, 0x0, 0xba, 0x85, 0x58,
    0xd5, 0x0, 0x0, 0xbc, 0x8d, 0x5f, 0xe1, 0x0,
    0x0, 0xe3, 0x63, 0x25, 0xfc, 0xa, 0x3d, 0xf4,
    0x16, 0x8d, 0xb9, 0x0, 0xb, 0xfe, 0x3d, 0x1,
    0xf0, 0x3a, 0xbf, 0x87, 0x0, 0xb7, 0x91, 0x0,
    0x33, 0xff, 0x14, 0x0, 0xbf, 0xae, 0xf1, 0x12,
    0x0, 0xde, 0x68, 0x0, 0x5c, 0xec, 0x0, 0x0,
    0x8c, 0xff, 0x80, 0x0, 0x7, 0xfd, 0x40, 0x0,
    0x84, 0xc4, 0x0, 0x0, 0x59, 0xee, 0xf, 0x0,
    0x2c, 0xff, 0x18, 0x0,

    /* U+004E "N" */
    0x0, 0x0, 0xf0, 0x94, 0x0, 0x0, 0x0, 0x0,
    0xc9, 0x7f, 0x0, 0x19, 0xff, 0xf2, 0xd, 0x0,
    0x0, 0x0, 0xf0, 0x57, 0x0, 0x41, 0xfd, 0xec,
    0x6a, 0x0, 0x0, 0x19, 0xff, 0x2e, 0x0, 0x6a,
    0xde, 0x88, 0xd5, 0x0, 0x0, 0x41, 0xfd, 0x8,
    0x0, 0x92, 0xb6, 0x20, 0xfd, 0x40, 0x0, 0x69,
    0xde, 0x0, 0x0, 0xba, 0x8e, 0x0, 0xb3, 0xab,
    0x0, 0x91, 0xb5, 0x0, 0x0, 0xe3, 0x66, 0x0,
    0x48, 0xfb, 0x1b, 0xba, 0x8d, 0x0, 0xb, 0xfe,
    0x3f, 0x0, 0x1, 0xdc, 0x81, 0xe2, 0x65, 0x0,
    0x33, 0xff, 0x17, 0x0, 0x0, 0x73, 0xe9, 0xfe,
    0x3c, 0x0, 0x5c, 0xef, 0x0, 0x0, 0x0, 0x11,
    0xf6, 0xff, 0x14, 0x0, 0x84, 0xc7, 0x0, 0x0,
    0x0, 0x0, 0x9d, 0xec, 0x0, 0x0,

    /* U+004F "O" */
    0x0, 0x0, 0x0, 0x5d, 0xd1, 0xf7, 0xd9, 0x53,
    0x0, 0x0, 0x0, 0x76, 0xf7, 0x70, 0x3c, 0x81,
    0xfc, 0x2c, 0x0, 0x1f, 0xf7, 0x4a, 0x0, 0x0,
    0x0, 0xc0, 0x84, 0x0, 0x93, 0xbc, 0x0, 0x0,
    0x0, 0x0, 0x86, 0xbc, 0x0, 0xd7, 0x6c, 0x0,
    0x0, 0x0, 0x0, 0x7e, 0xc0, 0xe, 0xff, 0x39,
    0x0, 0x0, 0x0, 0x0, 0x91, 0xb3, 0x1c, 0xff,
    0x24, 0x0, 0x0, 0x0, 0x0, 0xc4, 0x7c, 0x18,
    0xff, 0x2a, 0x0, 0x0, 0x0, 0x17, 0xf8, 0x37,
    0x0, 0xde, 0x65, 0x0, 0x0, 0x0, 0x9b, 0xbe,
    0x0, 0x0, 0x7e, 0xe9, 0x4c, 0x39, 0x9d, 0xf2,
    0x2d, 0x0, 0x0, 0x4, 0x8d, 0xed, 0xf3, 0xb6,
    0x2c, 0x0, 0x0,

    /* U+0050 "P" */
    0x0, 0x0, 0xf0, 0xff, 0xff, 0xfd, 0xd8, 0x53,
    0x0, 0x0, 0x19, 0xff, 0x48, 0x24, 0x27, 0x7d,
    0xfc, 0x2e, 0x0, 0x41, 0xfd, 0x8, 0x0, 0x0,
    0x0, 0xcf, 0x7e, 0x0, 0x6a, 0xde, 0x0, 0x0,
    0x0, 0x0, 0xc1, 0x85, 0x0, 0x92, 0xb6, 0x0,
    0x0, 0x0, 0xc, 0xf1, 0x5a, 0x0, 0xba, 0x8e,
    0x0, 0x0, 0x1a, 0xb1, 0xe0, 0x9, 0x0, 0xe3,
    0xff, 0xf8, 0xf8, 0xff, 0xc0, 0x25, 0x0, 0xb,
    0xfe, 0x64, 0x28, 0x27, 0x11, 0x0, 0x0, 0x0,
    0x33, 0xff, 0x17, 0x0, 0x0, 0x0, 0x0, 0x0,
    0x0, 0x5c, 0xef, 0x0, 0x0, 0x0, 0x0, 0x0,
    0x0, 0x0, 0x84, 0xc7, 0x0, 0x0, 0x0, 0x0,
    0x0, 0x0, 0x0,

    /* U+0051 "Q" */
    0x0, 0x0, 0x0, 0x66, 0xd5, 0xf8, 0xd4, 0x49,
    0x0, 0x0, 0x0, 0x86, 0xf2, 0x69, 0x3c, 0x8d,
    0xf7, 0x22, 0x0, 0x2b, 0xfa, 0x3c, 0x0, 0x0,
    0x1, 0xce, 0x84, 0x0, 0xa3, 0xac, 0x0, 0x0,
    0x0, 0x0, 0x96, 0xb1, 0x0, 0xe6, 0x5c, 0x0,
    0x0, 0x0, 0x0, 0x8e, 0xb4, 0x1e, 0xff, 0x29,
    0x0, 0x0, 0x0, 0x0, 0xa1, 0xa5, 0x2b, 0xff,
    0x15, 0x0, 0x0, 0x0, 0x0, 0xd4, 0x6e, 0x24,
    0xff, 0x1d, 0x0, 0x0, 0x0, 0x21, 0xfd, 0x2c,
    0x1, 0xea, 0x56, 0x0, 0x0, 0x1, 0xa7, 0xb1,
    0x0, 0x0, 0x8e, 0xe1, 0x48, 0x3b, 0xc5, 0xed,
    0x24, 0x0, 0x0, 0x7, 0x97, 0xef, 0xff, 0xff,
    0x80, 0x0, 0x0, 0x0, 0x0, 0x0, 0x0, 0x0,
    0x67, 0xfb, 0x52, 0x0, 0x0, 0x0, 0x0, 0x0,
    0x0, 0x0, 0x58, 0x19, 0x0,

    /* U+0052 "R" */
    0x0, 0x0, 0xf0, 0xff, 0xff, 0xf7, 0xba, 0x22,
    0x0, 0x0, 0x19, 0xff, 0x48, 0x24, 0x30, 0xc0,
    0xd2, 0x0, 0x0, 0x41, 0xfd, 0x8, 0x0, 0x0,
    0x29, 0xff, 0x24, 0x0, 0x6a, 0xde, 0x0, 0x0,
    0x0, 0x19, 0xff, 0x2d, 0x0, 0x92, 0xb6, 0x0,
    0x0, 0x0, 0x57, 0xf6, 0xb, 0x0, 0xba, 0x8e,
    0x0, 0x1, 0x42, 0xee, 0x78, 0x0, 0x0, 0xe3,
    0xff, 0xf8, 0xff, 0xff, 0x75, 0x0, 0x0, 0xb,
    0xfe, 0x63, 0x28, 0x57, 0xff, 0x1f, 0x0, 0x0,
    0x33, 0xff, 0x17, 0x0, 0x0, 0xd2, 0x7f, 0x0,
    0x0, 0x5c, 0xef, 0x0, 0x0, 0x0, 0x77, 0xdf,
    0x1, 0x0, 0x84, 0xc7, 0x0, 0x0, 0x0, 0x1c,
    0xfd, 0x43, 0x0,

    /* U+0053 "S" */
    0x0, 0x0, 0x26, 0xa9, 0xea, 0xf1, 0x9e, 0xe,
    0x0, 0x0, 0x1c, 0xe8, 0xa7, 0x3b, 0x44, 0xd5,
    0xa7, 0x0, 0x0, 0x7c, 0xd6, 0x1, 0x0, 0x0,
    0x53, 0xfb, 0x3, 0x0, 0x8a, 0xd0, 0x0, 0x0,
    0x0, 0xe, 0x3c, 0x3, 0x0, 0x2d, 0xf9, 0xab,
    0x30, 0x0, 0x0, 0x0, 0x0, 0x0, 0x0, 0x3a,
    0xcf, 0xff, 0xba, 0x1e, 0x0, 0x0, 0x0, 0x0,
    0x0, 0x0, 0x40, 0xcb, 0xd8, 0x7, 0x0, 0x2b,
    0x26, 0x0, 0x0, 0x0, 0x1c, 0xff, 0x34, 0x0,
    0x9f, 0xb2, 0x0, 0x0, 0x0, 0x24, 0xff, 0x31,
    0x0, 0x3b, 0xfb, 0x72, 0x2e, 0x4f, 0xd4, 0xba,
    0x0, 0x0, 0x0, 0x4d, 0xcd, 0xf6, 0xe1, 0x8b,
    0xb, 0x0, 0x0,

    /* U+0054 "T" */
    0xbe, 0xff, 0xff, 0xff, 0xff, 0xff, 0xff, 0xba,
    0x1e, 0x24, 0x24, 0xf1, 0x9b, 0x24, 0x24, 0x16,
    0x0, 0x0, 0x0, 0xf3, 0x4f, 0x0, 0x0, 0x0,
    0x0, 0x0, 0x1d, 0xff, 0x27, 0x0, 0x0, 0x0,
    0x0, 0x0, 0x45, 0xfa, 0x4, 0x0, 0x0, 0x0,
    0x0, 0x0, 0x6d, 0xd7, 0x0, 0x0, 0x0, 0x0,
    0x0, 0x0, 0x95, 0xaf, 0x0, 0x0, 0x0, 0x0,
    0x0, 0x0, 0xbd, 0x87, 0x0, 0x0, 0x0, 0x0,
    0x0, 0x0, 0xe5, 0x5f, 0x0, 0x0, 0x0, 0x0,
    0x0, 0xd, 0xff, 0x37, 0x0, 0x0, 0x0, 0x0,
    0x0, 0x34, 0xff, 0xf, 0x0, 0x0, 0x0, 0x0,

    /* U+0055 "U" */
    0x0, 0x24, 0xff, 0x23, 0x0, 0x0, 0x0, 0x6c,
    0xdb, 0x0, 0x4c, 0xf9, 0x3, 0x0, 0x0, 0x0,
    0x94, 0xb4, 0x0, 0x74, 0xd4, 0x0, 0x0, 0x0,
    0x0, 0xbc, 0x8c, 0x0, 0x9b, 0xad, 0x0, 0x0,
    0x0, 0x0, 0xe4, 0x64, 0x0, 0xc3, 0x85, 0x0,
    0x0, 0x0, 0xb, 0xff, 0x3c, 0x0, 0xeb, 0x5e,
    0x0, 0x0, 0x0, 0x33, 0xff, 0x14, 0x12, 0xff,
    0x36, 0x0, 0x0, 0x0, 0x5b, 0xec, 0x0, 0x32,
    0xff, 0x19, 0x0, 0x0, 0x0, 0x8d, 0xbe, 0x0,
    0x29, 0xff, 0x2f, 0x0, 0x0, 0xa, 0xe3, 0x74,
    0x0, 0x1, 0xd2, 0xc1, 0x36, 0x40, 0xc5, 0xd5,
    0xb, 0x0, 0x0, 0x20, 0xb9, 0xf5, 0xea, 0x9b,
    0x14, 0x0, 0x0,

    /* U+0056 "V" */
    0xc9, 0x8c, 0x0, 0x0, 0x0, 0x0, 0x42, 0xff,
    0x2d, 0x9a, 0xb5, 0x0, 0x0, 0x0, 0x0, 0xb4,
    0xb4, 0x0, 0x6b, 0xde, 0x0, 0x0, 0x0, 0x27,
    0xfe, 0x3d, 0x0, 0x3c, 0xfe, 0xa, 0x0, 0x0,
    0x99, 0xc6, 0x0, 0x0, 0xe, 0xfe, 0x31, 0x0,
    0x14, 0xf7, 0x4e, 0x0, 0x0, 0x0, 0xde, 0x5a,
    0x0, 0x7e, 0xd6, 0x1, 0x0, 0x0, 0x0, 0xaf,
    0x84, 0x7, 0xe9, 0x60, 0x0, 0x0, 0x0, 0x0,
    0x80, 0xad, 0x64, 0xe3, 0x5, 0x0, 0x0, 0x0,
    0x0, 0x51, 0xd7, 0xd5, 0x71, 0x0, 0x0, 0x0,
    0x0, 0x0, 0x22, 0xff, 0xef, 0xc, 0x0, 0x0,
    0x0, 0x0, 0x0, 0x1, 0xff, 0x92, 0x0, 0x0,
    0x0, 0x0, 0x0,

    /* U+0057 "W" */
    0xa3, 0x9b, 0x0, 0x0, 0x0, 0xff, 0xde, 0x0,
    0x0, 0x0, 0xcc, 0x82, 0x90, 0xab, 0x0, 0x0,
    0x1f, 0xff, 0xb7, 0x0, 0x0, 0x22, 0xff, 0x28,
    0x7e, 0xbb, 0x0, 0x0, 0x82, 0xdd, 0xcc, 0x0,
    0x0, 0x79, 0xce, 0x0, 0x6b, 0xcb, 0x0, 0x2,
    0xe2, 0x6d, 0xe6, 0x0, 0x0, 0xd0, 0x74, 0x0,
    0x59, 0xdb, 0x0, 0x4a, 0xdd, 0xe, 0xfc, 0x3,
    0x27, 0xfd, 0x1c, 0x0, 0x46, 0xea, 0x0, 0xae,
    0x79, 0x0, 0xf2, 0x19, 0x7e, 0xbf, 0x0, 0x0,
    0x34, 0xfa, 0x17, 0xf5, 0x18, 0x0, 0xd7, 0x33,
    0xd5, 0x65, 0x0, 0x0, 0x21, 0xff, 0x7d, 0xad,
    0x0, 0x0, 0xbb, 0x76, 0xf9, 0x11, 0x0, 0x0,
    0xf, 0xff, 0xd9, 0x47, 0x0, 0x0, 0xa0, 0xd3,
    0xb1, 0x0, 0x0, 0x0, 0x0, 0xff, 0xe6, 0x1,
    0x0, 0x0, 0x85, 0xff, 0x57, 0x0, 0x0, 0x0,
    0x0, 0xff, 0x80, 0x0, 0x0, 0x0, 0x75, 0xff,
    0x9, 0x0, 0x0, 0x0,

    /* U+0058 "X" */
    0x0, 0x0, 0x63, 0xf6, 0x11, 0x0, 0x0, 0x9,
    0xd7, 0xb1, 0x0, 0x0, 0x0, 0x9, 0xed, 0x70,
    0x0, 0x0, 0x93, 0xe8, 0x15, 0x0, 0x0, 0x0,
    0x0, 0x8b, 0xd8, 0x0, 0x46, 0xfe, 0x4a, 0x0,
    0x0, 0x0, 0x0, 0x0, 0x21, 0xfd, 0x53, 0xe4,
    0x96, 0x0, 0x0, 0x0, 0x0, 0x0, 0x0, 0x0,
    0xb3, 0xfa, 0xd8, 0xa, 0x0, 0x0, 0x0, 0x0,
    0x0, 0x0, 0x0, 0x7f, 0xff, 0x50, 0x0, 0x0,
    0x0, 0x0, 0x0, 0x0, 0x0, 0x28, 0xf6, 0xf3,
    0x96, 0x0, 0x0, 0x0, 0x0, 0x0, 0x0, 0x5,
    0xce, 0xb9, 0x65, 0xf3, 0xe, 0x0, 0x0, 0x0,
    0x0, 0x0, 0x89, 0xed, 0x1a, 0xa, 0xf0, 0x6e,
    0x0, 0x0, 0x0, 0x0, 0x3f, 0xfd, 0x56, 0x0,
    0x0, 0x92, 0xd8, 0x1, 0x0, 0x0, 0xf, 0xe1,
    0xa4, 0x0, 0x0, 0x0, 0x29, 0xff, 0x46, 0x0,
    0x0,

    /* U+0059 "Y" */
    0xaf, 0xb1, 0x0, 0x0, 0x0, 0x0, 0xbe, 0xc4,
    0x1, 0x5b, 0xf5, 0x8, 0x0, 0x0, 0x5b, 0xf9,
    0x29, 0x0, 0xe, 0xf9, 0x4a, 0x0, 0xf, 0xe8,
    0x7e, 0x0, 0x0, 0x0, 0xb4, 0x96, 0x0, 0x94,
    0xd4, 0x5, 0x0, 0x0, 0x0, 0x61, 0xe1, 0x34,
    0xfa, 0x38, 0x0, 0x0, 0x0, 0x0, 0x12, 0xfb,
    0xe1, 0x92, 0x0, 0x0, 0x0, 0x0, 0x0, 0x0,
    0xbc, 0xe1, 0xc, 0x0, 0x0, 0x0, 0x0, 0x0,
    0x0, 0xbc, 0x8d, 0x0, 0x0, 0x0, 0x0, 0x0,
    0x0, 0x0, 0xe4, 0x65, 0x0, 0x0, 0x0, 0x0,
    0x0, 0x0, 0xc, 0xff, 0x3c, 0x0, 0x0, 0x0,
    0x0, 0x0, 0x0, 0x34, 0xff, 0x14, 0x0, 0x0,
    0x0, 0x0, 0x0,

    /* U+005A "Z" */
    0x0, 0x0, 0x6a, 0xff, 0xff, 0xff, 0xff, 0xff,
    0xff, 0x53, 0x0, 0x0, 0x12, 0x24, 0x24, 0x24,
    0x24, 0xb9, 0xf9, 0x11, 0x0, 0x0, 0x0, 0x0,
    0x0, 0x0, 0x59, 0xf9, 0x36, 0x0, 0x0, 0x0,
    0x0, 0x0, 0x0, 0x28, 0xf3, 0x6b, 0x0, 0x0,
    0x0, 0x0, 0x0, 0x0, 0xa, 0xd4, 0xa8, 0x0,
    0x0, 0x0, 0x0, 0x0, 0x0, 0x0, 0xa3, 0xd8,
    0xd, 0x0, 0x0, 0x0, 0x0, 0x0, 0x0, 0x67,
    0xf5, 0x2c, 0x0, 0x0, 0x0, 0x0, 0x0, 0x0,
    0x31, 0xf8, 0x5f, 0x0, 0x0, 0x0, 0x0, 0x0,
    0x0, 0x10, 0xdd, 0x9b, 0x0, 0x0, 0x0, 0x0,
    0x0, 0x0, 0x0, 0xc0, 0xf4, 0x2c, 0x24, 0x24,
    0x24, 0x24, 0x2, 0x0, 0xf, 0xff, 0xff, 0xff,
    0xff, 0xff, 0xff, 0xf6, 0x2, 0x0,

    /* U+005B "[" */
    0x0, 0x0, 0xe9, 0xf4, 0x82, 0x0, 0x1c, 0xff,
    0x3b, 0x10, 0x0, 0x42, 0xf6, 0x1, 0x0, 0x0,
    0x69, 0xd1, 0x0, 0x0, 0x0, 0x8f, 0xaa, 0x0,
    0x0, 0x0, 0xb5, 0x84, 0x0, 0x0, 0x0, 0xdc,
    0x5e, 0x0, 0x0, 0x5, 0xfc, 0x37, 0x0, 0x0,
    0x28, 0xff, 0x11, 0x0, 0x0, 0x4f, 0xeb, 0x0,
    0x0, 0x0, 0x75, 0xc4, 0x0, 0x0, 0x0, 0x9b,
    0x9e, 0x0, 0x0, 0x0, 0xc1, 0x78, 0x0, 0x0,
    0x0, 0xe8, 0xfb, 0x93, 0x0, 0x0, 0x23, 0x24,
    0x12, 0x0, 0x0,

    /* U+005C "\\" */
    0x99, 0x87, 0x0, 0x0, 0x69, 0xb7, 0x0, 0x0,
    0x39, 0xe7, 0x0, 0x0, 0xb, 0xfd, 0x17, 0x0,
    0x0, 0xd9, 0x47, 0x0, 0x0, 0xa9, 0x77, 0x0,
    0x0, 0x79, 0xa7, 0x0, 0x0, 0x49, 0xd7, 0x0,
    0x0, 0x18, 0xfd, 0xa, 0x0, 0x0, 0xe8, 0x37,
    0x0, 0x0, 0xb9, 0x67, 0x0, 0x0, 0x4a, 0x45,

    /* U+005D "]" */
    0x0, 0x0, 0xd5, 0xf4, 0x9d, 0x0, 0x0, 0x22,
    0xc9, 0x80, 0x0, 0x0, 0x0, 0xe4, 0x59, 0x0,
    0x0, 0xb, 0xff, 0x33, 0x0, 0x0, 0x31, 0xff,
    0xd, 0x0, 0x0, 0x58, 0xe6, 0x0, 0x0, 0x0,
    0x7e, 0xc0, 0x0, 0x0, 0x0, 0xa4, 0x9a, 0x0,
    0x0, 0x0, 0xcb, 0x73, 0x0, 0x0, 0x0, 0xf0,
    0x4d, 0x0, 0x0, 0x17, 0xff, 0x27, 0x0, 0x0,
    0x3e, 0xfb, 0x5, 0x0, 0x0, 0x64, 0xda, 0x0,
    0x0, 0xca, 0xfb, 0xb4, 0x0, 0x0, 0x20, 0x24,
    0x16, 0x0, 0x0,

    /* U+005E "^" */
    0x0, 0x0, 0x0, 0x9b, 0x34, 0x0, 0x0, 0x0,
    0x24, 0xff, 0x73, 0x0, 0x0, 0x0, 0xa5, 0xea,
    0xa7, 0x0, 0x0, 0x2b, 0xef, 0x48, 0xda, 0x0,
    0x0, 0xae, 0x82, 0x9, 0xfa, 0xf, 0x32, 0xef,
    0x10, 0x0, 0xd4, 0x42,

    /* U+005F "_" */
    0xbb, 0xf4, 0xf4, 0xf4, 0xf4, 0xf4, 0x4f, 0x1f,
    0x24, 0x24, 0x24, 0x24, 0x24, 0x8,

    /* U+0060 "`" */
    0x3d, 0xf5, 0x19, 0x0, 0x86, 0x8d,

    /* U+0061 "a" */
    0x0, 0x8, 0x8e, 0xe5, 0xf5, 0x9f, 0x5, 0x0,
    0x99, 0xcc, 0x32, 0x35, 0xec, 0x66, 0x0, 0x2b,
    0x15, 0x0, 0x0, 0xb9, 0x83, 0x0, 0x44, 0xbb,
    0xea, 0xf0, 0xff, 0x63, 0x3e, 0xf3, 0x5a, 0x9,
    0x4, 0xf9, 0x3a, 0x94, 0xb5, 0x0, 0x0, 0x5c,
    0xff, 0x12, 0x82, 0xe6, 0x42, 0x5a, 0xff, 0xff,
    0x0, 0xb, 0xb2, 0xf7, 0xc8, 0x80, 0xcc, 0x0,

    /* U+0062 "b" */
    0x0, 0xe, 0xff, 0x32, 0x0, 0x0, 0x0, 0x0,
    0x0, 0x38, 0xfe, 0xa, 0x0, 0x0, 0x0, 0x0,
    0x0, 0x62, 0xde, 0x0, 0x0, 0x0, 0x0, 0x0,
    0x0, 0x8c, 0xca, 0xb7, 0xf7, 0xd0, 0x1b, 0x0,
    0x0, 0xb9, 0xff, 0x5e, 0x31, 0xcb, 0xaa, 0x0,
    0x0, 0xff, 0xac, 0x0, 0x0, 0x59, 0xea, 0x0,
    0xb, 0xff, 0x36, 0x0, 0x0, 0x48, 0xf3, 0x0,
    0x35, 0xff, 0xc, 0x0, 0x0, 0x66, 0xd2, 0x0,
    0x5f, 0xff, 0x0, 0x0, 0x0, 0xb4, 0x8d, 0x0,
    0x89, 0xff, 0x57, 0xb, 0x6e, 0xf2, 0x1c, 0x0,
    0xb3, 0x81, 0xac, 0xf8, 0xd4, 0x36, 0x0, 0x0,

    /* U+0063 "c" */
    0x0, 0x1, 0x77, 0xe6, 0xf5, 0xa1, 0x9, 0x0,
    0x84, 0xdc, 0x44, 0x34, 0xda, 0x81, 0x15, 0xf9,
    0x35, 0x0, 0x0, 0x5d, 0x9d, 0x54, 0xe0, 0x0,
    0x0, 0x0, 0x0, 0x0, 0x71, 0xc2, 0x0, 0x0,
    0x0, 0x0, 0x0, 0x62, 0xd5, 0x0, 0x0, 0x2,
    0x89, 0x2b, 0x17, 0xf8, 0x6a, 0x27, 0x93, 0xe4,
    0xe, 0x0, 0x4b, 0xe1, 0xf7, 0xb7, 0x1b, 0x0,

    /* U+0064 "d" */
    0x0, 0x0, 0x0, 0x0, 0x0, 0x0, 0x86, 0xba,
    0x0, 0x0, 0x0, 0x0, 0x0, 0x0, 0xb0, 0x8f,
    0x0, 0x0, 0x0, 0x0, 0x0, 0x0, 0xda, 0x65,
    0x0, 0x2, 0x88, 0xf0, 0xe6, 0x4e, 0xfc, 0x3a,
    0x0, 0x88, 0xea, 0x4c, 0x3a, 0xf1, 0xff, 0x10,
    0x13, 0xf6, 0x4e, 0x0, 0x0, 0xa6, 0xff, 0x0,
    0x52, 0xef, 0x1, 0x0, 0x0, 0xbd, 0xff, 0x0,
    0x72, 0xcb, 0x0, 0x0, 0x0, 0xff, 0xc5, 0x0,
    0x66, 0xd3, 0x0, 0x0, 0x0, 0xff, 0x68, 0x0,
    0x24, 0xfa, 0x43, 0xa, 0x88, 0xff, 0x3b, 0x0,
    0x0, 0x6c, 0xf1, 0xe7, 0x88, 0xff, 0x11, 0x0,

    /* U+0065 "e" */
    0x0, 0x0, 0x6c, 0xe4, 0xf5, 0x95, 0x2, 0x0,
    0x78, 0xe0, 0x3c, 0x2e, 0xdf, 0x60, 0x13, 0xf5,
    0x3c, 0x0, 0x0, 0x86, 0xa2, 0x52, 0xff, 0xf0,
    0xf0, 0xf0, 0xf8, 0xa7, 0x73, 0xdb, 0x20, 0x20,
    0x20, 0x20, 0x13, 0x63, 0xe0, 0x0, 0x0, 0x0,
    0xd, 0x0, 0x14, 0xf6, 0x80, 0x23, 0x6b, 0xe1,
    0x9, 0x0, 0x41, 0xdb, 0xf5, 0xc2, 0x37, 0x0,

    /* U+0066 "f" */
    0x0, 0x0, 0x0, 0x84, 0xea, 0xad, 0x0, 0x0,
    0x65, 0xea, 0x4d, 0x1e, 0x0, 0x0, 0xbc, 0x81,
    0x0, 0x0, 0x1c, 0xff, 0xff, 0xff, 0xca, 0x0,
    0x1, 0x21, 0xff, 0x2b, 0x5, 0x0, 0x0, 0x43,
    0xf6, 0x2, 0x0, 0x0, 0x0, 0x6d, 0xce, 0x0,
    0x0, 0x0, 0x0, 0x98, 0xa4, 0x0, 0x0, 0x0,
    0x0, 0xc2, 0x79, 0x0, 0x0, 0x0, 0x0, 0xec,
    0x4f, 0x0, 0x0, 0x0, 0x17, 0xff, 0x25, 0x0,
    0x0, 0x0,

    /* U+0067 "g" */
    0x0, 0x2, 0x8b, 0xf0, 0xe7, 0x50, 0xf5, 0x32,
    0x0, 0x87, 0xd8, 0x24, 0x12, 0xe3, 0xff, 0xb,
    0x11, 0xf6, 0x3b, 0x0, 0x0, 0x9f, 0xff, 0x0,
    0x4e, 0xea, 0x0, 0x0, 0x0, 0xc4, 0xff, 0x0,
    0x6e, 0xca, 0x0, 0x0, 0x0, 0xff, 0xbf, 0x0,
    0x62, 0xdc, 0x0, 0x0, 0x1, 0xff, 0x66, 0x0,
    0x23, 0xfc, 0x6c, 0x31, 0xb0, 0xff, 0x3c, 0x0,
    0x0, 0x6c, 0xf1, 0xe6, 0x92, 0xff, 0x13, 0x0,
    0xb, 0x0, 0x0, 0x0, 0x77, 0xd5, 0x0, 0x0,
    0xc0, 0x78, 0x27, 0x63, 0xf5, 0x59, 0x0, 0x0,
    0x2f, 0xc0, 0xf6, 0xda, 0x62, 0x0, 0x0, 0x0,

    /* U+0068 "h" */
    0x0, 0xb, 0xfe, 0x32, 0x0, 0x0, 0x0, 0x0,
    0x34, 0xfd, 0xa, 0x0, 0x0, 0x0, 0x0, 0x5f,
    0xdd, 0x0, 0x0, 0x0, 0x0, 0x0, 0x89, 0xc3,
    0xae, 0xf6, 0xcb, 0x1f, 0x0, 0xb4, 0xff, 0x5f,
    0x35, 0xd5, 0x8f, 0x0, 0xff, 0xb3, 0x0, 0x0,
    0x90, 0xa9, 0xa, 0xff, 0x36, 0x0, 0x0, 0xa8,
    0x91, 0x33, 0xfe, 0xa, 0x0, 0x0, 0xd1, 0x6a,
    0x5e, 0xde, 0x0, 0x0, 0x2, 0xf7, 0x42, 0x88,
    0xb3, 0x0, 0x0, 0x23, 0xff, 0x1b, 0xb3, 0x89,
    0x0, 0x0, 0x4c, 0xf3, 0x0,

    /* U+0069 "i" */
    0x0, 0xc, 0xe2, 0x2e, 0x0, 0x1, 0x70, 0xd,
    0x0, 0x0, 0x0, 0x0, 0x0, 0x79, 0xc2, 0x0,
    0x0, 0xa2, 0x99, 0x0, 0x0, 0xcb, 0x70, 0x0,
    0x0, 0xf3, 0x47, 0x0, 0x1d, 0xff, 0x1e, 0x0,
    0x46, 0xf4, 0x1, 0x0, 0x6f, 0xcc, 0x0, 0x0,
    0x98, 0xa4, 0x0, 0x0,

    /* U+006A "j" */
    0x0, 0x0, 0x0, 0x20, 0xe3, 0x19, 0x0, 0x0,
    0x0, 0x9, 0x72, 0x5, 0x0, 0x0, 0x0, 0x0,
    0x0, 0x0, 0x0, 0x0, 0x0, 0x8d, 0xb2, 0x0,
    0x0, 0x0, 0x0, 0xb6, 0x89, 0x0, 0x0, 0x0,
    0x0, 0xdf, 0x60, 0x0, 0x0, 0x0, 0xa, 0xfe,
    0x37, 0x0, 0x0, 0x0, 0x32, 0xff, 0xf, 0x0,
    0x0, 0x0, 0x5b, 0xe5, 0x0, 0x0, 0x0, 0x0,
    0x84, 0xbc, 0x0, 0x0, 0x0, 0x0, 0xad, 0x92,
    0x0, 0x0, 0x0, 0x0, 0xd7, 0x68, 0x0, 0x0,
    0x18, 0x53, 0xfe, 0x26, 0x0, 0x0, 0x8b, 0xf5,
    0x7b, 0x0, 0x0, 0x0,

    /* U+006B "k" */
    0x0, 0xb, 0xfe, 0x32, 0x0, 0x0, 0x0, 0x0,
    0x0, 0x34, 0xfe, 0xa, 0x0, 0x0, 0x0, 0x0,
    0x0, 0x5f, 0xde, 0x0, 0x0, 0x0, 0x0, 0x0,
    0x0, 0x89, 0xb4, 0x0, 0x17, 0xd5, 0xaa, 0x4,
    0x0, 0xb4, 0x8a, 0x19, 0xd7, 0xa9, 0x4, 0x0,
    0x0, 0xde, 0x77, 0xd9, 0xa9, 0x4, 0x0, 0x0,
    0xa, 0xff, 0xff, 0xff, 0x5, 0x0, 0x0, 0x0,
    0x33, 0xff, 0xc1, 0xf5, 0x57, 0x0, 0x0, 0x0,
    0x5e, 0xff, 0x2, 0x83, 0xd6, 0x2, 0x0, 0x0,
    0x88, 0xb7, 0x0, 0x10, 0xef, 0x5c, 0x0, 0x0,
    0xb3, 0x8d, 0x0, 0x0, 0x7d, 0xda, 0x3, 0x0,

    /* U+006C "l" */
    0x0, 0x0, 0xf1, 0x4e, 0x0, 0x1c, 0xff, 0x23,
    0x0, 0x46, 0xf6, 0x2, 0x0, 0x70, 0xce, 0x0,
    0x0, 0x9a, 0xa4, 0x0, 0x0, 0xc4, 0x79, 0x0,
    0x0, 0xee, 0x4f, 0x0, 0x19, 0xff, 0x24, 0x0,
    0x43, 0xf7, 0x2, 0x0, 0x6d, 0xcf, 0x0, 0x0,
    0x97, 0xa5, 0x0, 0x0,

    /* U+006D "m" */
    0x0, 0x99, 0xb8, 0xbb, 0xf5, 0xc7, 0x20, 0x85,
    0xe1, 0xe4, 0x5c, 0x0, 0x0, 0xc8, 0xff, 0x27,
    0x12, 0xd0, 0xff, 0x6d, 0x8, 0x71, 0xf0, 0x5,
    0x0, 0xff, 0x91, 0x0, 0x0, 0xa0, 0xff, 0x0,
    0x0, 0x29, 0xff, 0x14, 0x13, 0xff, 0x2e, 0x0,
    0x0, 0xb5, 0x97, 0x0, 0x0, 0x44, 0xf9, 0x3,
    0x3d, 0xfc, 0x7, 0x0, 0x0, 0xd7, 0x69, 0x0,
    0x0, 0x6c, 0xd4, 0x0, 0x66, 0xda, 0x0, 0x0,
    0x3, 0xfa, 0x41, 0x0, 0x0, 0x94, 0xac, 0x0,
    0x8f, 0xb1, 0x0, 0x0, 0x25, 0xff, 0x18, 0x0,
    0x0, 0xbc, 0x84, 0x0, 0xb8, 0x88, 0x0, 0x0,
    0x4c, 0xf0, 0x0, 0x0, 0x0, 0xe4, 0x5c, 0x0,

    /* U+006E "n" */
    0x0, 0x95, 0xaf, 0xaf, 0xf5, 0xcb, 0x1f, 0x0,
    0xc1, 0xff, 0x3b, 0x11, 0xc6, 0x8f, 0x0, 0xff,
    0x98, 0x0, 0x0, 0x90, 0xa9, 0x10, 0xff, 0x2d,
    0x0, 0x0, 0xac, 0x91, 0x39, 0xfc, 0x7, 0x0,
    0x0, 0xd4, 0x6a, 0x62, 0xda, 0x0, 0x0, 0x3,
    0xf8, 0x42, 0x8b, 0xb1, 0x0, 0x0, 0x24, 0xff,
    0x1b, 0xb4, 0x88, 0x0, 0x0, 0x4c, 0xf3, 0x0,

    /* U+006F "o" */
    0x0, 0x0, 0x76, 0xe2, 0xf7, 0xae, 0xb, 0x0,
    0x0, 0x78, 0xe7, 0x4d, 0x27, 0xc6, 0xa0, 0x0,
    0x13, 0xf6, 0x46, 0x0, 0x0, 0x44, 0xf7, 0x4,
    0x52, 0xe8, 0x0, 0x0, 0x0, 0x28, 0xff, 0x12,
    0x6f, 0xc6, 0x0, 0x0, 0x0, 0x49, 0xf1, 0x3,
    0x5c, 0xde, 0x0, 0x0, 0x0, 0xa7, 0xa9, 0x0,
    0xf, 0xf2, 0x7c, 0x2c, 0x84, 0xf4, 0x23, 0x0,
    0x0, 0x3d, 0xdb, 0xf8, 0xc5, 0x2d, 0x0, 0x0,

    /* U+0070 "p" */
    0x0, 0x0, 0x95, 0xb2, 0xbd, 0xf7, 0xce, 0x19,
    0x0, 0x0, 0xc9, 0xff, 0x2f, 0xc, 0xc0, 0xa6,
    0x0, 0x0, 0xff, 0x7f, 0x0, 0x0, 0x5a, 0xe6,
    0x0, 0x11, 0xff, 0x2d, 0x0, 0x0, 0x4e, 0xef,
    0x0, 0x3b, 0xff, 0x7, 0x0, 0x0, 0x74, 0xce,
    0x0, 0x64, 0xff, 0x0, 0x0, 0x0, 0xce, 0x89,
    0x0, 0x8e, 0xff, 0x66, 0x2d, 0x9a, 0xf2, 0x19,
    0x0, 0xb7, 0x91, 0xad, 0xf8, 0xd3, 0x34, 0x0,
    0x0, 0xe1, 0x5e, 0x0, 0x0, 0x0, 0x0, 0x0,
    0xb, 0xfe, 0x35, 0x0, 0x0, 0x0, 0x0, 0x0,
    0x33, 0xff, 0xd, 0x0, 0x0, 0x0, 0x0, 0x0,

    /* U+0071 "q" */
    0x0, 0x7, 0x94, 0xf0, 0xe6, 0x5a, 0xf7, 0x2e,
    0x0, 0x8f, 0xd6, 0x20, 0xd, 0xe3, 0xff, 0x8,
    0x14, 0xf8, 0x3a, 0x0, 0x0, 0x97, 0xff, 0x0,
    0x53, 0xe8, 0x0, 0x0, 0x0, 0xb9, 0xff, 0x0,
    0x72, 0xc8, 0x0, 0x0, 0x0, 0xff, 0xc6, 0x0,
    0x67, 0xdb, 0x0, 0x0, 0x0, 0xff, 0x64, 0x0,
    0x27, 0xfd, 0x61, 0x24, 0xa5, 0xff, 0x36, 0x0,
    0x0, 0x6e, 0xf1, 0xe9, 0xa3, 0xff, 0xd, 0x0,
    0x0, 0x0, 0x0, 0x0, 0x59, 0xe3, 0x0, 0x0,
    0x0, 0x0, 0x0, 0x0, 0x82, 0xb9, 0x0, 0x0,
    0x0, 0x0, 0x0, 0x0, 0xab, 0x90, 0x0, 0x0,

    /* U+0072 "r" */
    0x0, 0x0, 0x0, 0x0, 0x3, 0x0, 0x95, 0xc0,
    0xcd, 0xdd, 0x0, 0xbe, 0xff, 0x4f, 0x21, 0x0,
    0xff, 0xa8, 0x0, 0x0, 0x10, 0xff, 0x30, 0x0,
    0x0, 0x39, 0xfc, 0x7, 0x0, 0x0, 0x62, 0xdb,
    0x0, 0x0, 0x0, 0x8b, 0xb1, 0x0, 0x0, 0x0,
    0xb4, 0x88, 0x0, 0x0, 0x0,

    /* U+0073 "s" */
    0x0, 0xf, 0x9e, 0xed, 0xeb, 0x7c, 0x0, 0x0,
    0xa6, 0xc7, 0x34, 0x50, 0xf7, 0x45, 0x0, 0xdb,
    0x63, 0x0, 0x0, 0x57, 0x2e, 0x0, 0x71, 0xf2,
    0xa0, 0x43, 0x0, 0x0, 0x0, 0x0, 0x28, 0x81,
    0xe8, 0x93, 0x0, 0x57, 0x57, 0x0, 0x0, 0x45,
    0xf9, 0x0, 0x76, 0xe8, 0x3f, 0x2f, 0xb7, 0xbd,
    0x0, 0x5, 0x92, 0xee, 0xef, 0xa9, 0x17, 0x0,

    /* U+0074 "t" */
    0x0, 0x0, 0xd5, 0x67, 0x0, 0x0, 0x3, 0xf9,
    0x3f, 0x0, 0x76, 0xff, 0xff, 0xff, 0x6e, 0x4,
    0x55, 0xf7, 0x8, 0x2, 0x0, 0x75, 0xc6, 0x0,
    0x0, 0x0, 0x9d, 0x9e, 0x0, 0x0, 0x0, 0xc5,
    0x76, 0x0, 0x0, 0x0, 0xec, 0x4e, 0x0, 0x0,
    0x0, 0xf2, 0x6b, 0x13, 0x0, 0x0, 0x8c, 0xf9,
    0x50, 0x0,

    /* U+0075 "u" */
    0x0, 0x99, 0xa3, 0x0, 0x0, 0x31, 0xff, 0xf,
    0x0, 0xc1, 0x7c, 0x0, 0x0, 0x59, 0xe5, 0x0,
    0x0, 0xea, 0x55, 0x0, 0x0, 0x82, 0xbc, 0x0,
    0x13, 0xff, 0x2e, 0x0, 0x0, 0xab, 0x93, 0x0,
    0x3c, 0xfe, 0x9, 0x0, 0x0, 0xff, 0x6a, 0x0,
    0x52, 0xeb, 0x0, 0x0, 0x8, 0xff, 0x41, 0x0,
    0x34, 0xfd, 0x2a, 0x12, 0xc7, 0xff, 0x18, 0x0,
    0x0, 0x93, 0xf1, 0xe1, 0x9a, 0xf0, 0x0, 0x0,

    /* U+0076 "v" */
    0x29, 0xff, 0xc, 0x0, 0x0, 0xa4, 0xa3, 0x3,
    0xf7, 0x33, 0x0, 0x19, 0xf9, 0x2d, 0x0, 0xcc,
    0x5a, 0x0, 0x84, 0xb4, 0x0, 0x0, 0x9e, 0x82,
    0x8, 0xeb, 0x3d, 0x0, 0x0, 0x6f, 0xa9, 0x64,
    0xc6, 0x0, 0x0, 0x0, 0x41, 0xd1, 0xd2, 0x4e,
    0x0, 0x0, 0x0, 0x12, 0xff, 0xd7, 0x1, 0x0,
    0x0, 0x0, 0x0, 0xff, 0x63, 0x0, 0x0, 0x0,

    /* U+0077 "w" */
    0x14, 0xff, 0x1d, 0x0, 0x1a, 0xff, 0x32, 0x0,
    0x9, 0xf0, 0x45, 0x0, 0xf9, 0x30, 0x0, 0x85,
    0xff, 0x51, 0x0, 0x5d, 0xd9, 0x1, 0x0, 0xe1,
    0x43, 0x9, 0xe8, 0xb5, 0x70, 0x0, 0xc0, 0x6e,
    0x0, 0x0, 0xc7, 0x56, 0x67, 0xaa, 0x75, 0x8e,
    0x24, 0xf3, 0xf, 0x0, 0x0, 0xae, 0x6a, 0xd7,
    0x39, 0x54, 0xad, 0x87, 0x97, 0x0, 0x0, 0x0,
    0x94, 0xc6, 0xc9, 0x0, 0x33, 0xcf, 0xe5, 0x2c,
    0x0, 0x0, 0x0, 0x7b, 0xff, 0x58, 0x0, 0x12,
    0xff, 0xc0, 0x0, 0x0, 0x0, 0x0, 0x6a, 0xff,
    0x4, 0x0, 0x0, 0xff, 0x55, 0x0, 0x0, 0x0,

    /* U+0078 "x" */
    0x0, 0x2, 0xdc, 0x71, 0x0, 0xf, 0xe1, 0x8c,
    0x0, 0x0, 0x6c, 0xd5, 0x0, 0xa3, 0xca, 0x5,
    0x0, 0x0, 0xb, 0xee, 0x8d, 0xf0, 0x21, 0x0,
    0x0, 0x0, 0x0, 0x89, 0xff, 0x55, 0x0, 0x0,
    0x0, 0x0, 0x6, 0xcb, 0xff, 0x2c, 0x0, 0x0,
    0x0, 0x0, 0x8f, 0xd0, 0xa2, 0xa0, 0x0, 0x0,
    0x0, 0x4d, 0xf7, 0x2d, 0x32, 0xfa, 0x1a, 0x0,
    0x1c, 0xec, 0x74, 0x0, 0x0, 0xc9, 0x89, 0x0,

    /* U+0079 "y" */
    0x0, 0x2f, 0xff, 0x1a, 0x0, 0x0, 0xba, 0x9d,
    0x0, 0x7, 0xfc, 0x3f, 0x0, 0x2e, 0xfc, 0x25,
    0x0, 0x0, 0xd8, 0x64, 0x0, 0xa2, 0xa7, 0x0,
    0x0, 0x0, 0xad, 0x89, 0x1b, 0xf9, 0x2d, 0x0,
    0x0, 0x0, 0x82, 0xaf, 0x8a, 0xb1, 0x0, 0x0,
    0x0, 0x0, 0x57, 0xe1, 0xef, 0x36, 0x0, 0x0,
    0x0, 0x0, 0x2c, 0xff, 0xbb, 0x0, 0x0, 0x0,
    0x0, 0x0, 0xb, 0xff, 0x40, 0x0, 0x0, 0x0,
    0x0, 0x0, 0x67, 0xc5, 0x0, 0x0, 0x0, 0x0,
    0x1b, 0x5f, 0xef, 0x41, 0x0, 0x0, 0x0, 0x0,
    0x87, 0xed, 0x6b, 0x0, 0x0, 0x0, 0x0, 0x0,

    /* U+007A "z" */
    0x0, 0x0, 0xde, 0xff, 0xff, 0xff, 0xff, 0xa1,
    0x0, 0x0, 0x1a, 0x1c, 0x1c, 0x88, 0xff, 0x2a,
    0x0, 0x0, 0x0, 0x0, 0x45, 0xf8, 0x48, 0x0,
    0x0, 0x0, 0x0, 0x27, 0xef, 0x6f, 0x0, 0x0,
    0x0, 0x0, 0x11, 0xda, 0x99, 0x0, 0x0, 0x0,
    0x0, 0x4, 0xbc, 0xbe, 0x5, 0x0, 0x0, 0x0,
    0x0, 0xa2, 0xf3, 0x2a, 0x18, 0x18, 0x11, 0x0,
    0xc, 0xff, 0xff, 0xff, 0xff, 0xff, 0xa8, 0x0,

    /* U+007B "{" */
    0x0, 0x0, 0x0, 0x0, 0x32, 0x22, 0x0, 0x0,
    0x0, 0x7a, 0xd3, 0x27, 0x0, 0x0, 0x31, 0xf5,
    0x1a, 0x0, 0x0, 0x0, 0x84, 0xb4, 0x0, 0x0,
    0x0, 0x0, 0xb6, 0x8a, 0x0, 0x0, 0x0, 0x0,
    0xdd, 0x65, 0x0, 0x0, 0x1, 0x5b, 0xf6, 0x1c,
    0x0, 0x0, 0xff, 0xff, 0x54, 0x0, 0x0, 0x0,
    0x7, 0xba, 0x96, 0x0, 0x0, 0x0, 0x0, 0x85,
    0xb9, 0x0, 0x0, 0x0, 0x0, 0x9a, 0xa2, 0x0,
    0x0, 0x0, 0x0, 0xb1, 0x8b, 0x0, 0x0, 0x0,
    0x0, 0x9f, 0x9c, 0x0, 0x0, 0x0, 0x0, 0x3b,
    0xec, 0x2f, 0x0, 0x0, 0x0, 0x0, 0x43, 0x3e,
    0x0, 0x0,

    /* U+007C "|" */
    0x0, 0x4, 0xf6, 0x5, 0x0, 0x25, 0xdb, 0x0,
    0x0, 0x4b, 0xb5, 0x0, 0x0, 0x71, 0x8f, 0x0,
    0x0, 0x96, 0x69, 0x0, 0x0, 0xbc, 0x44, 0x0,
    0x0, 0xe2, 0x1e, 0x0, 0x9, 0xf5, 0x1, 0x0,
    0x2d, 0xd2, 0x0, 0x0, 0x53, 0xad, 0x0, 0x0,
    0x79, 0x87, 0x0, 0x0, 0x9f, 0x61, 0x0, 0x0,
    0x5d, 0x22, 0x0, 0x0,

    /* U+007D "}" */
    0x0, 0x0, 0x59, 0xe, 0x0, 0x0, 0x0, 0x0,
    0x88, 0xc9, 0x1, 0x0, 0x0, 0x0, 0x7, 0xf6,
    0x39, 0x0, 0x0, 0x0, 0x0, 0xec, 0x50, 0x0,
    0x0, 0x0, 0x6, 0xfd, 0x38, 0x0, 0x0, 0x0,
    0x1a, 0xff, 0x22, 0x0, 0x0, 0x0, 0x5, 0xea,
    0x6f, 0x4, 0x0, 0x0, 0x0, 0x8d, 0xff, 0x46,
    0x0, 0x0, 0x63, 0xe4, 0x30, 0x1, 0x0, 0x0,
    0xc5, 0x7d, 0x0, 0x0, 0x0, 0x0, 0xed, 0x53,
    0x0, 0x0, 0x0, 0x16, 0xff, 0x26, 0x0, 0x0,
    0x0, 0x6e, 0xd9, 0x0, 0x0, 0x0, 0x5d, 0xea,
    0x36, 0x0, 0x0, 0x0, 0x53, 0x1b, 0x0, 0x0,
    0x0, 0x0,

    /* U+007E "~" */
    0x0, 0x34, 0xd3, 0xe6, 0x51, 0x0, 0x0, 0x90,
    0x68, 0x4, 0xdd, 0x4d, 0x2f, 0xec, 0x5c, 0x1f,
    0xea, 0x24, 0x2b, 0xcc, 0x0, 0x0, 0x3e, 0xf2,
    0xfe, 0x80, 0x0, 0x0, 0x0, 0x0, 0x0, 0x0,
    0xe, 0x13, 0x0, 0x0,

    /* U+00C0 "À" */
    0x0, 0x0, 0x0, 0x0, 0x2, 0x76, 0x33, 0x0,
    0x0, 0x0, 0x0, 0x0, 0x0, 0x0, 0x6d, 0xc3,
    0x0, 0x0, 0x0, 0x0, 0x0, 0x0, 0x0, 0x0,
    0x71, 0x10, 0x0, 0x0, 0x0, 0x0, 0x0, 0x0,
    0x63, 0xff, 0x12, 0x0, 0x0, 0x0, 0x0, 0x0,
    0x4, 0xdc, 0xff, 0x40, 0x0, 0x0, 0x0, 0x0,
    0x0, 0x5f, 0xda, 0xb7, 0x6e, 0x0, 0x0, 0x0,
    0x0, 0x3, 0xd9, 0x63, 0x8b, 0x9c, 0x0, 0x0,
    0x0, 0x0, 0x5b, 0xe3, 0x6, 0x61, 0xca, 0x0,
    0x0, 0x0, 0x2, 0xd6, 0x70, 0x0, 0x37, 0xf5,
    0x2, 0x0, 0x0, 0x56, 0xec, 0xa, 0x0, 0xd,
    0xff, 0x25, 0x0, 0x1, 0xff, 0xff, 0xf8, 0xf8,
    0xf8, 0xff, 0x62, 0x0, 0x52, 0xff, 0x39, 0x28,
    0x28, 0x28, 0xdf, 0x81, 0x0, 0xce, 0x8a, 0x0,
    0x0, 0x0, 0x0, 0x8f, 0xaf, 0x4d, 0xf8, 0x18,
    0x0, 0x0, 0x0, 0x0, 0x65, 0xdd,

    /* U+00C1 "Á" */
    0x0, 0x0, 0x0, 0x0, 0x0, 0x0, 0x0, 0x5d,
    0x64, 0x0, 0x0, 0x0, 0x0, 0x0, 0x0, 0x0,
    0x55, 0xdd, 0x21, 0x0, 0x0, 0x0, 0x0, 0x0,
    0x0, 0x2, 0x73, 0x1b, 0x0, 0x0, 0x0, 0x0,
    0x0, 0x0, 0x0, 0x63, 0xff, 0x12, 0x0, 0x0,
    0x0, 0x0, 0x0, 0x0, 0x4, 0xdc, 0xff, 0x40,
    0x0, 0x0, 0x0, 0x0, 0x0, 0x0, 0x5f, 0xda,
    0xb7, 0x6e, 0x0, 0x0, 0x0, 0x0, 0x0, 0x3,
    0xd9, 0x63, 0x8b, 0x9c, 0x0, 0x0, 0x0, 0x0,
    0x0, 0x5b, 0xe3, 0x6, 0x61, 0xca, 0x0, 0x0,
    0x0, 0x0, 0x2, 0xd6, 0x70, 0x0, 0x37, 0xf5,
    0x2, 0x0, 0x0, 0x0, 0x56, 0xec, 0xa, 0x0,
    0xd, 0xff, 0x25, 0x0, 0x0, 0x1, 0xff, 0xff,
    0xf8, 0xf8, 0xf8, 0xff, 0x62, 0x0, 0x0, 0x52,
    0xff, 0x39, 0x28, 0x28, 0x28, 0xdf, 0x81, 0x0,
    0x0, 0xce, 0x8a, 0x0, 0x0, 0x0, 0x0, 0x8f,
    0xaf, 0x0, 0x4d, 0xf8, 0x18, 0x0, 0x0, 0x0,
    0x0, 0x65, 0xdd, 0x0,

    /* U+00C2 "Â" */
    0x0, 0x0, 0x0, 0x0, 0x0, 0x0, 0x5e, 0x35,
    0x0, 0x0, 0x0, 0x0, 0x0, 0x0, 0x7e, 0xad,
    0xd1, 0x14, 0x0, 0x0, 0x0, 0x0, 0x1e, 0x71,
    0x3, 0x43, 0x44, 0x0, 0x0, 0x0, 0x0, 0x0,
    0x63, 0xff, 0x12, 0x0, 0x0, 0x0, 0x0, 0x0,
    0x4, 0xdc, 0xff, 0x40, 0x0, 0x0, 0x0, 0x0,
    0x0, 0x5f, 0xda, 0xb7, 0x6e, 0x0, 0x0, 0x0,
    0x0, 0x3, 0xd9, 0x63, 0x8b, 0x9c, 0x0, 0x0,
    0x0, 0x0, 0x5b, 0xe3, 0x6, 0x61, 0xca, 0x0,
    0x0, 0x0, 0x2, 0xd6, 0x70, 0x0, 0x37, 0xf5,
    0x2, 0x0, 0x0, 0x56, 0xec, 0xa, 0x0, 0xd,
    0xff, 0x25, 0x0, 0x1, 0xff, 0xff, 0xf8, 0xf8,
    0xf8, 0xff, 0x62, 0x0, 0x52, 0xff, 0x39, 0x28,
    0x28, 0x28, 0xdf, 0x81, 0x0, 0xce, 0x8a, 0x0,
    0x0, 0x0, 0x0, 0x8f, 0xaf, 0x4d, 0xf8, 0x18,
    0x0, 0x0, 0x0, 0x0, 0x65, 0xdd,

    /* U+00C3 "Ã" */
    0x0, 0x0, 0x0, 0x0, 0x0, 0x0, 0x0, 0x0,
    0x0, 0x0, 0x0, 0x0, 0x0, 0x0, 0x23, 0xd4,
    0x93, 0x7, 0xcc, 0x15, 0x0, 0x0, 0x0, 0x0,
    0x9b, 0x69, 0x62, 0xe8, 0x92, 0x0, 0x0, 0x0,
    0x0, 0x0, 0x0, 0x63, 0xff, 0x12, 0x0, 0x0,
    0x0, 0x0, 0x0, 0x0, 0x4, 0xdc, 0xff, 0x40,
    0x0, 0x0, 0x0, 0x0, 0x0, 0x0, 0x5f, 0xda,
    0xb7, 0x6e, 0x0, 0x0, 0x0, 0x0, 0x0, 0x3,
    0xd9, 0x63, 0x8b, 0x9c, 0x0, 0x0, 0x0, 0x0,
    0x0, 0x5b, 0xe3, 0x6, 0x61, 0xca, 0x0, 0x0,
    0x0, 0x0, 0x2, 0xd6, 0x70, 0x0, 0x37, 0xf5,
    0x2, 0x0, 0x0, 0x0, 0x56, 0xec, 0xa, 0x0,
    0xd, 0xff, 0x25, 0x0, 0x0, 0x1, 0xff, 0xff,
    0xf8, 0xf8, 0xf8, 0xff, 0x62, 0x0, 0x0, 0x52,
    0xff, 0x39, 0x28, 0x28, 0x28, 0xdf, 0x81, 0x0,
    0x0, 0xce, 0x8a, 0x0, 0x0, 0x0, 0x0, 0x8f,
    0xaf, 0x0, 0x4d, 0xf8, 0x18, 0x0, 0x0, 0x0,
    0x0, 0x65, 0xdd, 0x0,

    /* U+00C8 "È" */
    0x0, 0x0, 0x0, 0x24, 0x7f, 0x9, 0x0, 0x0,
    0x0, 0x0, 0x0, 0x0, 0x2, 0xc0, 0x6d, 0x0,
    0x0, 0x0, 0x0, 0x0, 0x0, 0x0, 0x1e, 0x64,
    0x0, 0x0, 0x0, 0x0, 0x0, 0xf0, 0xff, 0xff,
    0xff, 0xff, 0xff, 0x1e, 0x0, 0x19, 0xff, 0x53,
    0x24, 0x24, 0x24, 0x24, 0x0, 0x0, 0x41, 0xfe,
    0x9, 0x0, 0x0, 0x0, 0x0, 0x0, 0x0, 0x6a,
    0xdf, 0x0, 0x0, 0x0, 0x0, 0x0, 0x0, 0x0,
    0x92, 0xb7, 0x0, 0x0, 0x0, 0x0, 0x0, 0x0,
    0x0, 0xba, 0xff, 0xf8, 0xf8, 0xf8, 0xc0, 0x0,
    0x0, 0x0, 0xe3, 0x85, 0x28, 0x28, 0x28, 0x1b,
    0x0, 0x0, 0xb, 0xfe, 0x3f, 0x0, 0x0, 0x0,
    0x0, 0x0, 0x0, 0x33, 0xff, 0x17, 0x0, 0x0,
    0x0, 0x0, 0x0, 0x0, 0x5c, 0xfd, 0x24, 0x24,
    0x24, 0x24, 0x1a, 0x0, 0x0, 0x84, 0xff, 0xff,
    0xff, 0xff, 0xff, 0xa1, 0x0, 0x0,

    /* U+00C9 "É" */
    0x0, 0x0, 0x0, 0x0, 0x0, 0xb, 0x7c, 0x3a,
    0x0, 0x0, 0x0, 0x0, 0x0, 0x0, 0xa9, 0xa7,
    0x4, 0x0, 0x0, 0x0, 0x0, 0x0, 0x22, 0x6e,
    0x2, 0x0, 0x0, 0x0, 0x0, 0xf0, 0xff, 0xff,
    0xff, 0xff, 0xff, 0x1e, 0x0, 0x19, 0xff, 0x53,
    0x24, 0x24, 0x24, 0x24, 0x0, 0x0, 0x41, 0xfe,
    0x9, 0x0, 0x0, 0x0, 0x0, 0x0, 0x0, 0x6a,
    0xdf, 0x0, 0x0, 0x0, 0x0, 0x0, 0x0, 0x0,
    0x92, 0xb7, 0x0, 0x0, 0x0, 0x0, 0x0, 0x0,
    0x0, 0xba, 0xff, 0xf8, 0xf8, 0xf8, 0xc0, 0x0,
    0x0, 0x0, 0xe3, 0x85, 0x28, 0x28, 0x28, 0x1b,
    0x0, 0x0, 0xb, 0xfe, 0x3f, 0x0, 0x0, 0x0,
    0x0, 0x0, 0x0, 0x33, 0xff, 0x17, 0x0, 0x0,
    0x0, 0x0, 0x0, 0x0, 0x5c, 0xfd, 0x24, 0x24,
    0x24, 0x24, 0x1a, 0x0, 0x0, 0x84, 0xff, 0xff,
    0xff, 0xff, 0xff, 0xa1, 0x0, 0x0,

    /* U+00CA "Ê" */
    0x0, 0x0, 0x0, 0x0, 0xd, 0x7a, 0xb, 0x0,
    0x0, 0x0, 0x0, 0x0, 0xc, 0xc0, 0x9f, 0xa0,
    0x0, 0x0, 0x0, 0x0, 0x0, 0x47, 0x48, 0x0,
    0x6e, 0x16, 0x0, 0x0, 0x0, 0xf0, 0xff, 0xff,
    0xff, 0xff, 0xff, 0x1e, 0x0, 0x19, 0xff, 0x53,
    0x24, 0x24, 0x24, 0x24, 0x0, 0x0, 0x41, 0xfe,
    0x9, 0x0, 0x0, 0x0, 0x0, 0x0, 0x0, 0x6a,
    0xdf, 0x0, 0x0, 0x0, 0x0, 0x0, 0x0, 0x0,
    0x92, 0xb7, 0x0, 0x0, 0x0, 0x0, 0x0, 0x0,
    0x0, 0xba, 0xff, 0xf8, 0xf8, 0xf8, 0xc0, 0x0,
    0x0, 0x0, 0xe3, 0x85, 0x28, 0x28, 0x28, 0x1b,
    0x0, 0x0, 0xb, 0xfe, 0x3f, 0x0, 0x0, 0x0,
    0x0, 0x0, 0x0, 0x33, 0xff, 0x17, 0x0, 0x0,
    0x0, 0x0, 0x0, 0x0, 0x5c, 0xfd, 0x24, 0x24,
    0x24, 0x24, 0x1a, 0x0, 0x0, 0x84, 0xff, 0xff,
    0xff, 0xff, 0xff, 0xa1, 0x0, 0x0,

    /* U+00CC "Ì" */
    0x0, 0x45, 0x67, 0x0, 0x0, 0x18, 0xea, 0x2c,
    0x0, 0x0, 0x3e, 0x44, 0x0, 0x0, 0xd9, 0x6f,
    0x0, 0x5, 0xfb, 0x47, 0x0, 0x29, 0xff, 0x1e,
    0x0, 0x52, 0xf5, 0x1, 0x0, 0x7a, 0xce, 0x0,
    0x0, 0xa2, 0xa5, 0x0, 0x0, 0xcb, 0x7d, 0x0,
    0x0, 0xf2, 0x55, 0x0, 0x1b, 0xff, 0x2c, 0x0,
    0x44, 0xfc, 0x7, 0x0, 0x6c, 0xdc, 0x0, 0x0,

    /* U+00CD "Í" */
    0x0, 0x0, 0x0, 0x28, 0x7f, 0x19, 0x0, 0x0,
    0x10, 0xd8, 0x69, 0x0, 0x0, 0x0, 0x42, 0x4f,
    0x0, 0x0, 0x0, 0x0, 0xd9, 0x6f, 0x0, 0x0,
    0x0, 0x5, 0xfb, 0x47, 0x0, 0x0, 0x0, 0x29,
    0xff, 0x1e, 0x0, 0x0, 0x0, 0x52, 0xf5, 0x1,
    0x0, 0x0, 0x0, 0x7a, 0xce, 0x0, 0x0, 0x0,
    0x0, 0xa2, 0xa5, 0x0, 0x0, 0x0, 0x0, 0xcb,
    0x7d, 0x0, 0x0, 0x0, 0x0, 0xf2, 0x55, 0x0,
    0x0, 0x0, 0x1b, 0xff, 0x2c, 0x0, 0x0, 0x0,
    0x44, 0xfc, 0x7, 0x0, 0x0, 0x0, 0x6c, 0xdc,
    0x0, 0x0, 0x0, 0x0,

    /* U+00D2 "Ò" */
    0x0, 0x0, 0x0, 0x0, 0x5b, 0x53, 0x0, 0x0,
    0x0, 0x0, 0x0, 0x0, 0x0, 0x35, 0xec, 0xf,
    0x0, 0x0, 0x0, 0x0, 0x0, 0x0, 0x0, 0x54,
    0x2e, 0x0, 0x0, 0x0, 0x0, 0x0, 0x5d, 0xd1,
    0xf7, 0xd9, 0x53, 0x0, 0x0, 0x0, 0x76, 0xf7,
    0x70, 0x3c, 0x81, 0xfc, 0x2c, 0x0, 0x1f, 0xf7,
    0x4a, 0x0, 0x0, 0x0, 0xc0, 0x84, 0x0, 0x93,
    0xbc, 0x0, 0x0, 0x0, 0x0, 0x86, 0xbc, 0x0,
    0xd7, 0x6c, 0x0, 0x0, 0x0, 0x0, 0x7e, 0xc0,
    0xe, 0xff, 0x39, 0x0, 0x0, 0x0, 0x0, 0x91,
    0xb3, 0x1c, 0xff, 0x24, 0x0, 0x0, 0x0, 0x0,
    0xc4, 0x7c, 0x18, 0xff, 0x2a, 0x0, 0x0, 0x0,
    0x17, 0xf8, 0x37, 0x0, 0xde, 0x65, 0x0, 0x0,
    0x0, 0x9b, 0xbe, 0x0, 0x0, 0x7e, 0xe9, 0x4c,
    0x39, 0x9d, 0xf2, 0x2d, 0x0, 0x0, 0x4, 0x8d,
    0xed, 0xf3, 0xb6, 0x2c, 0x0, 0x0,

    /* U+00D3 "Ó" */
    0x0, 0x0, 0x0, 0x0, 0x0, 0x0, 0x40, 0x78,
    0x9, 0x0, 0x0, 0x0, 0x0, 0x0, 0x28, 0xe7,
    0x46, 0x0, 0x0, 0x0, 0x0, 0x0, 0x0, 0x5a,
    0x39, 0x0, 0x0, 0x0, 0x0, 0x0, 0x5d, 0xd1,
    0xf7, 0xd9, 0x53, 0x0, 0x0, 0x0, 0x76, 0xf7,
    0x70, 0x3c, 0x81, 0xfc, 0x2c, 0x0, 0x1f, 0xf7,
    0x4a, 0x0, 0x0, 0x0, 0xc0, 0x84, 0x0, 0x93,
    0xbc, 0x0, 0x0, 0x0, 0x0, 0x86, 0xbc, 0x0,
    0xd7, 0x6c, 0x0, 0x0, 0x0, 0x0, 0x7e, 0xc0,
    0xe, 0xff, 0x39, 0x0, 0x0, 0x0, 0x0, 0x91,
    0xb3, 0x1c, 0xff, 0x24, 0x0, 0x0, 0x0, 0x0,
    0xc4, 0x7c, 0x18, 0xff, 0x2a, 0x0, 0x0, 0x0,
    0x17, 0xf8, 0x37, 0x0, 0xde, 0x65, 0x0, 0x0,
    0x0, 0x9b, 0xbe, 0x0, 0x0, 0x7e, 0xe9, 0x4c,
    0x39, 0x9d, 0xf2, 0x2d, 0x0, 0x0, 0x4, 0x8d,
    0xed, 0xf3, 0xb6, 0x2c, 0x0, 0x0,

    /* U+00D4 "Ô" */
    0x0, 0x0, 0x0, 0x0, 0x0, 0x40, 0x53, 0x0,
    0x0, 0x0, 0x0, 0x0, 0x0, 0x49, 0xca, 0xc4,
    0x39, 0x0, 0x0, 0x0, 0x0, 0x7, 0x77, 0x13,
    0x25, 0x62, 0x0, 0x0, 0x0, 0x0, 0x5d, 0xd1,
    0xf7, 0xd9, 0x53, 0x0, 0x0, 0x0, 0x76, 0xf7,
    0x70, 0x3c, 0x81, 0xfc, 0x2c, 0x0, 0x1f, 0xf7,
    0x4a, 0x0, 0x0, 0x0, 0xc0, 0x84, 0x0, 0x93,
    0xbc, 0x0, 0x0, 0x0, 0x0, 0x86, 0xbc, 0x0,
    0xd7, 0x6c, 0x0, 0x0, 0x0, 0x0, 0x7e, 0xc0,
    0xe, 0xff, 0x39, 0x0, 0x0, 0x0, 0x0, 0x91,
    0xb3, 0x1c, 0xff, 0x24, 0x0, 0x0, 0x0, 0x0,
    0xc4, 0x7c, 0x18, 0xff, 0x2a, 0x0, 0x0, 0x0,
    0x17, 0xf8, 0x37, 0x0, 0xde, 0x65, 0x0, 0x0,
    0x0, 0x9b, 0xbe, 0x0, 0x0, 0x7e, 0xe9, 0x4c,
    0x39, 0x9d, 0xf2, 0x2d, 0x0, 0x0, 0x4, 0x8d,
    0xed, 0xf3, 0xb6, 0x2c, 0x0, 0x0,

    /* U+00D5 "Õ" */
    0x0, 0x0, 0x0, 0x0, 0x0, 0x0, 0x0, 0x0,
    0x0, 0x0, 0x0, 0x0, 0x2a, 0xcb, 0xeb, 0xec,
    0xe8, 0x30, 0x0, 0x0, 0x0, 0xd, 0x1c, 0x1c,
    0x1b, 0x5, 0x0, 0x0, 0x0, 0x0, 0x5d, 0xd1,
    0xf7, 0xd9, 0x53, 0x0, 0x0, 0x0, 0x76, 0xf7,
    0x70, 0x3c, 0x81, 0xfc, 0x2c, 0x0, 0x1f, 0xf7,
    0x4a, 0x0, 0x0, 0x0, 0xc0, 0x84, 0x0, 0x93,
    0xbc, 0x0, 0x0, 0x0, 0x0, 0x86, 0xbc, 0x0,
    0xd7, 0x6c, 0x0, 0x0, 0x0, 0x0, 0x7e, 0xc0,
    0xe, 0xff, 0x39, 0x0, 0x0, 0x0, 0x0, 0x91,
    0xb3, 0x1c, 0xff, 0x24, 0x0, 0x0, 0x0, 0x0,
    0xc4, 0x7c, 0x18, 0xff, 0x2a, 0x0, 0x0, 0x0,
    0x17, 0xf8, 0x37, 0x0, 0xde, 0x65, 0x0, 0x0,
    0x0, 0x9b, 0xbe, 0x0, 0x0, 0x7e, 0xe9, 0x4c,
    0x39, 0x9d, 0xf2, 0x2d, 0x0, 0x0, 0x4, 0x8d,
    0xed, 0xf3, 0xb6, 0x2c, 0x0, 0x0,

    /* U+00D9 "Ù" */
    0x0, 0x0, 0x0, 0x4, 0x79, 0x2f, 0x0, 0x0,
    0x0, 0x0, 0x0, 0x0, 0x0, 0x75, 0xbb, 0x0,
    0x0, 0x0, 0x0, 0x0, 0x0, 0x0, 0x1, 0x74,
    0xc, 0x0, 0x0, 0x0, 0x24, 0xff, 0x23, 0x0,
    0x0, 0x0, 0x6c, 0xdb, 0x0, 0x4c, 0xf9, 0x3,
    0x0, 0x0, 0x0, 0x94, 0xb4, 0x0, 0x74, 0xd4,
    0x0, 0x0, 0x0, 0x0, 0xbc, 0x8c, 0x0, 0x9b,
    0xad, 0x0, 0x0, 0x0, 0x0, 0xe4, 0x64, 0x0,
    0xc3, 0x85, 0x0, 0x0, 0x0, 0xb, 0xff, 0x3c,
    0x0, 0xeb, 0x5e, 0x0, 0x0, 0x0, 0x33, 0xff,
    0x14, 0x12, 0xff, 0x36, 0x0, 0x0, 0x0, 0x5b,
    0xec, 0x0, 0x32, 0xff, 0x19, 0x0, 0x0, 0x0,
    0x8d, 0xbe, 0x0, 0x29, 0xff, 0x2f, 0x0, 0x0,
    0xa, 0xe3, 0x74, 0x0, 0x1, 0xd2, 0xc1, 0x36,
    0x40, 0xc5, 0xd5, 0xb, 0x0, 0x0, 0x20, 0xb9,
    0xf5, 0xea, 0x9b, 0x14, 0x0, 0x0,

    /* U+00DA "Ú" */
    0x0, 0x0, 0x0, 0x0, 0x0, 0x0, 0x62, 0x60,
    0x0, 0x0, 0x0, 0x0, 0x0, 0x0, 0x5e, 0xda,
    0x1d, 0x0, 0x0, 0x0, 0x0, 0x0, 0x4, 0x76,
    0x18, 0x0, 0x0, 0x0, 0x24, 0xff, 0x23, 0x0,
    0x0, 0x0, 0x6c, 0xdb, 0x0, 0x4c, 0xf9, 0x3,
    0x0, 0x0, 0x0, 0x94, 0xb4, 0x0, 0x74, 0xd4,
    0x0, 0x0, 0x0, 0x0, 0xbc, 0x8c, 0x0, 0x9b,
    0xad, 0x0, 0x0, 0x0, 0x0, 0xe4, 0x64, 0x0,
    0xc3, 0x85, 0x0, 0x0, 0x0, 0xb, 0xff, 0x3c,
    0x0, 0xeb, 0x5e, 0x0, 0x0, 0x0, 0x33, 0xff,
    0x14, 0x12, 0xff, 0x36, 0x0, 0x0, 0x0, 0x5b,
    0xec, 0x0, 0x32, 0xff, 0x19, 0x0, 0x0, 0x0,
    0x8d, 0xbe, 0x0, 0x29, 0xff, 0x2f, 0x0, 0x0,
    0xa, 0xe3, 0x74, 0x0, 0x1, 0xd2, 0xc1, 0x36,
    0x40, 0xc5, 0xd5, 0xb, 0x0, 0x0, 0x20, 0xb9,
    0xf5, 0xea, 0x9b, 0x14, 0x0, 0x0,

    /* U+00DD "Ý" */
    0x0, 0x0, 0x0, 0x0, 0xd, 0x7e, 0x36, 0x0,
    0x0, 0x0, 0x0, 0x0, 0x1, 0xb0, 0xa0, 0x3,
    0x0, 0x0, 0x0, 0x0, 0x0, 0x26, 0x6b, 0x1,
    0x0, 0x0, 0x0, 0xaf, 0xb1, 0x0, 0x0, 0x0,
    0x0, 0xbe, 0xc4, 0x1, 0x5b, 0xf5, 0x8, 0x0,
    0x0, 0x5b, 0xf9, 0x29, 0x0, 0xe, 0xf9, 0x4a,
    0x0, 0xf, 0xe8, 0x7e, 0x0, 0x0, 0x0, 0xb4,
    0x96, 0x0, 0x94, 0xd4, 0x5, 0x0, 0x0, 0x0,
    0x61, 0xe1, 0x34, 0xfa, 0x38, 0x0, 0x0, 0x0,
    0x0, 0x12, 0xfb, 0xe1, 0x92, 0x0, 0x0, 0x0,
    0x0, 0x0, 0x0, 0xbc, 0xe1, 0xc, 0x0, 0x0,
    0x0, 0x0, 0x0, 0x0, 0xbc, 0x8d, 0x0, 0x0,
    0x0, 0x0, 0x0, 0x0, 0x0, 0xe4, 0x65, 0x0,
    0x0, 0x0, 0x0, 0x0, 0x0, 0xc, 0xff, 0x3c,
    0x0, 0x0, 0x0, 0x0, 0x0, 0x0, 0x34, 0xff,
    0x14, 0x0, 0x0, 0x0, 0x0, 0x0,

    /* U+00E0 "à" */
    0x0, 0x0, 0x1, 0xbd, 0x8f, 0x0, 0x0, 0x0,
    0x0, 0x0, 0x1d, 0xe5, 0x13, 0x0, 0x0, 0x0,
    0x0, 0x0, 0x5, 0x2, 0x0, 0x0, 0x8, 0x8e,
    0xe5, 0xf5, 0x9f, 0x5, 0x0, 0x99, 0xcc, 0x32,
    0x35, 0xec, 0x66, 0x0, 0x2b, 0x15, 0x0, 0x0,
    0xb9, 0x83, 0x0, 0x44, 0xbb, 0xea, 0xf0, 0xff,
    0x63, 0x3e, 0xf3, 0x5a, 0x9, 0x4, 0xf9, 0x3a,
    0x94, 0xb5, 0x0, 0x0, 0x5c, 0xff, 0x12, 0x82,
    0xe6, 0x42, 0x5a, 0xff, 0xff, 0x0, 0xb, 0xb2,
    0xf7, 0xc8, 0x80, 0xcc, 0x0,

    /* U+00E1 "á" */
    0x0, 0x0, 0x0, 0x0, 0xc, 0xd5, 0x8f, 0x0,
    0x0, 0x0, 0x0, 0x0, 0xab, 0x87, 0x0, 0x0,
    0x0, 0x0, 0x0, 0x0, 0x7, 0x0, 0x0, 0x0,
    0x0, 0x8, 0x8e, 0xe5, 0xf5, 0x9f, 0x5, 0x0,
    0x0, 0x99, 0xcc, 0x32, 0x35, 0xec, 0x66, 0x0,
    0x0, 0x2b, 0x15, 0x0, 0x0, 0xb9, 0x83, 0x0,
    0x0, 0x44, 0xbb, 0xea, 0xf0, 0xff, 0x63, 0x0,
    0x3e, 0xf3, 0x5a, 0x9, 0x4, 0xf9, 0x3a, 0x0,
    0x94, 0xb5, 0x0, 0x0, 0x5c, 0xff, 0x12, 0x0,
    0x82, 0xe6, 0x42, 0x5a, 0xff, 0xff, 0x0, 0x0,
    0xb, 0xb2, 0xf7, 0xc8, 0x80, 0xcc, 0x0, 0x0,

    /* U+00E2 "â" */
    0x0, 0x0, 0x0, 0x1c, 0xd1, 0xa3, 0x0, 0x0,
    0x0, 0x18, 0xc6, 0x38, 0x9f, 0x5e, 0x0, 0x0,
    0x0, 0x0, 0x0, 0x0, 0x0, 0x0, 0x8, 0x8e,
    0xe5, 0xf5, 0x9f, 0x5, 0x0, 0x99, 0xcc, 0x32,
    0x35, 0xec, 0x66, 0x0, 0x2b, 0x15, 0x0, 0x0,
    0xb9, 0x83, 0x0, 0x44, 0xbb, 0xea, 0xf0, 0xff,
    0x63, 0x3e, 0xf3, 0x5a, 0x9, 0x4, 0xf9, 0x3a,
    0x94, 0xb5, 0x0, 0x0, 0x5c, 0xff, 0x12, 0x82,
    0xe6, 0x42, 0x5a, 0xff, 0xff, 0x0, 0xb, 0xb2,
    0xf7, 0xc8, 0x80, 0xcc, 0x0,

    /* U+00E3 "ã" */
    0x0, 0x0, 0x0, 0x0, 0x0, 0x0, 0x9, 0x1,
    0x0, 0x0, 0x1e, 0xe3, 0xa5, 0x9, 0xcb, 0x1f,
    0x0, 0x0, 0x8d, 0x6c, 0x59, 0xf1, 0xac, 0x0,
    0x0, 0x0, 0x13, 0x4, 0x0, 0xb, 0x1, 0x0,
    0x0, 0x8, 0x8e, 0xe5, 0xf5, 0x9f, 0x5, 0x0,
    0x0, 0x99, 0xcc, 0x32, 0x35, 0xec, 0x66, 0x0,
    0x0, 0x2b, 0x15, 0x0, 0x0, 0xb9, 0x83, 0x0,
    0x0, 0x44, 0xbb, 0xea, 0xf0, 0xff, 0x63, 0x0,
    0x3e, 0xf3, 0x5a, 0x9, 0x4, 0xf9, 0x3a, 0x0,
    0x94, 0xb5, 0x0, 0x0, 0x5c, 0xff, 0x12, 0x0,
    0x82, 0xe6, 0x42, 0x5a, 0xff, 0xff, 0x0, 0x0,
    0xb, 0xb2, 0xf7, 0xc8, 0x80, 0xcc, 0x0, 0x0,

    /* U+00E8 "è" */
    0x0, 0x0, 0xe, 0xe1, 0x5c, 0x0, 0x0, 0x0,
    0x0, 0x0, 0x40, 0xd3, 0x1, 0x0, 0x0, 0x0,
    0x0, 0x0, 0x7, 0x0, 0x0, 0x0, 0x0, 0x6c,
    0xe4, 0xf5, 0x95, 0x2, 0x0, 0x78, 0xe0, 0x3c,
    0x2e, 0xdf, 0x60, 0x13, 0xf5, 0x3c, 0x0, 0x0,
    0x86, 0xa2, 0x52, 0xff, 0xf0, 0xf0, 0xf0, 0xf8,
    0xa7, 0x73, 0xdb, 0x20, 0x20, 0x20, 0x20, 0x13,
    0x63, 0xe0, 0x0, 0x0, 0x0, 0xd, 0x0, 0x14,
    0xf6, 0x80, 0x23, 0x6b, 0xe1, 0x9, 0x0, 0x41,
    0xdb, 0xf5, 0xc2, 0x37, 0x0,

    /* U+00E9 "é" */
    0x0, 0x0, 0x0, 0x0, 0x24, 0xed, 0x62, 0x0,
    0x0, 0x0, 0xa, 0xce, 0x5b, 0x0, 0x0, 0x0,
    0x0, 0x2, 0x6, 0x0, 0x0, 0x0, 0x0, 0x6c,
    0xe4, 0xf5, 0x95, 0x2, 0x0, 0x78, 0xe0, 0x3c,
    0x2e, 0xdf, 0x60, 0x13, 0xf5, 0x3c, 0x0, 0x0,
    0x86, 0xa2, 0x52, 0xff, 0xf0, 0xf0, 0xf0, 0xf8,
    0xa7, 0x73, 0xdb, 0x20, 0x20, 0x20, 0x20, 0x13,
    0x63, 0xe0, 0x0, 0x0, 0x0, 0xd, 0x0, 0x14,
    0xf6, 0x80, 0x23, 0x6b, 0xe1, 0x9, 0x0, 0x41,
    0xdb, 0xf5, 0xc2, 0x37, 0x0,

    /* U+00EA "ê" */
    0x0, 0x0, 0x0, 0x3a, 0xe8, 0x74, 0x0, 0x0,
    0x0, 0x34, 0xc8, 0x22, 0xc5, 0x34, 0x0, 0x0,
    0x0, 0x0, 0x0, 0x0, 0x0, 0x0, 0x0, 0x6c,
    0xe4, 0xf5, 0x95, 0x2, 0x0, 0x78, 0xe0, 0x3c,
    0x2e, 0xdf, 0x60, 0x13, 0xf5, 0x3c, 0x0, 0x0,
    0x86, 0xa2, 0x52, 0xff, 0xf0, 0xf0, 0xf0, 0xf8,
    0xa7, 0x73, 0xdb, 0x20, 0x20, 0x20, 0x20, 0x13,
    0x63, 0xe0, 0x0, 0x0, 0x0, 0xd, 0x0, 0x14,
    0xf6, 0x80, 0x23, 0x6b, 0xe1, 0x9, 0x0, 0x41,
    0xdb, 0xf5, 0xc2, 0x37, 0x0,

    /* U+00EC "ì" */
    0xe, 0xde, 0x61, 0x0, 0x0, 0x38, 0xcc, 0x2,
    0x0, 0x0, 0x0, 0x0, 0x0, 0x79, 0xc2, 0x0,
    0x0, 0xa2, 0x99, 0x0, 0x0, 0xcb, 0x6f, 0x0,
    0x0, 0xf3, 0x46, 0x0, 0x1d, 0xff, 0x1c, 0x0,
    0x46, 0xf2, 0x0, 0x0, 0x6f, 0xc9, 0x0, 0x0,
    0x98, 0xa0, 0x0, 0x0,

    /* U+00ED "í" */
    0x0, 0x0, 0x26, 0xeb, 0x5e, 0x0, 0xc, 0xc7,
    0x50, 0x0, 0x0, 0x0, 0x0, 0x0, 0x0, 0x0,
    0x79, 0xc2, 0x0, 0x0, 0x0, 0xa2, 0x99, 0x0,
    0x0, 0x0, 0xcb, 0x6f, 0x0, 0x0, 0x0, 0xf3,
    0x46, 0x0, 0x0, 0x1d, 0xff, 0x1c, 0x0, 0x0,
    0x46, 0xf2, 0x0, 0x0, 0x0, 0x6f, 0xc9, 0x0,
    0x0, 0x0, 0x98, 0xa0, 0x0, 0x0, 0x0,

    /* U+00F2 "ò" */
    0x0, 0x0, 0x7, 0xd4, 0x6f, 0x0, 0x0, 0x0,
    0x0, 0x0, 0x0, 0x32, 0xdd, 0x5, 0x0, 0x0,
    0x0, 0x0, 0x0, 0x0, 0x6, 0x1, 0x0, 0x0,
    0x0, 0x0, 0x76, 0xe2, 0xf7, 0xae, 0xb, 0x0,
    0x0, 0x78, 0xe7, 0x4d, 0x27, 0xc6, 0xa0, 0x0,
    0x13, 0xf6, 0x46, 0x0, 0x0, 0x44, 0xf7, 0x4,
    0x52, 0xe8, 0x0, 0x0, 0x0, 0x28, 0xff, 0x12,
    0x6f, 0xc6, 0x0, 0x0, 0x0, 0x49, 0xf1, 0x3,
    0x5c, 0xde, 0x0, 0x0, 0x0, 0xa7, 0xa9, 0x0,
    0xf, 0xf2, 0x7c, 0x2c, 0x84, 0xf4, 0x23, 0x0,
    0x0, 0x3d, 0xdb, 0xf8, 0xc5, 0x2d, 0x0, 0x0,

    /* U+00F3 "ó" */
    0x0, 0x0, 0x0, 0x0, 0x19, 0xe6, 0x71, 0x0,
    0x0, 0x0, 0x0, 0x6, 0xc4, 0x6c, 0x0, 0x0,
    0x0, 0x0, 0x0, 0x1, 0x7, 0x0, 0x0, 0x0,
    0x0, 0x0, 0x76, 0xe2, 0xf7, 0xae, 0xb, 0x0,
    0x0, 0x78, 0xe7, 0x4d, 0x27, 0xc6, 0xa0, 0x0,
    0x13, 0xf6, 0x46, 0x0, 0x0, 0x44, 0xf7, 0x4,
    0x52, 0xe8, 0x0, 0x0, 0x0, 0x28, 0xff, 0x12,
    0x6f, 0xc6, 0x0, 0x0, 0x0, 0x49, 0xf1, 0x3,
    0x5c, 0xde, 0x0, 0x0, 0x0, 0xa7, 0xa9, 0x0,
    0xf, 0xf2, 0x7c, 0x2c, 0x84, 0xf4, 0x23, 0x0,
    0x0, 0x3d, 0xdb, 0xf8, 0xc5, 0x2d, 0x0, 0x0,

    /* U+00F4 "ô" */
    0x0, 0x0, 0x0, 0x2e, 0xe0, 0x84, 0x0, 0x0,
    0x0, 0x0, 0x2a, 0xc9, 0x27, 0xba, 0x41, 0x0,
    0x0, 0x0, 0x0, 0x0, 0x0, 0x0, 0x0, 0x0,
    0x0, 0x0, 0x76, 0xe2, 0xf7, 0xae, 0xb, 0x0,
    0x0, 0x78, 0xe7, 0x4d, 0x27, 0xc6, 0xa0, 0x0,
    0x13, 0xf6, 0x46, 0x0, 0x0, 0x44, 0xf7, 0x4,
    0x52, 0xe8, 0x0, 0x0, 0x0, 0x28, 0xff, 0x12,
    0x6f, 0xc6, 0x0, 0x0, 0x0, 0x49, 0xf1, 0x3,
    0x5c, 0xde, 0x0, 0x0, 0x0, 0xa7, 0xa9, 0x0,
    0xf, 0xf2, 0x7c, 0x2c, 0x84, 0xf4, 0x23, 0x0,
    0x0, 0x3d, 0xdb, 0xf8, 0xc5, 0x2d, 0x0, 0x0,

    /* U+00F5 "õ" */
    0x0, 0x0, 0x0, 0x0, 0x0, 0x0, 0xa, 0x0,
    0x0, 0x0, 0x34, 0xeb, 0x8e, 0x9, 0xde, 0x6,
    0x0, 0x0, 0xab, 0x4f, 0x6f, 0xf7, 0x8c, 0x0,
    0x0, 0x0, 0x16, 0x0, 0x0, 0xc, 0x0, 0x0,
    0x0, 0x0, 0x76, 0xe2, 0xf7, 0xae, 0xb, 0x0,
    0x0, 0x78, 0xe7, 0x4d, 0x27, 0xc6, 0xa0, 0x0,
    0x13, 0xf6, 0x46, 0x0, 0x0, 0x44, 0xf7, 0x4,
    0x52, 0xe8, 0x0, 0x0, 0x0, 0x28, 0xff, 0x12,
    0x6f, 0xc6, 0x0, 0x0, 0x0, 0x49, 0xf1, 0x3,
    0x5c, 0xde, 0x0, 0x0, 0x0, 0xa7, 0xa9, 0x0,
    0xf, 0xf2, 0x7c, 0x2c, 0x84, 0xf4, 0x23, 0x0,
    0x0, 0x3d, 0xdb, 0xf8, 0xc5, 0x2d, 0x0, 0x0,

    /* U+00F9 "ù" */
    0x0, 0x0, 0x6, 0xcd, 0x77, 0x0, 0x0, 0x0,
    0x0, 0x0, 0x0, 0x25, 0xd2, 0x8, 0x0, 0x0,
    0x0, 0x0, 0x0, 0x0, 0x0, 0x0, 0x0, 0x0,
    0x0, 0x99, 0xa3, 0x0, 0x0, 0x31, 0xff, 0xf,
    0x0, 0xc1, 0x7c, 0x0, 0x0, 0x59, 0xe5, 0x0,
    0x0, 0xea, 0x55, 0x0, 0x0, 0x82, 0xbc, 0x0,
    0x13, 0xff, 0x2e, 0x0, 0x0, 0xab, 0x93, 0x0,
    0x3c, 0xfe, 0x9, 0x0, 0x0, 0xff, 0x6a, 0x0,
    0x52, 0xeb, 0x0, 0x0, 0x8, 0xff, 0x41, 0x0,
    0x34, 0xfd, 0x2a, 0x12, 0xc7, 0xff, 0x18, 0x0,
    0x0, 0x93, 0xf1, 0xe1, 0x9a, 0xf0, 0x0, 0x0,

    /* U+00FA "ú" */
    0x0, 0x0, 0x0, 0x0, 0x1b, 0xe5, 0x72, 0x0,
    0x0, 0x0, 0x0, 0x6, 0xbb, 0x61, 0x0, 0x0,
    0x0, 0x0, 0x0, 0x0, 0x0, 0x0, 0x0, 0x0,
    0x0, 0x99, 0xa3, 0x0, 0x0, 0x31, 0xff, 0xf,
    0x0, 0xc1, 0x7c, 0x0, 0x0, 0x59, 0xe5, 0x0,
    0x0, 0xea, 0x55, 0x0, 0x0, 0x82, 0xbc, 0x0,
    0x13, 0xff, 0x2e, 0x0, 0x0, 0xab, 0x93, 0x0,
    0x3c, 0xfe, 0x9, 0x0, 0x0, 0xff, 0x6a, 0x0,
    0x52, 0xeb, 0x0, 0x0, 0x8, 0xff, 0x41, 0x0,
    0x34, 0xfd, 0x2a, 0x12, 0xc7, 0xff, 0x18, 0x0,
    0x0, 0x93, 0xf1, 0xe1, 0x9a, 0xf0, 0x0, 0x0,

    /* U+00FD "ý" */
    0x0, 0x0, 0x0, 0x0, 0x0, 0x66, 0xe3, 0x29,
    0x0, 0x0, 0x0, 0x0, 0x36, 0xcd, 0x1f, 0x0,
    0x0, 0x0, 0x0, 0x0, 0x0, 0x0, 0x0, 0x0,
    0x0, 0x2f, 0xff, 0x1a, 0x0, 0x0, 0xba, 0x9d,
    0x0, 0x7, 0xfc, 0x3f, 0x0, 0x2e, 0xfc, 0x25,
    0x0, 0x0, 0xd8, 0x64, 0x0, 0xa2, 0xa7, 0x0,
    0x0, 0x0, 0xad, 0x89, 0x1b, 0xf9, 0x2d, 0x0,
    0x0, 0x0, 0x82, 0xaf, 0x8a, 0xb1, 0x0, 0x0,
    0x0, 0x0, 0x57, 0xe1, 0xef, 0x36, 0x0, 0x0,
    0x0, 0x0, 0x2c, 0xff, 0xbb, 0x0, 0x0, 0x0,
    0x0, 0x0, 0xb, 0xff, 0x40, 0x0, 0x0, 0x0,
    0x0, 0x0, 0x67, 0xc5, 0x0, 0x0, 0x0, 0x0,
    0x1b, 0x5f, 0xef, 0x41, 0x0, 0x0, 0x0, 0x0,
    0x87, 0xed, 0x6b, 0x0, 0x0, 0x0, 0x0, 0x0,

    /* U+0102 "Ă" */
    0x0, 0x0, 0x0, 0x0, 0xe, 0xf3, 0x9, 0x6d,
    0xa8, 0x0, 0x0, 0x0, 0x0, 0x0, 0x71, 0xd6,
    0xb7, 0x1e, 0x0, 0x0, 0x0, 0x0, 0x0, 0x63,
    0xff, 0x12, 0x0, 0x0, 0x0, 0x0, 0x0, 0x4,
    0xdc, 0xff, 0x40, 0x0, 0x0, 0x0, 0x0, 0x0,
    0x5f, 0xda, 0xb7, 0x6e, 0x0, 0x0, 0x0, 0x0,
    0x3, 0xd9, 0x63, 0x8b, 0x9c, 0x0, 0x0, 0x0,
    0x0, 0x5b, 0xe3, 0x6, 0x61, 0xca, 0x0, 0x0,
    0x0, 0x2, 0xd6, 0x70, 0x0, 0x37, 0xf5, 0x2,
    0x0, 0x0, 0x56, 0xec, 0xa, 0x0, 0xd, 0xff,
    0x25, 0x0, 0x1, 0xff, 0xff, 0xf8, 0xf8, 0xf8,
    0xff, 0x62, 0x0, 0x52, 0xff, 0x39, 0x28, 0x28,
    0x28, 0xdf, 0x81, 0x0, 0xce, 0x8a, 0x0, 0x0,
    0x0, 0x0, 0x8f, 0xaf, 0x4d, 0xf8, 0x18, 0x0,
    0x0, 0x0, 0x0, 0x65, 0xdd,

    /* U+0103 "ă" */
    0x0, 0x0, 0x8, 0xf6, 0x10, 0x65, 0xb1, 0x0,
    0x0, 0x0, 0x6b, 0xd6, 0xbd, 0x24, 0x0, 0x0,
    0x0, 0x0, 0x0, 0x0, 0x0, 0x0, 0x8, 0x8e,
    0xe5, 0xf5, 0x9f, 0x5, 0x0, 0x99, 0xcc, 0x32,
    0x35, 0xec, 0x66, 0x0, 0x2b, 0x15, 0x0, 0x0,
    0xb9, 0x83, 0x0, 0x44, 0xbb, 0xea, 0xf0, 0xff,
    0x63, 0x3e, 0xf3, 0x5a, 0x9, 0x4, 0xf9, 0x3a,
    0x94, 0xb5, 0x0, 0x0, 0x5c, 0xff, 0x12, 0x82,
    0xe6, 0x42, 0x5a, 0xff, 0xff, 0x0, 0xb, 0xb2,
    0xf7, 0xc8, 0x80, 0xcc, 0x0,

    /* U+0110 "Đ" */
    0x0, 0x0, 0xec, 0xff, 0xff, 0xf0, 0xa4, 0x13,
    0x0, 0x0, 0x0, 0xef, 0x87, 0x24, 0x39, 0xc5,
    0xc6, 0x1, 0x0, 0xd, 0xff, 0x3b, 0x0, 0x0,
    0x16, 0xfb, 0x41, 0x0, 0x36, 0xff, 0x13, 0x0,
    0x0, 0x0, 0xcb, 0x7a, 0x0, 0x5e, 0xeb, 0x0,
    0x0, 0x0, 0x0, 0xc1, 0x89, 0x8c, 0xff, 0xff,
    0xf4, 0xa2, 0x0, 0x0, 0xcf, 0x76, 0x17, 0xd3,
    0xbf, 0x24, 0x14, 0x0, 0x6, 0xf8, 0x49, 0x0,
    0xd7, 0x73, 0x0, 0x0, 0x0, 0x56, 0xf3, 0xa,
    0x4, 0xfa, 0x4b, 0x0, 0x0, 0x11, 0xde, 0x74,
    0x0, 0x28, 0xff, 0x43, 0x26, 0x58, 0xd8, 0xbb,
    0x3, 0x0, 0x50, 0xff, 0xff, 0xfa, 0xd7, 0x77,
    0x6, 0x0, 0x0,

    /* U+0111 "đ" */
    0x0, 0x0, 0x0, 0x0, 0x0, 0x0, 0x86, 0xba,
    0x0, 0x0, 0x0, 0x0, 0x0, 0x6b, 0xf4, 0xff,
    0xff, 0xc1, 0x0, 0x0, 0x0, 0x0, 0x13, 0x24,
    0xfe, 0x89, 0x19, 0x0, 0x2, 0x88, 0xf0, 0xe6,
    0x4e, 0xfc, 0x3a, 0x0, 0x0, 0x87, 0xe9, 0x53,
    0x3a, 0xf1, 0xff, 0x10, 0x0, 0x12, 0xf6, 0x4d,
    0x0, 0x0, 0xa6, 0xff, 0x0, 0x0, 0x52, 0xef,
    0x1, 0x0, 0x0, 0xbd, 0xff, 0x0, 0x0, 0x72,
    0xcc, 0x0, 0x0, 0x0, 0xff, 0xc5, 0x0, 0x0,
    0x66, 0xd3, 0x0, 0x0, 0x0, 0xff, 0x68, 0x0,
    0x0, 0x24, 0xfa, 0x3f, 0x7, 0x84, 0xff, 0x3b,
    0x0, 0x0, 0x0, 0x6c, 0xf1, 0xe7, 0x8b, 0xff,
    0x11, 0x0, 0x0,

    /* U+0128 "Ĩ" */
    0x0, 0x0, 0x0, 0x0, 0x0, 0x0, 0x13, 0xbb,
    0xea, 0xec, 0xef, 0x54, 0x8, 0x1c, 0x1c, 0x1c,
    0xa, 0x0, 0x0, 0x0, 0xd9, 0x6f, 0x0, 0x0,
    0x0, 0x5, 0xfb, 0x47, 0x0, 0x0, 0x0, 0x29,
    0xff, 0x1e, 0x0, 0x0, 0x0, 0x52, 0xf5, 0x1,
    0x0, 0x0, 0x0, 0x7a, 0xce, 0x0, 0x0, 0x0,
    0x0, 0xa2, 0xa5, 0x0, 0x0, 0x0, 0x0, 0xcb,
    0x7d, 0x0, 0x0, 0x0, 0x0, 0xf2, 0x55, 0x0,
    0x0, 0x0, 0x1b, 0xff, 0x2c, 0x0, 0x0, 0x0,
    0x44, 0xfc, 0x7, 0x0, 0x0, 0x0, 0x6c, 0xdc,
    0x0, 0x0, 0x0, 0x0,

    /* U+0129 "ĩ" */
    0x0, 0x0, 0x0, 0x0, 0xb, 0x0, 0x40, 0xed,
    0x80, 0xd, 0xdf, 0x1, 0xbd, 0x41, 0x7d, 0xf9,
    0x7e, 0x0, 0x17, 0x0, 0x0, 0xc, 0x0, 0x0,
    0x0, 0x79, 0xc2, 0x0, 0x0, 0x0, 0x0, 0xa2,
    0x99, 0x0, 0x0, 0x0, 0x0, 0xcb, 0x6f, 0x0,
    0x0, 0x0, 0x0, 0xf3, 0x46, 0x0, 0x0, 0x0,
    0x1d, 0xff, 0x1c, 0x0, 0x0, 0x0, 0x46, 0xf2,
    0x0, 0x0, 0x0, 0x0, 0x6f, 0xc9, 0x0, 0x0,
    0x0, 0x0, 0x98, 0xa0, 0x0, 0x0, 0x0, 0x0,

    /* U+0168 "Ũ" */
    0x0, 0x0, 0x0, 0x0, 0x0, 0x0, 0x0, 0x0,
    0x0, 0x0, 0x0, 0x0, 0x58, 0xdb, 0xec, 0xec,
    0xd1, 0x8, 0x0, 0x0, 0x0, 0x14, 0x1c, 0x1c,
    0x18, 0x1, 0x0, 0x0, 0x24, 0xff, 0x23, 0x0,
    0x0, 0x0, 0x6c, 0xdb, 0x0, 0x4c, 0xf9, 0x3,
    0x0, 0x0, 0x0, 0x94, 0xb4, 0x0, 0x74, 0xd4,
    0x0, 0x0, 0x0, 0x0, 0xbc, 0x8c, 0x0, 0x9b,
    0xad, 0x0, 0x0, 0x0, 0x0, 0xe4, 0x64, 0x0,
    0xc3, 0x85, 0x0, 0x0, 0x0, 0xb, 0xff, 0x3c,
    0x0, 0xeb, 0x5e, 0x0, 0x0, 0x0, 0x33, 0xff,
    0x14, 0x12, 0xff, 0x36, 0x0, 0x0, 0x0, 0x5b,
    0xec, 0x0, 0x32, 0xff, 0x19, 0x0, 0x0, 0x0,
    0x8d, 0xbe, 0x0, 0x29, 0xff, 0x2f, 0x0, 0x0,
    0xa, 0xe3, 0x74, 0x0, 0x1, 0xd2, 0xc1, 0x36,
    0x40, 0xc5, 0xd5, 0xb, 0x0, 0x0, 0x20, 0xb9,
    0xf5, 0xea, 0x9b, 0x14, 0x0, 0x0,

    /* U+0169 "ũ" */
    0x0, 0x0, 0x0, 0x0, 0x0, 0x0, 0xa, 0x0,
    0x0, 0x0, 0x31, 0xea, 0x93, 0x9, 0xdd, 0xb,
    0x0, 0x0, 0xa7, 0x56, 0x6b, 0xf7, 0x94, 0x0,
    0x0, 0x0, 0x15, 0x1, 0x0, 0xc, 0x0, 0x0,
    0x0, 0x99, 0xa3, 0x0, 0x0, 0x31, 0xff, 0xf,
    0x0, 0xc1, 0x7c, 0x0, 0x0, 0x59, 0xe5, 0x0,
    0x0, 0xea, 0x55, 0x0, 0x0, 0x82, 0xbc, 0x0,
    0x13, 0xff, 0x2e, 0x0, 0x0, 0xab, 0x93, 0x0,
    0x3c, 0xfe, 0x9, 0x0, 0x0, 0xff, 0x6a, 0x0,
    0x52, 0xeb, 0x0, 0x0, 0x8, 0xff, 0x41, 0x0,
    0x34, 0xfd, 0x2a, 0x12, 0xc7, 0xff, 0x18, 0x0,
    0x0, 0x93, 0xf1, 0xe1, 0x9a, 0xf0, 0x0, 0x0,

    /* U+01A0 "Ơ" */
    0x0, 0x0, 0x0, 0x0, 0x0, 0x0, 0x0, 0x0,
    0x0, 0x42, 0x4b, 0x0, 0x0, 0x1, 0x6d, 0xd8,
    0xf8, 0xd0, 0x32, 0x27, 0xdd, 0x5b, 0x0, 0x0,
    0x92, 0xee, 0x63, 0x3d, 0x9b, 0xff, 0xf8, 0x82,
    0x1, 0x0, 0x35, 0xfa, 0x32, 0x0, 0x0, 0x1,
    0xd8, 0x73, 0x0, 0x0, 0x0, 0xaf, 0x9f, 0x0,
    0x0, 0x0, 0x0, 0x9f, 0xa3, 0x0, 0x0, 0x3,
    0xf0, 0x4f, 0x0, 0x0, 0x0, 0x0, 0x99, 0xa9,
    0x0, 0x0, 0x2a, 0xff, 0x1d, 0x0, 0x0, 0x0,
    0x0, 0xad, 0x96, 0x0, 0x0, 0x3c, 0xff, 0x5,
    0x0, 0x0, 0x0, 0x0, 0xe2, 0x5f, 0x0, 0x0,
    0x35, 0xff, 0xd, 0x0, 0x0, 0x0, 0x31, 0xfe,
    0x1e, 0x0, 0x0, 0xc, 0xfa, 0x48, 0x0, 0x0,
    0x3, 0xb7, 0xa4, 0x0, 0x0, 0x0, 0x0, 0x99,
    0xde, 0x50, 0x41, 0xb3, 0xe7, 0x1c, 0x0, 0x0,
    0x0, 0x0, 0x8, 0x9b, 0xf3, 0xf0, 0xab, 0x20,
    0x0, 0x0, 0x0, 0x0,

    /* U+01A1 "ơ" */
    0x0, 0x0, 0x0, 0x0, 0x0, 0x0, 0x0, 0x5f,
    0x99, 0x0, 0x0, 0x71, 0xe0, 0xf7, 0xb5, 0x13,
    0xbe, 0x54, 0x0, 0x73, 0xe8, 0x50, 0x26, 0xc2,
    0xff, 0x8c, 0x1, 0x11, 0xf3, 0x49, 0x0, 0x0,
    0x43, 0xf7, 0x3, 0x0, 0x53, 0xe9, 0x0, 0x0,
    0x0, 0x28, 0xff, 0xe, 0x0, 0x74, 0xc2, 0x0,
    0x0, 0x0, 0x4d, 0xed, 0x2, 0x0, 0x64, 0xd8,
    0x0, 0x0, 0x0, 0xab, 0xa2, 0x0, 0x0, 0x16,
    0xf7, 0x6f, 0x29, 0x85, 0xf1, 0x1e, 0x0, 0x0,
    0x0, 0x46, 0xde, 0xf8, 0xbe, 0x27, 0x0, 0x0,
    0x0,

    /* U+01AF "Ư" */
    0x0, 0x24, 0xff, 0x23, 0x0, 0x0, 0x0, 0x6c,
    0xdb, 0x0, 0xbb, 0x58, 0x0, 0x4c, 0xf9, 0x3,
    0x0, 0x0, 0x0, 0x94, 0xbd, 0x5d, 0xed, 0x11,
    0x0, 0x74, 0xd4, 0x0, 0x0, 0x0, 0x0, 0xbc,
    0xff, 0xc9, 0x3c, 0x0, 0x0, 0x9b, 0xad, 0x0,
    0x0, 0x0, 0x0, 0xe4, 0x64, 0x0, 0x0, 0x0,
    0x0, 0xc3, 0x85, 0x0, 0x0, 0x0, 0xb, 0xff,
    0x3c, 0x0, 0x0, 0x0, 0x0, 0xeb, 0x5e, 0x0,
    0x0, 0x0, 0x33, 0xff, 0x14, 0x0, 0x0, 0x0,
    0x12, 0xff, 0x36, 0x0, 0x0, 0x0, 0x5b, 0xec,
    0x0, 0x0, 0x0, 0x0, 0x32, 0xff, 0x19, 0x0,
    0x0, 0x0, 0x8d, 0xbe, 0x0, 0x0, 0x0, 0x0,
    0x29, 0xff, 0x2f, 0x0, 0x0, 0x9, 0xe2, 0x74,
    0x0, 0x0, 0x0, 0x0, 0x1, 0xd2, 0xc1, 0x33,
    0x3c, 0xc0, 0xd5, 0xb, 0x0, 0x0, 0x0, 0x0,
    0x0, 0x20, 0xb9, 0xf5, 0xea, 0x9b, 0x14, 0x0,
    0x0, 0x0, 0x0, 0x0,

    /* U+01B0 "ư" */
    0x0, 0x0, 0x0, 0x0, 0x0, 0x0, 0x0, 0x0,
    0x5f, 0x18, 0x0, 0x99, 0xa3, 0x0, 0x0, 0x31,
    0xff, 0x29, 0xe5, 0xc, 0x0, 0xc1, 0x7c, 0x0,
    0x0, 0x59, 0xff, 0xcc, 0x50, 0x0, 0x0, 0xea,
    0x55, 0x0, 0x0, 0x82, 0xbc, 0x0, 0x0, 0x0,
    0x13, 0xff, 0x2e, 0x0, 0x0, 0xab, 0x93, 0x0,
    0x0, 0x0, 0x3c, 0xfe, 0x9, 0x0, 0x0, 0xff,
    0x6a, 0x0, 0x0, 0x0, 0x52, 0xe9, 0x0, 0x0,
    0x8, 0xff, 0x41, 0x0, 0x0, 0x0, 0x33, 0xfc,
    0x2b, 0x12, 0xc7, 0xff, 0x18, 0x0, 0x0, 0x0,
    0x0, 0x92, 0xf1, 0xe1, 0x9c, 0xf0, 0x0, 0x0,
    0x0, 0x0,

    /* U+1EA0 "Ạ" */
    0x0, 0x0, 0x0, 0x0, 0x0, 0x63, 0xff, 0x12,
    0x0, 0x0, 0x0, 0x0, 0x0, 0x4, 0xdc, 0xff,
    0x40, 0x0, 0x0, 0x0, 0x0, 0x0, 0x5f, 0xda,
    0xb7, 0x6e, 0x0, 0x0, 0x0, 0x0, 0x3, 0xd9,
    0x63, 0x8b, 0x9c, 0x0, 0x0, 0x0, 0x0, 0x5b,
    0xe3, 0x6, 0x61, 0xca, 0x0, 0x0, 0x0, 0x2,
    0xd6, 0x70, 0x0, 0x37, 0xf5, 0x2, 0x0, 0x0,
    0x56, 0xec, 0xa, 0x0, 0xd, 0xff, 0x25, 0x0,
    0x1, 0xff, 0xff, 0xf8, 0xf8, 0xf8, 0xff, 0x62,
    0x0, 0x52, 0xff, 0x39, 0x28, 0x28, 0x28, 0xdf,
    0x81, 0x0, 0xce, 0x8a, 0x0, 0x0, 0x0, 0x0,
    0x8f, 0xaf, 0x4d, 0xf8, 0x18, 0x0, 0x0, 0x0,
    0x0, 0x65, 0xdd, 0x0, 0x0, 0x0, 0x0, 0x0,
    0x0, 0x0, 0x0, 0x0, 0x0, 0x0, 0x0, 0x18,
    0xe3, 0x1f, 0x0, 0x0, 0x0, 0x0, 0x0, 0x0,
    0x6, 0x72, 0x7, 0x0, 0x0, 0x0,

    /* U+1EA1 "ạ" */
    0x0, 0x8, 0x8e, 0xe5, 0xf5, 0x9f, 0x5, 0x0,
    0x99, 0xcc, 0x32, 0x35, 0xec, 0x66, 0x0, 0x2b,
    0x15, 0x0, 0x0, 0xb9, 0x83, 0x0, 0x44, 0xbb,
    0xea, 0xf0, 0xff, 0x63, 0x3e, 0xf3, 0x5a, 0x9,
    0x4, 0xf9, 0x3a, 0x94, 0xb5, 0x0, 0x0, 0x5c,
    0xff, 0x12, 0x82, 0xe6, 0x42, 0x5a, 0xff, 0xff,
    0x0, 0xb, 0xb2, 0xf7, 0xc8, 0x80, 0xcc, 0x0,
    0x0, 0x0, 0x0, 0x0, 0x0, 0x0, 0x0, 0x0,
    0x48, 0xd4, 0x0, 0x0, 0x0, 0x0, 0x0, 0x1c,
    0x63, 0x0, 0x0, 0x0, 0x0,

    /* U+1EA2 "Ả" */
    0x0, 0x0, 0x0, 0x0, 0x0, 0x0, 0x68, 0xb8,
    0x1a, 0x0, 0x0, 0x0, 0x0, 0x0, 0x0, 0x45,
    0xbc, 0x2d, 0x0, 0x0, 0x0, 0x0, 0x0, 0x0,
    0x54, 0x11, 0x0, 0x0, 0x0, 0x0, 0x0, 0x0,
    0x63, 0xff, 0x12, 0x0, 0x0, 0x0, 0x0, 0x0,
    0x4, 0xdc, 0xff, 0x40, 0x0, 0x0, 0x0, 0x0,
    0x0, 0x5f, 0xda, 0xb7, 0x6e, 0x0, 0x0, 0x0,
    0x0, 0x3, 0xd9, 0x63, 0x8b, 0x9c, 0x0, 0x0,
    0x0, 0x0, 0x5b, 0xe3, 0x6, 0x61, 0xca, 0x0,
    0x0, 0x0, 0x2, 0xd6, 0x70, 0x0, 0x37, 0xf5,
    0x2, 0x0, 0x0, 0x56, 0xec, 0xa, 0x0, 0xd,
    0xff, 0x25, 0x0, 0x1, 0xff, 0xff, 0xf8, 0xf8,
    0xf8, 0xff, 0x62, 0x0, 0x52, 0xff, 0x39, 0x28,
    0x28, 0x28, 0xdf, 0x81, 0x0, 0xce, 0x8a, 0x0,
    0x0, 0x0, 0x0, 0x8f, 0xaf, 0x4d, 0xf8, 0x18,
    0x0, 0x0, 0x0, 0x0, 0x65, 0xdd,

    /* U+1EA3 "ả" */
    0x0, 0x0, 0x0, 0x0, 0x62, 0xb0, 0x16, 0x0,
    0x0, 0x0, 0x0, 0x16, 0xbe, 0x4e, 0x0, 0x0,
    0x0, 0x0, 0xac, 0x6b, 0x1, 0x0, 0x0, 0x0,
    0x0, 0x0, 0x0, 0x0, 0x0, 0x8, 0x8e, 0xe5,
    0xf5, 0x9f, 0x5, 0x0, 0x99, 0xcc, 0x32, 0x35,
    0xec, 0x66, 0x0, 0x2b, 0x15, 0x0, 0x0, 0xb9,
    0x83, 0x0, 0x44, 0xbb, 0xea, 0xf0, 0xff, 0x63,
    0x3e, 0xf3, 0x5a, 0x9, 0x4, 0xf9, 0x3a, 0x94,
    0xb5, 0x0, 0x0, 0x5c, 0xff, 0x12, 0x82, 0xe6,
    0x42, 0x5a, 0xff, 0xff, 0x0, 0xb, 0xb2, 0xf7,
    0xc8, 0x80, 0xcc, 0x0,

    /* U+1EA4 "Ấ" */
    0x0, 0x0, 0x0, 0x0, 0x0, 0x0, 0x0, 0x0,
    0x0, 0x1c, 0x7f, 0x14, 0x0, 0x0, 0x0, 0x0,
    0x0, 0x0, 0x0, 0x0, 0x0, 0xaf, 0x89, 0x0,
    0x0, 0x0, 0x0, 0x0, 0x2, 0x71, 0xcc, 0xc5,
    0x27, 0x73, 0x2, 0x0, 0x0, 0x0, 0x0, 0x0,
    0x44, 0x6b, 0x5, 0x3e, 0x59, 0x0, 0x0, 0x0,
    0x0, 0x0, 0x0, 0x0, 0x0, 0x63, 0xff, 0x12,
    0x0, 0x0, 0x0, 0x0, 0x0, 0x0, 0x0, 0x0,
    0x4, 0xdc, 0xff, 0x40, 0x0, 0x0, 0x0, 0x0,
    0x0, 0x0, 0x0, 0x0, 0x5f, 0xda, 0xb7, 0x6e,
    0x0, 0x0, 0x0, 0x0, 0x0, 0x0, 0x0, 0x3,
    0xd9, 0x63, 0x8b, 0x9c, 0x0, 0x0, 0x0, 0x0,
    0x0, 0x0, 0x0, 0x5b, 0xe3, 0x6, 0x61, 0xca,
    0x0, 0x0, 0x0, 0x0, 0x0, 0x0, 0x2, 0xd6,
    0x70, 0x0, 0x37, 0xf5, 0x2, 0x0, 0x0, 0x0,
    0x0, 0x0, 0x56, 0xec, 0xa, 0x0, 0xd, 0xff,
    0x25, 0x0, 0x0, 0x0, 0x0, 0x1, 0xff, 0xff,
    0xf8, 0xf8, 0xf8, 0xff, 0x62, 0x0, 0x0, 0x0,
    0x0, 0x52, 0xff, 0x39, 0x28, 0x28, 0x28, 0xdf,
    0x81, 0x0, 0x0, 0x0, 0x0, 0xce, 0x8a, 0x0,
    0x0, 0x0, 0x0, 0x8f, 0xaf, 0x0, 0x0, 0x0,
    0x4d, 0xf8, 0x18, 0x0, 0x0, 0x0, 0x0, 0x65,
    0xdd, 0x0, 0x0, 0x0,

    /* U+1EA5 "ấ" */
    0x0, 0x0, 0x0, 0x0, 0x0, 0x0, 0x0, 0x16,
    0x80, 0x19, 0x0, 0x0, 0x0, 0x0, 0x0, 0x0,
    0x0, 0x9c, 0x9f, 0x0, 0x0, 0x0, 0x0, 0x44,
    0xe6, 0xc3, 0x15, 0x97, 0x9, 0x0, 0x0, 0x0,
    0x55, 0xd7, 0x2b, 0x8e, 0x92, 0x0, 0x0, 0x0,
    0x0, 0x0, 0x0, 0x0, 0x0, 0x0, 0x0, 0x0,
    0x0, 0x0, 0x0, 0x8, 0x8e, 0xe5, 0xf5, 0x9f,
    0x5, 0x0, 0x0, 0x0, 0x0, 0x99, 0xcc, 0x32,
    0x35, 0xec, 0x66, 0x0, 0x0, 0x0, 0x0, 0x2b,
    0x15, 0x0, 0x0, 0xb9, 0x83, 0x0, 0x0, 0x0,
    0x0, 0x44, 0xbb, 0xea, 0xf0, 0xff, 0x63, 0x0,
    0x0, 0x0, 0x3e, 0xf3, 0x5a, 0x9, 0x4, 0xf9,
    0x3a, 0x0, 0x0, 0x0, 0x94, 0xb5, 0x0, 0x0,
    0x5c, 0xff, 0x12, 0x0, 0x0, 0x0, 0x82, 0xe6,
    0x42, 0x5a, 0xff, 0xff, 0x0, 0x0, 0x0, 0x0,
    0xb, 0xb2, 0xf7, 0xc8, 0x80, 0xcc, 0x0, 0x0,
    0x0, 0x0,

    /* U+1EA6 "Ầ" */
    0x0, 0x0, 0x1, 0xcc, 0x56, 0x0, 0x0, 0x0,
    0x0, 0x0, 0x0, 0x0, 0x40, 0x91, 0x42, 0xb7,
    0x8e, 0x4, 0x0, 0x0, 0x0, 0x0, 0x43, 0x8b,
    0x21, 0x6a, 0x59, 0x0, 0x0, 0x0, 0x0, 0x0,
    0x63, 0xff, 0x12, 0x0, 0x0, 0x0, 0x0, 0x0,
    0x4, 0xdc, 0xff, 0x40, 0x0, 0x0, 0x0, 0x0,
    0x0, 0x5f, 0xda, 0xb7, 0x6e, 0x0, 0x0, 0x0,
    0x0, 0x3, 0xd9, 0x63, 0x8b, 0x9c, 0x0, 0x0,
    0x0, 0x0, 0x5b, 0xe3, 0x6, 0x61, 0xca, 0x0,
    0x0, 0x0, 0x2, 0xd6, 0x70, 0x0, 0x37, 0xf5,
    0x2, 0x0, 0x0, 0x56, 0xec, 0xa, 0x0, 0xd,
    0xff, 0x25, 0x0, 0x1, 0xff, 0xff, 0xf8, 0xf8,
    0xf8, 0xff, 0x62, 0x0, 0x52, 0xff, 0x39, 0x28,
    0x28, 0x28, 0xdf, 0x81, 0x0, 0xce, 0x8a, 0x0,
    0x0, 0x0, 0x0, 0x8f, 0xaf, 0x4d, 0xf8, 0x18,
    0x0, 0x0, 0x0, 0x0, 0x65, 0xdd,

    /* U+1EA7 "ầ" */
    0x0, 0xc5, 0x5f, 0x0, 0x0, 0x0, 0x0, 0x0,
    0x39, 0x9b, 0x3f, 0xf2, 0xbc, 0x3, 0x0, 0x0,
    0x4d, 0xe9, 0x51, 0xb6, 0x88, 0x0, 0x0, 0x10,
    0xb, 0x0, 0x5, 0x13, 0x0, 0x8, 0x8e, 0xe5,
    0xf5, 0x9f, 0x5, 0x0, 0x99, 0xcc, 0x32, 0x35,
    0xec, 0x66, 0x0, 0x2b, 0x15, 0x0, 0x0, 0xb9,
    0x83, 0x0, 0x44, 0xbb, 0xea, 0xf0, 0xff, 0x63,
    0x3e, 0xf3, 0x5a, 0x9, 0x4, 0xf9, 0x3a, 0x94,
    0xb5, 0x0, 0x0, 0x5c, 0xff, 0x12, 0x82, 0xe6,
    0x42, 0x5a, 0xff, 0xff, 0x0, 0xb, 0xb2, 0xf7,
    0xc8, 0x80, 0xcc, 0x0,

    /* U+1EA8 "Ẩ" */
    0x0, 0x0, 0x0, 0x0, 0x0, 0x0, 0x0, 0x0,
    0x15, 0x73, 0xa, 0x0, 0x0, 0x0, 0x0, 0x0,
    0x0, 0x0, 0x0, 0x5, 0x94, 0x68, 0x0, 0x0,
    0x0, 0x0, 0x0, 0x67, 0xc1, 0xb9, 0x65, 0xb0,
    0x11, 0x0, 0x0, 0x0, 0x0, 0x51, 0x7c, 0x7,
    0x47, 0x66, 0x0, 0x0, 0x0, 0x0, 0x0, 0x0,
    0x0, 0x63, 0xff, 0x12, 0x0, 0x0, 0x0, 0x0,
    0x0, 0x0, 0x0, 0x4, 0xdc, 0xff, 0x40, 0x0,
    0x0, 0x0, 0x0, 0x0, 0x0, 0x0, 0x5f, 0xda,
    0xb7, 0x6e, 0x0, 0x0, 0x0, 0x0, 0x0, 0x0,
    0x3, 0xd9, 0x63, 0x8b, 0x9c, 0x0, 0x0, 0x0,
    0x0, 0x0, 0x0, 0x5b, 0xe3, 0x6, 0x61, 0xca,
    0x0, 0x0, 0x0, 0x0, 0x0, 0x2, 0xd6, 0x70,
    0x0, 0x37, 0xf5, 0x2, 0x0, 0x0, 0x0, 0x0,
    0x56, 0xec, 0xa, 0x0, 0xd, 0xff, 0x25, 0x0,
    0x0, 0x0, 0x1, 0xff, 0xff, 0xf8, 0xf8, 0xf8,
    0xff, 0x62, 0x0, 0x0, 0x0, 0x52, 0xff, 0x39,
    0x28, 0x28, 0x28, 0xdf, 0x81, 0x0, 0x0, 0x0,
    0xce, 0x8a, 0x0, 0x0, 0x0, 0x0, 0x8f, 0xaf,
    0x0, 0x0, 0x4d, 0xf8, 0x18, 0x0, 0x0, 0x0,
    0x0, 0x65, 0xdd, 0x0, 0x0,

    /* U+1EA9 "ẩ" */
    0x0, 0x0, 0x0, 0x0, 0x0, 0x0, 0xf, 0x75,
    0xc, 0x0, 0x0, 0x0, 0x0, 0x0, 0x0, 0x3,
    0x8a, 0x70, 0x0, 0x0, 0x0, 0x51, 0xdc, 0xca,
    0x55, 0xb7, 0x14, 0x0, 0x0, 0x58, 0xd1, 0x1a,
    0x7a, 0x8f, 0x0, 0x0, 0x0, 0x0, 0xe, 0x6,
    0x0, 0x1, 0xf, 0x0, 0x0, 0x0, 0x8, 0x8e,
    0xe5, 0xf5, 0x9f, 0x5, 0x0, 0x0, 0x0, 0x99,
    0xcc, 0x32, 0x35, 0xec, 0x66, 0x0, 0x0, 0x0,
    0x2b, 0x15, 0x0, 0x0, 0xb9, 0x83, 0x0, 0x0,
    0x0, 0x44, 0xbb, 0xea, 0xf0, 0xff, 0x63, 0x0,
    0x0, 0x3e, 0xf3, 0x5a, 0x9, 0x4, 0xf9, 0x3a,
    0x0, 0x0, 0x94, 0xb5, 0x0, 0x0, 0x5c, 0xff,
    0x12, 0x0, 0x0, 0x82, 0xe6, 0x42, 0x5a, 0xff,
    0xff, 0x0, 0x0, 0x0, 0xb, 0xb2, 0xf7, 0xc8,
    0x80, 0xcc, 0x0, 0x0, 0x0,

    /* U+1EAA "Ẫ" */
    0x0, 0x0, 0x0, 0x0, 0x0, 0x53, 0xac, 0xf,
    0x6f, 0x0, 0x0, 0x0, 0x0, 0x0, 0x80, 0x10,
    0xb3, 0x54, 0x0, 0x0, 0x0, 0x0, 0x0, 0x38,
    0x9a, 0x70, 0x0, 0x0, 0x0, 0x0, 0x0, 0x48,
    0x84, 0xc, 0x5c, 0x53, 0x0, 0x0, 0x0, 0x0,
    0x0, 0x63, 0xff, 0x12, 0x0, 0x0, 0x0, 0x0,
    0x0, 0x4, 0xdc, 0xff, 0x40, 0x0, 0x0, 0x0,
    0x0, 0x0, 0x5f, 0xda, 0xb7, 0x6e, 0x0, 0x0,
    0x0, 0x0, 0x3, 0xd9, 0x63, 0x8b, 0x9c, 0x0,
    0x0, 0x0, 0x0, 0x5b, 0xe3, 0x6, 0x61, 0xca,
    0x0, 0x0, 0x0, 0x2, 0xd6, 0x70, 0x0, 0x37,
    0xf5, 0x2, 0x0, 0x0, 0x56, 0xec, 0xa, 0x0,
    0xd, 0xff, 0x25, 0x0, 0x1, 0xff, 0xff, 0xf8,
    0xf8, 0xf8, 0xff, 0x62, 0x0, 0x52, 0xff, 0x39,
    0x28, 0x28, 0x28, 0xdf, 0x81, 0x0, 0xce, 0x8a,
    0x0, 0x0, 0x0, 0x0, 0x8f, 0xaf, 0x4d, 0xf8,
    0x18, 0x0, 0x0, 0x0, 0x0, 0x65, 0xdd,

    /* U+1EAB "ẫ" */
    0x0, 0x0, 0x0, 0x4c, 0xaf, 0x13, 0x6e, 0x0,
    0x0, 0x0, 0x7d, 0xf, 0xaf, 0x5d, 0x0, 0x0,
    0x0, 0x3d, 0xe1, 0xa2, 0x0, 0x0, 0x0, 0x4c,
    0xd4, 0x22, 0x93, 0x72, 0x0, 0x0, 0x1b, 0xc,
    0x0, 0x3, 0x1c, 0x0, 0x8, 0x8e, 0xe5, 0xf5,
    0x9f, 0x5, 0x0, 0x99, 0xcc, 0x32, 0x35, 0xec,
    0x66, 0x0, 0x2b, 0x15, 0x0, 0x0, 0xb9, 0x83,
    0x0, 0x44, 0xbb, 0xea, 0xf0, 0xff, 0x63, 0x3e,
    0xf3, 0x5a, 0x9, 0x4, 0xf9, 0x3a, 0x94, 0xb5,
    0x0, 0x0, 0x5c, 0xff, 0x12, 0x82, 0xe6, 0x42,
    0x5a, 0xff, 0xff, 0x0, 0xb, 0xb2, 0xf7, 0xc8,
    0x80, 0xcc, 0x0,

    /* U+1EAC "Ậ" */
    0x0, 0x0, 0x0, 0x0, 0x0, 0x0, 0x5e, 0x35,
    0x0, 0x0, 0x0, 0x0, 0x0, 0x0, 0x7e, 0xad,
    0xd1, 0x14, 0x0, 0x0, 0x0, 0x0, 0x1e, 0x71,
    0x3, 0x43, 0x44, 0x0, 0x0, 0x0, 0x0, 0x0,
    0x63, 0xff, 0x12, 0x0, 0x0, 0x0, 0x0, 0x0,
    0x4, 0xdc, 0xff, 0x40, 0x0, 0x0, 0x0, 0x0,
    0x0, 0x5f, 0xda, 0xb7, 0x6e, 0x0, 0x0, 0x0,
    0x0, 0x3, 0xd9, 0x63, 0x8b, 0x9c, 0x0, 0x0,
    0x0, 0x0, 0x5b, 0xe3, 0x6, 0x61, 0xca, 0x0,
    0x0, 0x0, 0x2, 0xd6, 0x70, 0x0, 0x37, 0xf5,
    0x2, 0x0, 0x0, 0x56, 0xec, 0xa, 0x0, 0xd,
    0xff, 0x25, 0x0, 0x1, 0xff, 0xff, 0xf8, 0xf8,
    0xf8, 0xff, 0x62, 0x0, 0x52, 0xff, 0x39, 0x28,
    0x28, 0x28, 0xdf, 0x81, 0x0, 0xce, 0x8a, 0x0,
    0x0, 0x0, 0x0, 0x8f, 0xaf, 0x4d, 0xf8, 0x18,
    0x0, 0x0, 0x0, 0x0, 0x65, 0xdd, 0x0, 0x0,
    0x0, 0x0, 0x0, 0x0, 0x0, 0x0, 0x0, 0x0,
    0x0, 0x0, 0x18, 0xe3, 0x1f, 0x0, 0x0, 0x0,
    0x0, 0x0, 0x0, 0x6, 0x72, 0x7, 0x0, 0x0,
    0x0,

    /* U+1EAD "ậ" */
    0x0, 0x0, 0x0, 0x1c, 0xd1, 0xa3, 0x0, 0x0,
    0x0, 0x18, 0xc6, 0x38, 0x9f, 0x5e, 0x0, 0x0,
    0x0, 0x0, 0x0, 0x0, 0x0, 0x0, 0x8, 0x8e,
    0xe5, 0xf5, 0x9f, 0x5, 0x0, 0x99, 0xcc, 0x32,
    0x35, 0xec, 0x66, 0x0, 0x2b, 0x15, 0x0, 0x0,
    0xb9, 0x83, 0x0, 0x44, 0xbb, 0xea, 0xf0, 0xff,
    0x63, 0x3e, 0xf3, 0x5a, 0x9, 0x4, 0xf9, 0x3a,
    0x94, 0xb5, 0x0, 0x0, 0x5c, 0xff, 0x12, 0x82,
    0xe6, 0x42, 0x5a, 0xff, 0xff, 0x0, 0xb, 0xb2,
    0xf7, 0xc8, 0x80, 0xcc, 0x0, 0x0, 0x0, 0x0,
    0x0, 0x0, 0x0, 0x0, 0x0, 0x48, 0xd4, 0x0,
    0x0, 0x0, 0x0, 0x0, 0x1c, 0x63, 0x0, 0x0,
    0x0, 0x0,

    /* U+1EAE "Ắ" */
    0x0, 0x0, 0x0, 0x0, 0x0, 0x0, 0x0, 0x65,
    0x23, 0x0, 0x0, 0x0, 0x0, 0x0, 0x0, 0x48,
    0x99, 0x0, 0x0, 0x0, 0x0, 0x0, 0x16, 0x72,
    0x0, 0x38, 0x5b, 0x0, 0x0, 0x0, 0x0, 0x2,
    0x86, 0xb5, 0xb1, 0x32, 0x0, 0x0, 0x0, 0x0,
    0x0, 0x63, 0xff, 0x12, 0x0, 0x0, 0x0, 0x0,
    0x0, 0x4, 0xdc, 0xff, 0x40, 0x0, 0x0, 0x0,
    0x0, 0x0, 0x5f, 0xda, 0xb7, 0x6e, 0x0, 0x0,
    0x0, 0x0, 0x3, 0xd9, 0x63, 0x8b, 0x9c, 0x0,
    0x0, 0x0, 0x0, 0x5b, 0xe3, 0x6, 0x61, 0xca,
    0x0, 0x0, 0x0, 0x2, 0xd6, 0x70, 0x0, 0x37,
    0xf5, 0x2, 0x0, 0x0, 0x56, 0xec, 0xa, 0x0,
    0xd, 0xff, 0x25, 0x0, 0x1, 0xff, 0xff, 0xf8,
    0xf8, 0xf8, 0xff, 0x62, 0x0, 0x52, 0xff, 0x39,
    0x28, 0x28, 0x28, 0xdf, 0x81, 0x0, 0xce, 0x8a,
    0x0, 0x0, 0x0, 0x0, 0x8f, 0xaf, 0x4d, 0xf8,
    0x18, 0x0, 0x0, 0x0, 0x0, 0x65, 0xdd,

    /* U+1EAF "ắ" */
    0x0, 0x0, 0x0, 0x0, 0x2a, 0xac, 0x1b, 0x0,
    0x0, 0x1a, 0xe2, 0x3, 0x67, 0xb3, 0x0, 0x0,
    0x0, 0x61, 0xb1, 0xa8, 0x1e, 0x0, 0x0, 0x0,
    0x0, 0x0, 0x0, 0x0, 0x0, 0x8, 0x8e, 0xe5,
    0xf5, 0x9f, 0x5, 0x0, 0x99, 0xcc, 0x32, 0x35,
    0xec, 0x66, 0x0, 0x2b, 0x15, 0x0, 0x0, 0xb9,
    0x83, 0x0, 0x44, 0xbb, 0xea, 0xf0, 0xff, 0x63,
    0x3e, 0xf3, 0x5a, 0x9, 0x4, 0xf9, 0x3a, 0x94,
    0xb5, 0x0, 0x0, 0x5c, 0xff, 0x12, 0x82, 0xe6,
    0x42, 0x5a, 0xff, 0xff, 0x0, 0xb, 0xb2, 0xf7,
    0xc8, 0x80, 0xcc, 0x0,

    /* U+1EB0 "Ằ" */
    0x0, 0x0, 0x0, 0x0, 0x0, 0x4, 0x18, 0x0,
    0x0, 0x0, 0x0, 0x0, 0x0, 0x0, 0x2, 0xbe,
    0x7, 0x0, 0x0, 0x0, 0x0, 0x0, 0x18, 0x84,
    0x1f, 0x50, 0x68, 0x0, 0x0, 0x0, 0x0, 0x1,
    0x81, 0xb6, 0xae, 0x2c, 0x0, 0x0, 0x0, 0x0,
    0x0, 0x63, 0xff, 0x12, 0x0, 0x0, 0x0, 0x0,
    0x0, 0x4, 0xdc, 0xff, 0x40, 0x0, 0x0, 0x0,
    0x0, 0x0, 0x5f, 0xda, 0xb7, 0x6e, 0x0, 0x0,
    0x0, 0x0, 0x3, 0xd9, 0x63, 0x8b, 0x9c, 0x0,
    0x0, 0x0, 0x0, 0x5b, 0xe3, 0x6, 0x61, 0xca,
    0x0, 0x0, 0x0, 0x2, 0xd6, 0x70, 0x0, 0x37,
    0xf5, 0x2, 0x0, 0x0, 0x56, 0xec, 0xa, 0x0,
    0xd, 0xff, 0x25, 0x0, 0x1, 0xff, 0xff, 0xf8,
    0xf8, 0xf8, 0xff, 0x62, 0x0, 0x52, 0xff, 0x39,
    0x28, 0x28, 0x28, 0xdf, 0x81, 0x0, 0xce, 0x8a,
    0x0, 0x0, 0x0, 0x0, 0x8f, 0xaf, 0x4d, 0xf8,
    0x18, 0x0, 0x0, 0x0, 0x0, 0x65, 0xdd,

    /* U+1EB1 "ằ" */
    0x0, 0x0, 0x0, 0x3, 0x19, 0x0, 0x0, 0x0,
    0x0, 0x0, 0x0, 0xa5, 0x18, 0x0, 0x0, 0x0,
    0x1a, 0xe2, 0x3, 0x67, 0xb3, 0x0, 0x0, 0x0,
    0x61, 0xb1, 0xa8, 0x1e, 0x0, 0x0, 0x0, 0x0,
    0x0, 0x0, 0x0, 0x0, 0x8, 0x8e, 0xe5, 0xf5,
    0x9f, 0x5, 0x0, 0x99, 0xcc, 0x32, 0x35, 0xec,
    0x66, 0x0, 0x2b, 0x15, 0x0, 0x0, 0xb9, 0x83,
    0x0, 0x44, 0xbb, 0xea, 0xf0, 0xff, 0x63, 0x3e,
    0xf3, 0x5a, 0x9, 0x4, 0xf9, 0x3a, 0x94, 0xb5,
    0x0, 0x0, 0x5c, 0xff, 0x12, 0x82, 0xe6, 0x42,
    0x5a, 0xff, 0xff, 0x0, 0xb, 0xb2, 0xf7, 0xc8,
    0x80, 0xcc, 0x0,

    /* U+1EB2 "Ẳ" */
    0x0, 0x0, 0x0, 0x0, 0x0, 0x0, 0x38, 0x9b,
    0x1b, 0x0, 0x0, 0x0, 0x0, 0x0, 0x0, 0x0,
    0x94, 0x62, 0x0, 0x0, 0x0, 0x0, 0x0, 0x0,
    0x7d, 0x8a, 0x4, 0x0, 0x0, 0x0, 0x0, 0x17,
    0xc7, 0x1, 0x6c, 0x85, 0x0, 0x0, 0x0, 0x0,
    0x0, 0x68, 0xaf, 0x9d, 0x14, 0x0, 0x0, 0x0,
    0x0, 0x0, 0x63, 0xff, 0x12, 0x0, 0x0, 0x0,
    0x0, 0x0, 0x4, 0xdc, 0xff, 0x40, 0x0, 0x0,
    0x0, 0x0, 0x0, 0x5f, 0xda, 0xb7, 0x6e, 0x0,
    0x0, 0x0, 0x0, 0x3, 0xd9, 0x63, 0x8b, 0x9c,
    0x0, 0x0, 0x0, 0x0, 0x5b, 0xe3, 0x6, 0x61,
    0xca, 0x0, 0x0, 0x0, 0x2, 0xd6, 0x70, 0x0,
    0x37, 0xf5, 0x2, 0x0, 0x0, 0x56, 0xec, 0xa,
    0x0, 0xd, 0xff, 0x25, 0x0, 0x1, 0xff, 0xff,
    0xf8, 0xf8, 0xf8, 0xff, 0x62, 0x0, 0x52, 0xff,
    0x39, 0x28, 0x28, 0x28, 0xdf, 0x81, 0x0, 0xce,
    0x8a, 0x0, 0x0, 0x0, 0x0, 0x8f, 0xaf, 0x4d,
    0xf8, 0x18, 0x0, 0x0, 0x0, 0x0, 0x65, 0xdd,

    /* U+1EB3 "ẳ" */
    0x0, 0x0, 0x0, 0x0, 0x32, 0x9f, 0x36, 0x0,
    0x0, 0x0, 0x0, 0x74, 0xb2, 0x27, 0x0, 0x0,
    0xf, 0xe2, 0x3, 0x70, 0x98, 0x0, 0x0, 0x0,
    0x5e, 0xab, 0x9e, 0x13, 0x0, 0x0, 0x0, 0x0,
    0x0, 0x0, 0x0, 0x0, 0x8, 0x8e, 0xe5, 0xf5,
    0x9f, 0x5, 0x0, 0x99, 0xcc, 0x32, 0x35, 0xec,
    0x66, 0x0, 0x2b, 0x15, 0x0, 0x0, 0xb9, 0x83,
    0x0, 0x44, 0xbb, 0xea, 0xf0, 0xff, 0x63, 0x3e,
    0xf3, 0x5a, 0x9, 0x4, 0xf9, 0x3a, 0x94, 0xb5,
    0x0, 0x0, 0x5c, 0xff, 0x12, 0x82, 0xe6, 0x42,
    0x5a, 0xff, 0xff, 0x0, 0xb, 0xb2, 0xf7, 0xc8,
    0x80, 0xcc, 0x0,

    /* U+1EB4 "Ẵ" */
    0x0, 0x0, 0x0, 0x0, 0x0, 0x55, 0xbf, 0x1e,
    0x89, 0x0, 0x0, 0x0, 0x0, 0x0, 0x91, 0x10,
    0xb3, 0x79, 0x0, 0x0, 0x0, 0x0, 0xf, 0x89,
    0x0, 0x43, 0x61, 0x0, 0x0, 0x0, 0x0, 0x0,
    0x7b, 0xb7, 0xaf, 0x28, 0x0, 0x0, 0x0, 0x0,
    0x0, 0x63, 0xff, 0x12, 0x0, 0x0, 0x0, 0x0,
    0x0, 0x4, 0xdc, 0xff, 0x40, 0x0, 0x0, 0x0,
    0x0, 0x0, 0x5f, 0xda, 0xb7, 0x6e, 0x0, 0x0,
    0x0, 0x0, 0x3, 0xd9, 0x63, 0x8b, 0x9c, 0x0,
    0x0, 0x0, 0x0, 0x5b, 0xe3, 0x6, 0x61, 0xca,
    0x0, 0x0, 0x0, 0x2, 0xd6, 0x70, 0x0, 0x37,
    0xf5, 0x2, 0x0, 0x0, 0x56, 0xec, 0xa, 0x0,
    0xd, 0xff, 0x25, 0x0, 0x1, 0xff, 0xff, 0xf8,
    0xf8, 0xf8, 0xff, 0x62, 0x0, 0x52, 0xff, 0x39,
    0x28, 0x28, 0x28, 0xdf, 0x81, 0x0, 0xce, 0x8a,
    0x0, 0x0, 0x0, 0x0, 0x8f, 0xaf, 0x4d, 0xf8,
    0x18, 0x0, 0x0, 0x0, 0x0, 0x65, 0xdd,

    /* U+1EB5 "ẵ" */
    0x0, 0x0, 0x0, 0x4f, 0xc9, 0x22, 0x8b, 0x1,
    0x0, 0x0, 0x0, 0x8d, 0x10, 0xb0, 0x82, 0x0,
    0x0, 0x0, 0xc, 0xe9, 0x5, 0x69, 0xa8, 0x0,
    0x0, 0x0, 0x0, 0x5a, 0xb1, 0xa4, 0x18, 0x0,
    0x0, 0x0, 0x0, 0x0, 0x0, 0x0, 0x0, 0x0,
    0x0, 0x8, 0x8e, 0xe5, 0xf5, 0x9f, 0x5, 0x0,
    0x0, 0x99, 0xcc, 0x32, 0x35, 0xec, 0x66, 0x0,
    0x0, 0x2b, 0x15, 0x0, 0x0, 0xb9, 0x83, 0x0,
    0x0, 0x44, 0xbb, 0xea, 0xf0, 0xff, 0x63, 0x0,
    0x3e, 0xf3, 0x5a, 0x9, 0x4, 0xf9, 0x3a, 0x0,
    0x94, 0xb5, 0x0, 0x0, 0x5c, 0xff, 0x12, 0x0,
    0x82, 0xe6, 0x42, 0x5a, 0xff, 0xff, 0x0, 0x0,
    0xb, 0xb2, 0xf7, 0xc8, 0x80, 0xcc, 0x0, 0x0,

    /* U+1EB6 "Ặ" */
    0x0, 0x0, 0x0, 0x0, 0xe, 0xf3, 0x9, 0x6d,
    0xa8, 0x0, 0x0, 0x0, 0x0, 0x0, 0x71, 0xd6,
    0xb7, 0x1e, 0x0, 0x0, 0x0, 0x0, 0x0, 0x63,
    0xff, 0x12, 0x0, 0x0, 0x0, 0x0, 0x0, 0x4,
    0xdc, 0xff, 0x40, 0x0, 0x0, 0x0, 0x0, 0x0,
    0x5f, 0xda, 0xb7, 0x6e, 0x0, 0x0, 0x0, 0x0,
    0x3, 0xd9, 0x63, 0x8b, 0x9c, 0x0, 0x0, 0x0,
    0x0, 0x5b, 0xe3, 0x6, 0x61, 0xca, 0x0, 0x0,
    0x0, 0x2, 0xd6, 0x70, 0x0, 0x37, 0xf5, 0x2,
    0x0, 0x0, 0x56, 0xec, 0xa, 0x0, 0xd, 0xff,
    0x25, 0x0, 0x1, 0xff, 0xff, 0xf8, 0xf8, 0xf8,
    0xff, 0x62, 0x0, 0x52, 0xff, 0x39, 0x28, 0x28,
    0x28, 0xdf, 0x81, 0x0, 0xce, 0x8a, 0x0, 0x0,
    0x0, 0x0, 0x8f, 0xaf, 0x4d, 0xf8, 0x18, 0x0,
    0x0, 0x0, 0x0, 0x65, 0xdd, 0x0, 0x0, 0x0,
    0x0, 0x0, 0x0, 0x0, 0x0, 0x0, 0x0, 0x0,
    0x0, 0x18, 0xe3, 0x1f, 0x0, 0x0, 0x0, 0x0,
    0x0, 0x0, 0x6, 0x72, 0x7, 0x0, 0x0, 0x0,

    /* U+1EB7 "ặ" */
    0x0, 0x0, 0x8, 0xf6, 0x10, 0x65, 0xb1, 0x0,
    0x0, 0x0, 0x6b, 0xd6, 0xbd, 0x24, 0x0, 0x0,
    0x0, 0x0, 0x0, 0x0, 0x0, 0x0, 0x8, 0x8e,
    0xe5, 0xf5, 0x9f, 0x5, 0x0, 0x99, 0xcc, 0x32,
    0x35, 0xec, 0x66, 0x0, 0x2b, 0x15, 0x0, 0x0,
    0xb9, 0x83, 0x0, 0x44, 0xbb, 0xea, 0xf0, 0xff,
    0x63, 0x3e, 0xf3, 0x5a, 0x9, 0x4, 0xf9, 0x3a,
    0x94, 0xb5, 0x0, 0x0, 0x5c, 0xff, 0x12, 0x82,
    0xe6, 0x42, 0x5a, 0xff, 0xff, 0x0, 0xb, 0xb2,
    0xf7, 0xc8, 0x80, 0xcc, 0x0, 0x0, 0x0, 0x0,
    0x0, 0x0, 0x0, 0x0, 0x0, 0x48, 0xd4, 0x0,
    0x0, 0x0, 0x0, 0x0, 0x1c, 0x63, 0x0, 0x0,
    0x0, 0x0,

    /* U+1EB8 "Ẹ" */
    0x0, 0x0, 0xf0, 0xff, 0xff, 0xff, 0xff, 0xff,
    0x1e, 0x0, 0x19, 0xff, 0x53, 0x24, 0x24, 0x24,
    0x24, 0x0, 0x0, 0x41, 0xfe, 0x9, 0x0, 0x0,
    0x0, 0x0, 0x0, 0x0, 0x6a, 0xdf, 0x0, 0x0,
    0x0, 0x0, 0x0, 0x0, 0x0, 0x92, 0xb7, 0x0,
    0x0, 0x0, 0x0, 0x0, 0x0, 0x0, 0xba, 0xff,
    0xf8, 0xf8, 0xf8, 0xc0, 0x0, 0x0, 0x0, 0xe3,
    0x85, 0x28, 0x28, 0x28, 0x1b, 0x0, 0x0, 0xb,
    0xfe, 0x3f, 0x0, 0x0, 0x0, 0x0, 0x0, 0x0,
    0x33, 0xff, 0x17, 0x0, 0x0, 0x0, 0x0, 0x0,
    0x0, 0x5c, 0xfd, 0x24, 0x24, 0x24, 0x24, 0x1a,
    0x0, 0x0, 0x84, 0xff, 0xff, 0xff, 0xff, 0xff,
    0xa1, 0x0, 0x0, 0x0, 0x0, 0x0, 0x0, 0x0,
    0x0, 0x0, 0x0, 0x0, 0x0, 0x0, 0x79, 0xa2,
    0x0, 0x0, 0x0, 0x0, 0x0, 0x0, 0x0, 0x37,
    0x49, 0x0, 0x0, 0x0, 0x0, 0x0,

    /* U+1EB9 "ẹ" */
    0x0, 0x0, 0x6c, 0xe4, 0xf5, 0x95, 0x2, 0x0,
    0x78, 0xe0, 0x3c, 0x2e, 0xdf, 0x60, 0x13, 0xf5,
    0x3c, 0x0, 0x0, 0x86, 0xa2, 0x52, 0xff, 0xf0,
    0xf0, 0xf0, 0xf8, 0xa7, 0x73, 0xdb, 0x20, 0x20,
    0x20, 0x20, 0x13, 0x63, 0xe0, 0x0, 0x0, 0x0,
    0xd, 0x0, 0x14, 0xf6, 0x80, 0x23, 0x6b, 0xe1,
    0x9, 0x0, 0x41, 0xdb, 0xf5, 0xc2, 0x37, 0x0,
    0x0, 0x0, 0x0, 0x0, 0x0, 0x0, 0x0, 0x0,
    0x0, 0xbf, 0x5e, 0x0, 0x0, 0x0, 0x0, 0x0,
    0x5c, 0x24, 0x0, 0x0, 0x0,

    /* U+1EBA "Ẻ" */
    0x0, 0x0, 0x0, 0x0, 0x0, 0xad, 0x78, 0x0,
    0x0, 0x0, 0x0, 0x0, 0x0, 0x0, 0x24, 0xed,
    0x0, 0x0, 0x0, 0x0, 0x0, 0x0, 0x17, 0xec,
    0x40, 0x0, 0x0, 0x0, 0x0, 0x0, 0x0, 0x3,
    0x12, 0x0, 0x0, 0x0, 0x0, 0x0, 0xf0, 0xff,
    0xff, 0xff, 0xff, 0xff, 0x1e, 0x0, 0x19, 0xff,
    0x53, 0x24, 0x24, 0x24, 0x24, 0x0, 0x0, 0x41,
    0xfe, 0x9, 0x0, 0x0, 0x0, 0x0, 0x0, 0x0,
    0x6a, 0xdf, 0x0, 0x0, 0x0, 0x0, 0x0, 0x0,
    0x0, 0x92, 0xb7, 0x0, 0x0, 0x0, 0x0, 0x0,
    0x0, 0x0, 0xba, 0xff, 0xf8, 0xf8, 0xf8, 0xc0,
    0x0, 0x0, 0x0, 0xe3, 0x85, 0x28, 0x28, 0x28,
    0x1b, 0x0, 0x0, 0xb, 0xfe, 0x3f, 0x0, 0x0,
    0x0, 0x0, 0x0, 0x0, 0x33, 0xff, 0x17, 0x0,
    0x0, 0x0, 0x0, 0x0, 0x0, 0x5c, 0xfd, 0x24,
    0x24, 0x24, 0x24, 0x1a, 0x0, 0x0, 0x84, 0xff,
    0xff, 0xff, 0xff, 0xff, 0xa1, 0x0, 0x0,

    /* U+1EBB "ẻ" */
    0x0, 0x0, 0x0, 0x0, 0x89, 0x9a, 0x4, 0x0,
    0x0, 0x0, 0x0, 0x23, 0xe2, 0x1d, 0x0, 0x0,
    0x0, 0x0, 0xdc, 0x3f, 0x0, 0x0, 0x0, 0x0,
    0x0, 0x0, 0x0, 0x0, 0x0, 0x0, 0x6c, 0xe4,
    0xf5, 0x95, 0x2, 0x0, 0x78, 0xe0, 0x3c, 0x2e,
    0xdf, 0x60, 0x13, 0xf5, 0x3c, 0x0, 0x0, 0x86,
    0xa2, 0x52, 0xff, 0xf0, 0xf0, 0xf0, 0xf8, 0xa7,
    0x73, 0xdb, 0x20, 0x20, 0x20, 0x20, 0x13, 0x63,
    0xe0, 0x0, 0x0, 0x0, 0xd, 0x0, 0x14, 0xf6,
    0x80, 0x23, 0x6b, 0xe1, 0x9, 0x0, 0x41, 0xdb,
    0xf5, 0xc2, 0x37, 0x0,

    /* U+1EBC "Ẽ" */
    0x0, 0x0, 0x0, 0x0, 0x0, 0x0, 0x0, 0x0,
    0x0, 0x0, 0x0, 0x0, 0x95, 0xe5, 0xec, 0xed,
    0x92, 0x0, 0x0, 0x0, 0x1, 0x1c, 0x1c, 0x1c,
    0x11, 0x0, 0x0, 0x0, 0x0, 0xf0, 0xff, 0xff,
    0xff, 0xff, 0xff, 0x1e, 0x0, 0x19, 0xff, 0x53,
    0x24, 0x24, 0x24, 0x24, 0x0, 0x0, 0x41, 0xfe,
    0x9, 0x0, 0x0, 0x0, 0x0, 0x0, 0x0, 0x6a,
    0xdf, 0x0, 0x0, 0x0, 0x0, 0x0, 0x0, 0x0,
    0x92, 0xb7, 0x0, 0x0, 0x0, 0x0, 0x0, 0x0,
    0x0, 0xba, 0xff, 0xf8, 0xf8, 0xf8, 0xc0, 0x0,
    0x0, 0x0, 0xe3, 0x85, 0x28, 0x28, 0x28, 0x1b,
    0x0, 0x0, 0xb, 0xfe, 0x3f, 0x0, 0x0, 0x0,
    0x0, 0x0, 0x0, 0x33, 0xff, 0x17, 0x0, 0x0,
    0x0, 0x0, 0x0, 0x0, 0x5c, 0xfd, 0x24, 0x24,
    0x24, 0x24, 0x1a, 0x0, 0x0, 0x84, 0xff, 0xff,
    0xff, 0xff, 0xff, 0xa1, 0x0, 0x0,

    /* U+1EBD "ẽ" */
    0x0, 0x0, 0x0, 0x0, 0x0, 0x0, 0xb, 0x0,
    0x0, 0x0, 0x43, 0xee, 0x80, 0xf, 0xdd, 0x1,
    0x0, 0x0, 0xbf, 0x41, 0x7e, 0xf9, 0x7b, 0x0,
    0x0, 0x0, 0x17, 0x0, 0x0, 0xc, 0x0, 0x0,
    0x0, 0x0, 0x6c, 0xe4, 0xf5, 0x95, 0x2, 0x0,
    0x0, 0x78, 0xe0, 0x3c, 0x2e, 0xdf, 0x60, 0x0,
    0x13, 0xf5, 0x3c, 0x0, 0x0, 0x86, 0xa2, 0x0,
    0x52, 0xff, 0xf0, 0xf0, 0xf0, 0xf8, 0xa7, 0x0,
    0x73, 0xdb, 0x20, 0x20, 0x20, 0x20, 0x13, 0x0,
    0x63, 0xe0, 0x0, 0x0, 0x0, 0xd, 0x0, 0x0,
    0x14, 0xf6, 0x80, 0x23, 0x6b, 0xe1, 0x9, 0x0,
    0x0, 0x41, 0xdb, 0xf5, 0xc2, 0x37, 0x0, 0x0,

    /* U+1EBE "Ế" */
    0x0, 0x0, 0x0, 0x0, 0x0, 0x0, 0x0, 0x0,
    0x48, 0x67, 0x0, 0x0, 0x0, 0x0, 0x0, 0x0,
    0x0, 0x0, 0x17, 0xe7, 0x38, 0x0, 0x0, 0x0,
    0x0, 0x15, 0xab, 0xcf, 0x89, 0x3f, 0x4a, 0x0,
    0x0, 0x0, 0x0, 0x5, 0x6a, 0x45, 0x1, 0x69,
    0x2d, 0x0, 0x0, 0x0, 0x0, 0x0, 0xf0, 0xff,
    0xff, 0xff, 0xff, 0xff, 0x1e, 0x0, 0x0, 0x0,
    0x19, 0xff, 0x53, 0x24, 0x24, 0x24, 0x24, 0x0,
    0x0, 0x0, 0x0, 0x41, 0xfe, 0x9, 0x0, 0x0,
    0x0, 0x0, 0x0, 0x0, 0x0, 0x0, 0x6a, 0xdf,
    0x0, 0x0, 0x0, 0x0, 0x0, 0x0, 0x0, 0x0,
    0x0, 0x92, 0xb7, 0x0, 0x0, 0x0, 0x0, 0x0,
    0x0, 0x0, 0x0, 0x0, 0xba, 0xff, 0xf8, 0xf8,
    0xf8, 0xc0, 0x0, 0x0, 0x0, 0x0, 0x0, 0xe3,
    0x85, 0x28, 0x28, 0x28, 0x1b, 0x0, 0x0, 0x0,
    0x0, 0xb, 0xfe, 0x3f, 0x0, 0x0, 0x0, 0x0,
    0x0, 0x0, 0x0, 0x0, 0x33, 0xff, 0x17, 0x0,
    0x0, 0x0, 0x0, 0x0, 0x0, 0x0, 0x0, 0x5c,
    0xfd, 0x24, 0x24, 0x24, 0x24, 0x1a, 0x0, 0x0,
    0x0, 0x0, 0x84, 0xff, 0xff, 0xff, 0xff, 0xff,
    0xa1, 0x0, 0x0, 0x0, 0x0,

    /* U+1EBF "ế" */
    0x0, 0x0, 0x0, 0x0, 0x0, 0x0, 0x0, 0x2e,
    0x7a, 0x6, 0x0, 0x0, 0x0, 0x0, 0x0, 0x0,
    0x2, 0xcb, 0x6d, 0x0, 0x0, 0x0, 0x0, 0x6a,
    0xf1, 0x99, 0x2e, 0x82, 0x0, 0x0, 0x0, 0x0,
    0x80, 0xc5, 0x18, 0xb8, 0x65, 0x0, 0x0, 0x0,
    0x0, 0x0, 0x0, 0x0, 0x0, 0x0, 0x0, 0x0,
    0x0, 0x0, 0x0, 0x0, 0x6c, 0xe4, 0xf5, 0x95,
    0x2, 0x0, 0x0, 0x0, 0x0, 0x78, 0xe0, 0x3c,
    0x2e, 0xdf, 0x60, 0x0, 0x0, 0x0, 0x13, 0xf5,
    0x3c, 0x0, 0x0, 0x86, 0xa2, 0x0, 0x0, 0x0,
    0x52, 0xff, 0xf0, 0xf0, 0xf0, 0xf8, 0xa7, 0x0,
    0x0, 0x0, 0x73, 0xdb, 0x20, 0x20, 0x20, 0x20,
    0x13, 0x0, 0x0, 0x0, 0x63, 0xe0, 0x0, 0x0,
    0x0, 0xd, 0x0, 0x0, 0x0, 0x0, 0x14, 0xf6,
    0x80, 0x23, 0x6b, 0xe1, 0x9, 0x0, 0x0, 0x0,
    0x0, 0x41, 0xdb, 0xf5, 0xc2, 0x37, 0x0, 0x0,
    0x0, 0x0,

    /* U+1EC0 "Ề" */
    0x0, 0x29, 0xd0, 0x5, 0x0, 0x0, 0x0, 0x0,
    0x0, 0x0, 0x0, 0xab, 0x48, 0x3d, 0x9b, 0x26,
    0x0, 0x0, 0x0, 0x0, 0x0, 0x60, 0xda, 0x67,
    0xd7, 0x15, 0x0, 0x0, 0x0, 0x7, 0x43, 0x15,
    0x0, 0x2f, 0x21, 0x0, 0x0, 0x0, 0xf0, 0xff,
    0xff, 0xff, 0xff, 0xff, 0x1e, 0x0, 0x19, 0xff,
    0x53, 0x24, 0x24, 0x24, 0x24, 0x0, 0x0, 0x41,
    0xfe, 0x9, 0x0, 0x0, 0x0, 0x0, 0x0, 0x0,
    0x6a, 0xdf, 0x0, 0x0, 0x0, 0x0, 0x0, 0x0,
    0x0, 0x92, 0xb7, 0x0, 0x0, 0x0, 0x0, 0x0,
    0x0, 0x0, 0xba, 0xff, 0xf8, 0xf8, 0xf8, 0xc0,
    0x0, 0x0, 0x0, 0xe3, 0x85, 0x28, 0x28, 0x28,
    0x1b, 0x0, 0x0, 0xb, 0xfe, 0x3f, 0x0, 0x0,
    0x0, 0x0, 0x0, 0x0, 0x33, 0xff, 0x17, 0x0,
    0x0, 0x0, 0x0, 0x0, 0x0, 0x5c, 0xfd, 0x24,
    0x24, 0x24, 0x24, 0x1a, 0x0, 0x0, 0x84, 0xff,
    0xff, 0xff, 0xff, 0xff, 0xa1, 0x0, 0x0,

    /* U+1EC1 "ề" */
    0xd, 0xe9, 0x2e, 0x0, 0x0, 0x0, 0x0, 0x0,
    0x63, 0x6e, 0x64, 0xfd, 0x8e, 0x0, 0x0, 0x0,
    0x75, 0xde, 0x42, 0xd7, 0x55, 0x0, 0x0, 0x13,
    0x7, 0x0, 0x8, 0xf, 0x0, 0x0, 0x6c, 0xe4,
    0xf5, 0x95, 0x2, 0x0, 0x78, 0xe0, 0x3c, 0x2e,
    0xdf, 0x60, 0x13, 0xf5, 0x3c, 0x0, 0x0, 0x86,
    0xa2, 0x52, 0xff, 0xf0, 0xf0, 0xf0, 0xf8, 0xa7,
    0x73, 0xdb, 0x20, 0x20, 0x20, 0x20, 0x13, 0x63,
    0xe0, 0x0, 0x0, 0x0, 0xd, 0x0, 0x14, 0xf6,
    0x80, 0x23, 0x6b, 0xe1, 0x9, 0x0, 0x41, 0xdb,
    0xf5, 0xc2, 0x37, 0x0,

    /* U+1EC2 "Ể" */
    0x0, 0x0, 0x0, 0x0, 0x0, 0x0, 0x0, 0x42,
    0x50, 0x0, 0x0, 0x0, 0x0, 0x0, 0x0, 0x0,
    0x0, 0x14, 0xd9, 0x12, 0x0, 0x0, 0x0, 0xf,
    0xa5, 0xbf, 0x7e, 0xac, 0x6b, 0x0, 0x0, 0x0,
    0x6, 0x7c, 0x48, 0x1, 0x77, 0x2f, 0x0, 0x0,
    0x0, 0x0, 0xf0, 0xff, 0xff, 0xff, 0xff, 0xff,
    0x1e, 0x0, 0x0, 0x19, 0xff, 0x53, 0x24, 0x24,
    0x24, 0x24, 0x0, 0x0, 0x0, 0x41, 0xfe, 0x9,
    0x0, 0x0, 0x0, 0x0, 0x0, 0x0, 0x0, 0x6a,
    0xdf, 0x0, 0x0, 0x0, 0x0, 0x0, 0x0, 0x0,
    0x0, 0x92, 0xb7, 0x0, 0x0, 0x0, 0x0, 0x0,
    0x0, 0x0, 0x0, 0xba, 0xff, 0xf8, 0xf8, 0xf8,
    0xc0, 0x0, 0x0, 0x0, 0x0, 0xe3, 0x85, 0x28,
    0x28, 0x28, 0x1b, 0x0, 0x0, 0x0, 0xb, 0xfe,
    0x3f, 0x0, 0x0, 0x0, 0x0, 0x0, 0x0, 0x0,
    0x33, 0xff, 0x17, 0x0, 0x0, 0x0, 0x0, 0x0,
    0x0, 0x0, 0x5c, 0xfd, 0x24, 0x24, 0x24, 0x24,
    0x1a, 0x0, 0x0, 0x0, 0x84, 0xff, 0xff, 0xff,
    0xff, 0xff, 0xa1, 0x0, 0x0, 0x0,

    /* U+1EC3 "ể" */
    0x0, 0x0, 0x0, 0x0, 0x0, 0x0, 0x2a, 0x65,
    0x2, 0x0, 0x0, 0x0, 0x0, 0x0, 0x0, 0x9,
    0xb6, 0x40, 0x0, 0x0, 0x0, 0x7c, 0xdf, 0xa4,
    0x80, 0x95, 0x6, 0x0, 0x0, 0x83, 0xb6, 0x9,
    0xa9, 0x5f, 0x0, 0x0, 0x0, 0x1, 0x10, 0x3,
    0x0, 0x4, 0xc, 0x0, 0x0, 0x0, 0x0, 0x6c,
    0xe4, 0xf5, 0x95, 0x2, 0x0, 0x0, 0x0, 0x78,
    0xe0, 0x3c, 0x2e, 0xdf, 0x60, 0x0, 0x0, 0x13,
    0xf5, 0x3c, 0x0, 0x0, 0x86, 0xa2, 0x0, 0x0,
    0x52, 0xff, 0xf0, 0xf0, 0xf0, 0xf8, 0xa7, 0x0,
    0x0, 0x73, 0xdb, 0x20, 0x20, 0x20, 0x20, 0x13,
    0x0, 0x0, 0x63, 0xe0, 0x0, 0x0, 0x0, 0xd,
    0x0, 0x0, 0x0, 0x14, 0xf6, 0x80, 0x23, 0x6b,
    0xe1, 0x9, 0x0, 0x0, 0x0, 0x41, 0xdb, 0xf5,
    0xc2, 0x37, 0x0, 0x0, 0x0,

    /* U+1EC4 "Ễ" */
    0x0, 0x0, 0x0, 0x0, 0x97, 0x7b, 0x2b, 0x45,
    0x0, 0x0, 0x0, 0x0, 0x10, 0x72, 0x41, 0xbe,
    0x18, 0x0, 0x0, 0x0, 0x0, 0x4, 0x6f, 0xa0,
    0x3c, 0x0, 0x0, 0x0, 0x0, 0x7, 0x74, 0x4f,
    0x6, 0x7c, 0x21, 0x0, 0x0, 0x0, 0xf0, 0xff,
    0xff, 0xff, 0xff, 0xff, 0x1e, 0x0, 0x19, 0xff,
    0x53, 0x24, 0x24, 0x24, 0x24, 0x0, 0x0, 0x41,
    0xfe, 0x9, 0x0, 0x0, 0x0, 0x0, 0x0, 0x0,
    0x6a, 0xdf, 0x0, 0x0, 0x0, 0x0, 0x0, 0x0,
    0x0, 0x92, 0xb7, 0x0, 0x0, 0x0, 0x0, 0x0,
    0x0, 0x0, 0xba, 0xff, 0xf8, 0xf8, 0xf8, 0xc0,
    0x0, 0x0, 0x0, 0xe3, 0x85, 0x28, 0x28, 0x28,
    0x1b, 0x0, 0x0, 0xb, 0xfe, 0x3f, 0x0, 0x0,
    0x0, 0x0, 0x0, 0x0, 0x33, 0xff, 0x17, 0x0,
    0x0, 0x0, 0x0, 0x0, 0x0, 0x5c, 0xfd, 0x24,
    0x24, 0x24, 0x24, 0x1a, 0x0, 0x0, 0x84, 0xff,
    0xff, 0xff, 0xff, 0xff, 0xa1, 0x0, 0x0,

    /* U+1EC5 "ễ" */
    0x0, 0x0, 0x0, 0x71, 0x96, 0x11, 0x63, 0x0,
    0x0, 0x0, 0x80, 0x21, 0xbe, 0x39, 0x0, 0x0,
    0x0, 0x64, 0xed, 0x6f, 0x0, 0x0, 0x0, 0x75,
    0xc0, 0x13, 0xbb, 0x42, 0x0, 0x1, 0x1f, 0x6,
    0x0, 0x9, 0x16, 0x0, 0x0, 0x6c, 0xe4, 0xf5,
    0x95, 0x2, 0x0, 0x78, 0xe0, 0x3c, 0x2e, 0xdf,
    0x60, 0x13, 0xf5, 0x3c, 0x0, 0x0, 0x86, 0xa2,
    0x52, 0xff, 0xf0, 0xf0, 0xf0, 0xf8, 0xa7, 0x73,
    0xdb, 0x20, 0x20, 0x20, 0x20, 0x13, 0x63, 0xe0,
    0x0, 0x0, 0x0, 0xd, 0x0, 0x14, 0xf6, 0x80,
    0x23, 0x6b, 0xe1, 0x9, 0x0, 0x41, 0xdb, 0xf5,
    0xc2, 0x37, 0x0,

    /* U+1EC6 "Ệ" */
    0x0, 0x0, 0x0, 0x0, 0xd, 0x7a, 0xb, 0x0,
    0x0, 0x0, 0x0, 0x0, 0xc, 0xc0, 0x9f, 0xa0,
    0x0, 0x0, 0x0, 0x0, 0x0, 0x47, 0x48, 0x0,
    0x6e, 0x16, 0x0, 0x0, 0x0, 0xf0, 0xff, 0xff,
    0xff, 0xff, 0xff, 0x1e, 0x0, 0x19, 0xff, 0x53,
    0x24, 0x24, 0x24, 0x24, 0x0, 0x0, 0x41, 0xfe,
    0x9, 0x0, 0x0, 0x0, 0x0, 0x0, 0x0, 0x6a,
    0xdf, 0x0, 0x0, 0x0, 0x0, 0x0, 0x0, 0x0,
    0x92, 0xb7, 0x0, 0x0, 0x0, 0x0, 0x0, 0x0,
    0x0, 0xba, 0xff, 0xf8, 0xf8, 0xf8, 0xc0, 0x0,
    0x0, 0x0, 0xe3, 0x85, 0x28, 0x28, 0x28, 0x1b,
    0x0, 0x0, 0xb, 0xfe, 0x3f, 0x0, 0x0, 0x0,
    0x0, 0x0, 0x0, 0x33, 0xff, 0x17, 0x0, 0x0,
    0x0, 0x0, 0x0, 0x0, 0x5c, 0xfd, 0x24, 0x24,
    0x24, 0x24, 0x1a, 0x0, 0x0, 0x84, 0xff, 0xff,
    0xff, 0xff, 0xff, 0xa1, 0x0, 0x0, 0x0, 0x0,
    0x0, 0x0, 0x0, 0x0, 0x0, 0x0, 0x0, 0x0,
    0x0, 0x79, 0xa2, 0x0, 0x0, 0x0, 0x0, 0x0,
    0x0, 0x0, 0x37, 0x49, 0x0, 0x0, 0x0, 0x0,
    0x0,

    /* U+1EC7 "ệ" */
    0x0, 0x0, 0x0, 0x3a, 0xe8, 0x74, 0x0, 0x0,
    0x0, 0x34, 0xc8, 0x22, 0xc5, 0x34, 0x0, 0x0,
    0x0, 0x0, 0x0, 0x0, 0x0, 0x0, 0x0, 0x6c,
    0xe4, 0xf5, 0x95, 0x2, 0x0, 0x78, 0xe0, 0x3c,
    0x2e, 0xdf, 0x60, 0x13, 0xf5, 0x3c, 0x0, 0x0,
    0x86, 0xa2, 0x52, 0xff, 0xf0, 0xf0, 0xf0, 0xf8,
    0xa7, 0x73, 0xdb, 0x20, 0x20, 0x20, 0x20, 0x13,
    0x63, 0xe0, 0x0, 0x0, 0x0, 0xd, 0x0, 0x14,
    0xf6, 0x80, 0x23, 0x6b, 0xe1, 0x9, 0x0, 0x41,
    0xdb, 0xf5, 0xc2, 0x37, 0x0, 0x0, 0x0, 0x0,
    0x0, 0x0, 0x0, 0x0, 0x0, 0x0, 0xbf, 0x5e,
    0x0, 0x0, 0x0, 0x0, 0x0, 0x5c, 0x24, 0x0,
    0x0, 0x0,

    /* U+1EC8 "Ỉ" */
    0x0, 0x0, 0x1a, 0xc1, 0x49, 0x0, 0x0, 0x2,
    0x62, 0xb0, 0x0, 0x0, 0x57, 0xc9, 0x23, 0x0,
    0x0, 0x9, 0xc, 0x0, 0x0, 0x0, 0xd9, 0x6f,
    0x0, 0x0, 0x5, 0xfb, 0x47, 0x0, 0x0, 0x29,
    0xff, 0x1e, 0x0, 0x0, 0x52, 0xf5, 0x1, 0x0,
    0x0, 0x7a, 0xce, 0x0, 0x0, 0x0, 0xa2, 0xa5,
    0x0, 0x0, 0x0, 0xcb, 0x7d, 0x0, 0x0, 0x0,
    0xf2, 0x55, 0x0, 0x0, 0x1b, 0xff, 0x2c, 0x0,
    0x0, 0x44, 0xfc, 0x7, 0x0, 0x0, 0x6c, 0xdc,
    0x0, 0x0, 0x0,

    /* U+1EC9 "ỉ" */
    0x0, 0x0, 0x89, 0x9d, 0x4, 0x0, 0x0, 0x28,
    0xe0, 0x1c, 0x0, 0x0, 0xcc, 0x34, 0x0, 0x0,
    0x0, 0x0, 0x0, 0x0, 0x0, 0x79, 0xc2, 0x0,
    0x0, 0x0, 0xa2, 0x99, 0x0, 0x0, 0x0, 0xcb,
    0x6f, 0x0, 0x0, 0x0, 0xf3, 0x46, 0x0, 0x0,
    0x1d, 0xff, 0x1c, 0x0, 0x0, 0x46, 0xf2, 0x0,
    0x0, 0x0, 0x6f, 0xc9, 0x0, 0x0, 0x0, 0x98,
    0xa0, 0x0, 0x0, 0x0,

    /* U+1ECA "Ị" */
    0x0, 0x0, 0xd9, 0x6f, 0x0, 0x5, 0xfb, 0x47,
    0x0, 0x29, 0xff, 0x1e, 0x0, 0x52, 0xf5, 0x1,
    0x0, 0x7a, 0xce, 0x0, 0x0, 0xa2, 0xa5, 0x0,
    0x0, 0xcb, 0x7d, 0x0, 0x0, 0xf2, 0x55, 0x0,
    0x1b, 0xff, 0x2c, 0x0, 0x44, 0xfc, 0x7, 0x0,
    0x6c, 0xdc, 0x0, 0x0, 0x0, 0x0, 0x0, 0x0,
    0xb9, 0x62, 0x0, 0x0, 0x58, 0x28, 0x0, 0x0,

    /* U+1ECB "ị" */
    0x0, 0x0, 0xc, 0xe2, 0x2e, 0x0, 0x0, 0x1,
    0x70, 0xd, 0x0, 0x0, 0x0, 0x0, 0x0, 0x0,
    0x0, 0x79, 0xc2, 0x0, 0x0, 0x0, 0xa2, 0x99,
    0x0, 0x0, 0x0, 0xcb, 0x70, 0x0, 0x0, 0x0,
    0xf3, 0x47, 0x0, 0x0, 0x1d, 0xff, 0x1e, 0x0,
    0x0, 0x46, 0xf4, 0x1, 0x0, 0x0, 0x6f, 0xcc,
    0x0, 0x0, 0x0, 0x98, 0xa4, 0x0, 0x0, 0x0,
    0x0, 0x0, 0x0, 0x0, 0x7, 0xdf, 0x36, 0x0,
    0x0, 0x0, 0x6e, 0x12, 0x0, 0x0,

    /* U+1ECC "Ọ" */
    0x0, 0x0, 0x0, 0x5d, 0xd1, 0xf7, 0xd9, 0x53,
    0x0, 0x0, 0x0, 0x76, 0xf7, 0x70, 0x3c, 0x81,
    0xfc, 0x2c, 0x0, 0x1f, 0xf7, 0x4a, 0x0, 0x0,
    0x0, 0xc0, 0x84, 0x0, 0x93, 0xbc, 0x0, 0x0,
    0x0, 0x0, 0x86, 0xbc, 0x0, 0xd7, 0x6c, 0x0,
    0x0, 0x0, 0x0, 0x7e, 0xc0, 0xe, 0xff, 0x39,
    0x0, 0x0, 0x0, 0x0, 0x91, 0xb3, 0x1c, 0xff,
    0x24, 0x0, 0x0, 0x0, 0x0, 0xc4, 0x7c, 0x18,
    0xff, 0x2a, 0x0, 0x0, 0x0, 0x17, 0xf8, 0x37,
    0x0, 0xde, 0x65, 0x0, 0x0, 0x0, 0x9b, 0xbe,
    0x0, 0x0, 0x7e, 0xe9, 0x4c, 0x39, 0x9d, 0xf2,
    0x2d, 0x0, 0x0, 0x4, 0x8d, 0xed, 0xf3, 0xb6,
    0x2c, 0x0, 0x0, 0x0, 0x0, 0x0, 0x0, 0x0,
    0x0, 0x0, 0x0, 0x0, 0x0, 0x0, 0x4, 0xdc,
    0x3b, 0x0, 0x0, 0x0, 0x0, 0x0, 0x0, 0x0,
    0x6b, 0x14, 0x0, 0x0, 0x0, 0x0,

    /* U+1ECD "ọ" */
    0x0, 0x0, 0x76, 0xe2, 0xf7, 0xae, 0xb, 0x0,
    0x0, 0x78, 0xe7, 0x4d, 0x27, 0xc6, 0xa0, 0x0,
    0x13, 0xf6, 0x46, 0x0, 0x0, 0x44, 0xf7, 0x4,
    0x52, 0xe8, 0x0, 0x0, 0x0, 0x28, 0xff, 0x12,
    0x6f, 0xc6, 0x0, 0x0, 0x0, 0x49, 0xf1, 0x3,
    0x5c, 0xde, 0x0, 0x0, 0x0, 0xa7, 0xa9, 0x0,
    0xf, 0xf2, 0x7c, 0x2c, 0x84, 0xf4, 0x23, 0x0,
    0x0, 0x3d, 0xdb, 0xf8, 0xc5, 0x2d, 0x0, 0x0,
    0x0, 0x0, 0x0, 0x0, 0x0, 0x0, 0x0, 0x0,
    0x0, 0x0, 0xa5, 0x79, 0x0, 0x0, 0x0, 0x0,
    0x0, 0x0, 0x4e, 0x32, 0x0, 0x0, 0x0, 0x0,

    /* U+1ECE "Ỏ" */
    0x0, 0x0, 0x0, 0x0, 0x0, 0x3b, 0xb8, 0x28,
    0x0, 0x0, 0x0, 0x0, 0x0, 0x0, 0x0, 0x80,
    0x86, 0x0, 0x0, 0x0, 0x0, 0x0, 0x0, 0x7a,
    0xc2, 0x21, 0x0, 0x0, 0x0, 0x0, 0x0, 0x0,
    0x27, 0x19, 0x0, 0x0, 0x0, 0x0, 0x0, 0x5d,
    0xd1, 0xf7, 0xd9, 0x53, 0x0, 0x0, 0x0, 0x76,
    0xf7, 0x70, 0x3c, 0x81, 0xfc, 0x2c, 0x0, 0x1f,
    0xf7, 0x4a, 0x0, 0x0, 0x0, 0xc0, 0x84, 0x0,
    0x93, 0xbc, 0x0, 0x0, 0x0, 0x0, 0x86, 0xbc,
    0x0, 0xd7, 0x6c, 0x0, 0x0, 0x0, 0x0, 0x7e,
    0xc0, 0xe, 0xff, 0x39, 0x0, 0x0, 0x0, 0x0,
    0x91, 0xb3, 0x1c, 0xff, 0x24, 0x0, 0x0, 0x0,
    0x0, 0xc4, 0x7c, 0x18, 0xff, 0x2a, 0x0, 0x0,
    0x0, 0x17, 0xf8, 0x37, 0x0, 0xde, 0x65, 0x0,
    0x0, 0x0, 0x9b, 0xbe, 0x0, 0x0, 0x7e, 0xe9,
    0x4c, 0x39, 0x9d, 0xf2, 0x2d, 0x0, 0x0, 0x4,
    0x8d, 0xed, 0xf3, 0xb6, 0x2c, 0x0, 0x0,

    /* U+1ECF "ỏ" */
    0x0, 0x0, 0x0, 0x0, 0x7b, 0xa4, 0x9, 0x0,
    0x0, 0x0, 0x0, 0x0, 0x1e, 0xd6, 0x2c, 0x0,
    0x0, 0x0, 0x0, 0x0, 0xcc, 0x4e, 0x0, 0x0,
    0x0, 0x0, 0x0, 0x0, 0x0, 0x0, 0x0, 0x0,
    0x0, 0x0, 0x76, 0xe2, 0xf7, 0xae, 0xb, 0x0,
    0x0, 0x78, 0xe7, 0x4d, 0x27, 0xc6, 0xa0, 0x0,
    0x13, 0xf6, 0x46, 0x0, 0x0, 0x44, 0xf7, 0x4,
    0x52, 0xe8, 0x0, 0x0, 0x0, 0x28, 0xff, 0x12,
    0x6f, 0xc6, 0x0, 0x0, 0x0, 0x49, 0xf1, 0x3,
    0x5c, 0xde, 0x0, 0x0, 0x0, 0xa7, 0xa9, 0x0,
    0xf, 0xf2, 0x7c, 0x2c, 0x84, 0xf4, 0x23, 0x0,
    0x0, 0x3d, 0xdb, 0xf8, 0xc5, 0x2d, 0x0, 0x0,

    /* U+1ED0 "Ố" */
    0x0, 0x0, 0x0, 0x0, 0x0, 0x0, 0x0, 0x0,
    0x3, 0x79, 0x31, 0x0, 0x0, 0x0, 0x0, 0x0,
    0x5c, 0x63, 0x0, 0x73, 0xc0, 0x5, 0x0, 0x0,
    0x0, 0x1, 0x8c, 0xe9, 0xe5, 0x64, 0x73, 0x14,
    0x0, 0x0, 0x0, 0x0, 0x32, 0x7a, 0x14, 0x22,
    0x79, 0x6, 0x0, 0x0, 0x0, 0x0, 0x0, 0x5d,
    0xd1, 0xf7, 0xd9, 0x53, 0x0, 0x0, 0x0, 0x0,
    0x0, 0x76, 0xf7, 0x70, 0x3c, 0x81, 0xfc, 0x2c,
    0x0, 0x0, 0x0, 0x1f, 0xf7, 0x4a, 0x0, 0x0,
    0x0, 0xc0, 0x84, 0x0, 0x0, 0x0, 0x93, 0xbc,
    0x0, 0x0, 0x0, 0x0, 0x86, 0xbc, 0x0, 0x0,
    0x0, 0xd7, 0x6c, 0x0, 0x0, 0x0, 0x0, 0x7e,
    0xc0, 0x0, 0x0, 0xe, 0xff, 0x39, 0x0, 0x0,
    0x0, 0x0, 0x91, 0xb3, 0x0, 0x0, 0x1c, 0xff,
    0x24, 0x0, 0x0, 0x0, 0x0, 0xc4, 0x7c, 0x0,
    0x0, 0x18, 0xff, 0x2a, 0x0, 0x0, 0x0, 0x17,
    0xf8, 0x37, 0x0, 0x0, 0x0, 0xde, 0x65, 0x0,
    0x0, 0x0, 0x9b, 0xbe, 0x0, 0x0, 0x0, 0x0,
    0x7e, 0xe9, 0x4c, 0x39, 0x9d, 0xf2, 0x2d, 0x0,
    0x0, 0x0, 0x0, 0x4, 0x8d, 0xed, 0xf3, 0xb6,
    0x2c, 0x0, 0x0, 0x0, 0x0,

    /* U+1ED1 "ố" */
    0x0, 0x0, 0x0, 0x0, 0x0, 0x0, 0x0, 0x26,
    0x7d, 0xb, 0x0, 0x0, 0x0, 0x0, 0x0, 0x0,
    0x0, 0xbb, 0x7f, 0x0, 0x0, 0x0, 0x0, 0x5c,
    0xee, 0xa8, 0x22, 0x8c, 0x2, 0x0, 0x0, 0x0,
    0x6f, 0xcc, 0x1c, 0xa9, 0x74, 0x0, 0x0, 0x0,
    0x0, 0x0, 0x0, 0x0, 0x0, 0x0, 0x0, 0x0,
    0x0, 0x0, 0x0, 0x0, 0x76, 0xe2, 0xf7, 0xae,
    0xb, 0x0, 0x0, 0x0, 0x0, 0x78, 0xe7, 0x4d,
    0x27, 0xc6, 0xa0, 0x0, 0x0, 0x0, 0x13, 0xf6,
    0x46, 0x0, 0x0, 0x44, 0xf7, 0x4, 0x0, 0x0,
    0x52, 0xe8, 0x0, 0x0, 0x0, 0x28, 0xff, 0x12,
    0x0, 0x0, 0x6f, 0xc6, 0x0, 0x0, 0x0, 0x49,
    0xf1, 0x3, 0x0, 0x0, 0x5c, 0xde, 0x0, 0x0,
    0x0, 0xa7, 0xa9, 0x0, 0x0, 0x0, 0xf, 0xf2,
    0x7c, 0x2c, 0x84, 0xf4, 0x23, 0x0, 0x0, 0x0,
    0x0, 0x3d, 0xdb, 0xf8, 0xc5, 0x2d, 0x0, 0x0,
    0x0, 0x0,

    /* U+1ED2 "Ồ" */
    0x0, 0x0, 0x88, 0x78, 0x0, 0x0, 0x0, 0x0,
    0x0, 0x0, 0x0, 0x20, 0xd4, 0x2, 0x7d, 0x80,
    0x0, 0x0, 0x0, 0x0, 0x0, 0x7, 0xab, 0xa7,
    0xb4, 0x73, 0x0, 0x0, 0x0, 0x0, 0x31, 0x5f,
    0x2, 0x11, 0x64, 0x4, 0x0, 0x0, 0x0, 0x5d,
    0xd1, 0xf7, 0xd9, 0x53, 0x0, 0x0, 0x0, 0x76,
    0xf7, 0x70, 0x3c, 0x81, 0xfc, 0x2c, 0x0, 0x1f,
    0xf7, 0x4a, 0x0, 0x0, 0x0, 0xc0, 0x84, 0x0,
    0x93, 0xbc, 0x0, 0x0, 0x0, 0x0, 0x86, 0xbc,
    0x0, 0xd7, 0x6c, 0x0, 0x0, 0x0, 0x0, 0x7e,
    0xc0, 0xe, 0xff, 0x39, 0x0, 0x0, 0x0, 0x0,
    0x91, 0xb3, 0x1c, 0xff, 0x24, 0x0, 0x0, 0x0,
    0x0, 0xc4, 0x7c, 0x18, 0xff, 0x2a, 0x0, 0x0,
    0x0, 0x17, 0xf8, 0x37, 0x0, 0xde, 0x65, 0x0,
    0x0, 0x0, 0x9b, 0xbe, 0x0, 0x0, 0x7e, 0xe9,
    0x4c, 0x39, 0x9d, 0xf2, 0x2d, 0x0, 0x0, 0x4,
    0x8d, 0xed, 0xf3, 0xb6, 0x2c, 0x0, 0x0,

    /* U+1ED3 "ồ" */
    0x7, 0xdf, 0x3e, 0x0, 0x0, 0x0, 0x0, 0x0,
    0x0, 0x55, 0x7c, 0x58, 0xfa, 0x9e, 0x0, 0x0,
    0x0, 0x0, 0x69, 0xe3, 0x44, 0xcf, 0x65, 0x0,
    0x0, 0x0, 0x13, 0x9, 0x0, 0x7, 0x10, 0x0,
    0x0, 0x0, 0x76, 0xe2, 0xf7, 0xae, 0xb, 0x0,
    0x0, 0x78, 0xe7, 0x4d, 0x27, 0xc6, 0xa0, 0x0,
    0x13, 0xf6, 0x46, 0x0, 0x0, 0x44, 0xf7, 0x4,
    0x52, 0xe8, 0x0, 0x0, 0x0, 0x28, 0xff, 0x12,
    0x6f, 0xc6, 0x0, 0x0, 0x0, 0x49, 0xf1, 0x3,
    0x5c, 0xde, 0x0, 0x0, 0x0, 0xa7, 0xa9, 0x0,
    0xf, 0xf2, 0x7c, 0x2c, 0x84, 0xf4, 0x23, 0x0,
    0x0, 0x3d, 0xdb, 0xf8, 0xc5, 0x2d, 0x0, 0x0,

    /* U+1ED4 "Ổ" */
    0x0, 0x0, 0x0, 0x0, 0x0, 0x0, 0x0, 0x0,
    0xaa, 0x63, 0x0, 0x0, 0x0, 0x0, 0x0, 0x43,
    0x46, 0x8, 0x96, 0x86, 0x0, 0x0, 0x0, 0x0,
    0x84, 0xb3, 0xb4, 0x6b, 0x65, 0x0, 0x0, 0x0,
    0x0, 0x38, 0x78, 0x3, 0xe, 0x80, 0x4, 0x0,
    0x0, 0x0, 0x0, 0x5d, 0xd1, 0xf7, 0xd9, 0x53,
    0x0, 0x0, 0x0, 0x0, 0x76, 0xf7, 0x70, 0x3c,
    0x81, 0xfc, 0x2c, 0x0, 0x0, 0x1f, 0xf7, 0x4a,
    0x0, 0x0, 0x0, 0xc0, 0x84, 0x0, 0x0, 0x93,
    0xbc, 0x0, 0x0, 0x0, 0x0, 0x86, 0xbc, 0x0,
    0x0, 0xd7, 0x6c, 0x0, 0x0, 0x0, 0x0, 0x7e,
    0xc0, 0x0, 0xe, 0xff, 0x39, 0x0, 0x0, 0x0,
    0x0, 0x91, 0xb3, 0x0, 0x1c, 0xff, 0x24, 0x0,
    0x0, 0x0, 0x0, 0xc4, 0x7c, 0x0, 0x18, 0xff,
    0x2a, 0x0, 0x0, 0x0, 0x17, 0xf8, 0x37, 0x0,
    0x0, 0xde, 0x65, 0x0, 0x0, 0x0, 0x9b, 0xbe,
    0x0, 0x0, 0x0, 0x7e, 0xe9, 0x4c, 0x39, 0x9d,
    0xf2, 0x2d, 0x0, 0x0, 0x0, 0x4, 0x8d, 0xed,
    0xf3, 0xb6, 0x2c, 0x0, 0x0, 0x0,

    /* U+1ED5 "ổ" */
    0x0, 0x0, 0x0, 0x0, 0x0, 0x0, 0x20, 0x6c,
    0x5, 0x0, 0x0, 0x0, 0x0, 0x0, 0x0, 0x7,
    0xa7, 0x50, 0x0, 0x0, 0x0, 0x6c, 0xde, 0xb3,
    0x6f, 0xa2, 0xa, 0x0, 0x0, 0x74, 0xc3, 0xe,
    0x9a, 0x6f, 0x0, 0x0, 0x0, 0x0, 0xf, 0x4,
    0x0, 0x3, 0xd, 0x0, 0x0, 0x0, 0x0, 0x76,
    0xe2, 0xf7, 0xae, 0xb, 0x0, 0x0, 0x0, 0x78,
    0xe7, 0x4d, 0x27, 0xc6, 0xa0, 0x0, 0x0, 0x13,
    0xf6, 0x46, 0x0, 0x0, 0x44, 0xf7, 0x4, 0x0,
    0x52, 0xe8, 0x0, 0x0, 0x0, 0x28, 0xff, 0x12,
    0x0, 0x6f, 0xc6, 0x0, 0x0, 0x0, 0x49, 0xf1,
    0x3, 0x0, 0x5c, 0xde, 0x0, 0x0, 0x0, 0xa7,
    0xa9, 0x0, 0x0, 0xf, 0xf2, 0x7c, 0x2c, 0x84,
    0xf4, 0x23, 0x0, 0x0, 0x0, 0x3d, 0xdb, 0xf8,
    0xc5, 0x2d, 0x0, 0x0, 0x0,

    /* U+1ED6 "Ỗ" */
    0x0, 0x0, 0x0, 0x0, 0x2a, 0xc2, 0x2c, 0x72,
    0x2, 0x0, 0x0, 0x0, 0x0, 0x68, 0x1c, 0x91,
    0x85, 0x0, 0x0, 0x0, 0x0, 0x0, 0x16, 0x90,
    0x88, 0x6, 0x0, 0x0, 0x0, 0x0, 0x2b, 0x9f,
    0x2c, 0x41, 0x84, 0x2, 0x0, 0x0, 0x0, 0x5d,
    0xd1, 0xf7, 0xd9, 0x53, 0x0, 0x0, 0x0, 0x76,
    0xf7, 0x70, 0x3c, 0x81, 0xfc, 0x2c, 0x0, 0x1f,
    0xf7, 0x4a, 0x0, 0x0, 0x0, 0xc0, 0x84, 0x0,
    0x93, 0xbc, 0x0, 0x0, 0x0, 0x0, 0x86, 0xbc,
    0x0, 0xd7, 0x6c, 0x0, 0x0, 0x0, 0x0, 0x7e,
    0xc0, 0xe, 0xff, 0x39, 0x0, 0x0, 0x0, 0x0,
    0x91, 0xb3, 0x1c, 0xff, 0x24, 0x0, 0x0, 0x0,
    0x0, 0xc4, 0x7c, 0x18, 0xff, 0x2a, 0x0, 0x0,
    0x0, 0x17, 0xf8, 0x37, 0x0, 0xde, 0x65, 0x0,
    0x0, 0x0, 0x9b, 0xbe, 0x0, 0x0, 0x7e, 0xe9,
    0x4c, 0x39, 0x9d, 0xf2, 0x2d, 0x0, 0x0, 0x4,
    0x8d, 0xed, 0xf3, 0xb6, 0x2c, 0x0, 0x0,

    /* U+1ED7 "ỗ" */
    0x0, 0x0, 0x0, 0x65, 0xa2, 0xf, 0x68, 0x0,
    0x0, 0x0, 0x0, 0x82, 0x19, 0xbb, 0x44, 0x0,
    0x0, 0x0, 0x0, 0x54, 0xea, 0x83, 0x0, 0x0,
    0x0, 0x0, 0x65, 0xc9, 0x16, 0xb0, 0x53, 0x0,
    0x0, 0x0, 0x1f, 0x8, 0x0, 0x7, 0x18, 0x0,
    0x0, 0x0, 0x76, 0xe2, 0xf7, 0xae, 0xb, 0x0,
    0x0, 0x78, 0xe7, 0x4d, 0x27, 0xc6, 0xa0, 0x0,
    0x13, 0xf6, 0x46, 0x0, 0x0, 0x44, 0xf7, 0x4,
    0x52, 0xe8, 0x0, 0x0, 0x0, 0x28, 0xff, 0x12,
    0x6f, 0xc6, 0x0, 0x0, 0x0, 0x49, 0xf1, 0x3,
    0x5c, 0xde, 0x0, 0x0, 0x0, 0xa7, 0xa9, 0x0,
    0xf, 0xf2, 0x7c, 0x2c, 0x84, 0xf4, 0x23, 0x0,
    0x0, 0x3d, 0xdb, 0xf8, 0xc5, 0x2d, 0x0, 0x0,

    /* U+1ED8 "Ộ" */
    0x0, 0x0, 0x0, 0x0, 0x0, 0x40, 0x53, 0x0,
    0x0, 0x0, 0x0, 0x0, 0x0, 0x49, 0xca, 0xc4,
    0x39, 0x0, 0x0, 0x0, 0x0, 0x7, 0x77, 0x13,
    0x25, 0x62, 0x0, 0x0, 0x0, 0x0, 0x5d, 0xd1,
    0xf7, 0xd9, 0x53, 0x0, 0x0, 0x0, 0x76, 0xf7,
    0x70, 0x3c, 0x81, 0xfc, 0x2c, 0x0, 0x1f, 0xf7,
    0x4a, 0x0, 0x0, 0x0, 0xc0, 0x84, 0x0, 0x93,
    0xbc, 0x0, 0x0, 0x0, 0x0, 0x86, 0xbc, 0x0,
    0xd7, 0x6c, 0x0, 0x0, 0x0, 0x0, 0x7e, 0xc0,
    0xe, 0xff, 0x39, 0x0, 0x0, 0x0, 0x0, 0x91,
    0xb3, 0x1c, 0xff, 0x24, 0x0, 0x0, 0x0, 0x0,
    0xc4, 0x7c, 0x18, 0xff, 0x2a, 0x0, 0x0, 0x0,
    0x17, 0xf8, 0x37, 0x0, 0xde, 0x65, 0x0, 0x0,
    0x0, 0x9b, 0xbe, 0x0, 0x0, 0x7e, 0xe9, 0x4c,
    0x39, 0x9d, 0xf2, 0x2d, 0x0, 0x0, 0x4, 0x8d,
    0xed, 0xf3, 0xb6, 0x2c, 0x0, 0x0, 0x0, 0x0,
    0x0, 0x0, 0x0, 0x0, 0x0, 0x0, 0x0, 0x0,
    0x0, 0x4, 0xdc, 0x3b, 0x0, 0x0, 0x0, 0x0,
    0x0, 0x0, 0x0, 0x6b, 0x14, 0x0, 0x0, 0x0,
    0x0,

    /* U+1ED9 "ộ" */
    0x0, 0x0, 0x0, 0x2e, 0xe0, 0x84, 0x0, 0x0,
    0x0, 0x0, 0x2a, 0xc9, 0x27, 0xba, 0x41, 0x0,
    0x0, 0x0, 0x0, 0x0, 0x0, 0x0, 0x0, 0x0,
    0x0, 0x0, 0x76, 0xe2, 0xf7, 0xae, 0xb, 0x0,
    0x0, 0x78, 0xe7, 0x4d, 0x27, 0xc6, 0xa0, 0x0,
    0x13, 0xf6, 0x46, 0x0, 0x0, 0x44, 0xf7, 0x4,
    0x52, 0xe8, 0x0, 0x0, 0x0, 0x28, 0xff, 0x12,
    0x6f, 0xc6, 0x0, 0x0, 0x0, 0x49, 0xf1, 0x3,
    0x5c, 0xde, 0x0, 0x0, 0x0, 0xa7, 0xa9, 0x0,
    0xf, 0xf2, 0x7c, 0x2c, 0x84, 0xf4, 0x23, 0x0,
    0x0, 0x3d, 0xdb, 0xf8, 0xc5, 0x2d, 0x0, 0x0,
    0x0, 0x0, 0x0, 0x0, 0x0, 0x0, 0x0, 0x0,
    0x0, 0x0, 0xa5, 0x79, 0x0, 0x0, 0x0, 0x0,
    0x0, 0x0, 0x4e, 0x32, 0x0, 0x0, 0x0, 0x0,

    /* U+1EDA "Ớ" */
    0x0, 0x0, 0x0, 0x0, 0x0, 0x0, 0x44, 0x76,
    0x7, 0x0, 0x0, 0x0, 0x0, 0x0, 0x0, 0x0,
    0x2d, 0xe7, 0x40, 0x0, 0x0, 0x0, 0x0, 0x0,
    0x0, 0x0, 0x0, 0x5e, 0x35, 0x0, 0x0, 0x42,
    0x4b, 0x0, 0x0, 0x1, 0x6d, 0xd8, 0xf8, 0xd0,
    0x32, 0x27, 0xdd, 0x5b, 0x0, 0x0, 0x92, 0xee,
    0x63, 0x3d, 0x9b, 0xff, 0xf8, 0x82, 0x1, 0x0,
    0x35, 0xfa, 0x32, 0x0, 0x0, 0x1, 0xd8, 0x73,
    0x0, 0x0, 0x0, 0xaf, 0x9f, 0x0, 0x0, 0x0,
    0x0, 0x9f, 0xa3, 0x0, 0x0, 0x3, 0xf0, 0x4f,
    0x0, 0x0, 0x0, 0x0, 0x99, 0xa9, 0x0, 0x0,
    0x2a, 0xff, 0x1d, 0x0, 0x0, 0x0, 0x0, 0xad,
    0x96, 0x0, 0x0, 0x3c, 0xff, 0x5, 0x0, 0x0,
    0x0, 0x0, 0xe2, 0x5f, 0x0, 0x0, 0x35, 0xff,
    0xd, 0x0, 0x0, 0x0, 0x31, 0xfe, 0x1e, 0x0,
    0x0, 0xc, 0xfa, 0x48, 0x0, 0x0, 0x3, 0xb7,
    0xa4, 0x0, 0x0, 0x0, 0x0, 0x99, 0xde, 0x50,
    0x41, 0xb3, 0xe7, 0x1c, 0x0, 0x0, 0x0, 0x0,
    0x8, 0x9b, 0xf3, 0xf0, 0xab, 0x20, 0x0, 0x0,
    0x0, 0x0,

    /* U+1EDB "ớ" */
    0x0, 0x0, 0x0, 0x0, 0xc, 0xd5, 0x8f, 0x0,
    0x0, 0x0, 0x0, 0x0, 0x0, 0xab, 0x87, 0x0,
    0x0, 0x0, 0x0, 0x0, 0x0, 0x0, 0x7, 0x0,
    0x0, 0x3d, 0x67, 0x0, 0x0, 0x71, 0xe0, 0xf7,
    0xb5, 0x15, 0xb1, 0x5d, 0x0, 0x73, 0xe8, 0x50,
    0x26, 0xc2, 0xff, 0x95, 0x4, 0x11, 0xf3, 0x49,
    0x0, 0x0, 0x43, 0xf7, 0x3, 0x0, 0x53, 0xe9,
    0x0, 0x0, 0x0, 0x28, 0xff, 0xe, 0x0, 0x74,
    0xc2, 0x0, 0x0, 0x0, 0x4d, 0xed, 0x2, 0x0,
    0x64, 0xd8, 0x0, 0x0, 0x0, 0xab, 0xa2, 0x0,
    0x0, 0x16, 0xf7, 0x6f, 0x29, 0x85, 0xf1, 0x1e,
    0x0, 0x0, 0x0, 0x46, 0xde, 0xf8, 0xbe, 0x27,
    0x0, 0x0, 0x0,

    /* U+1EDC "Ờ" */
    0x0, 0x0, 0x0, 0x0, 0x60, 0x4d, 0x0, 0x0,
    0x0, 0x0, 0x0, 0x0, 0x0, 0x0, 0x0, 0x3d,
    0xe9, 0xb, 0x0, 0x0, 0x0, 0x0, 0x0, 0x0,
    0x0, 0x0, 0x0, 0x5a, 0x2a, 0x0, 0x0, 0x42,
    0x4b, 0x0, 0x0, 0x1, 0x6d, 0xd8, 0xf8, 0xd0,
    0x32, 0x27, 0xdd, 0x5b, 0x0, 0x0, 0x92, 0xee,
    0x63, 0x3d, 0x9b, 0xff, 0xf8, 0x82, 0x1, 0x0,
    0x35, 0xfa, 0x32, 0x0, 0x0, 0x1, 0xd8, 0x73,
    0x0, 0x0, 0x0, 0xaf, 0x9f, 0x0, 0x0, 0x0,
    0x0, 0x9f, 0xa3, 0x0, 0x0, 0x3, 0xf0, 0x4f,
    0x0, 0x0, 0x0, 0x0, 0x99, 0xa9, 0x0, 0x0,
    0x2a, 0xff, 0x1d, 0x0, 0x0, 0x0, 0x0, 0xad,
    0x96, 0x0, 0x0, 0x3c, 0xff, 0x5, 0x0, 0x0,
    0x0, 0x0, 0xe2, 0x5f, 0x0, 0x0, 0x35, 0xff,
    0xd, 0x0, 0x0, 0x0, 0x31, 0xfe, 0x1e, 0x0,
    0x0, 0xc, 0xfa, 0x48, 0x0, 0x0, 0x3, 0xb7,
    0xa4, 0x0, 0x0, 0x0, 0x0, 0x99, 0xde, 0x50,
    0x41, 0xb3, 0xe7, 0x1c, 0x0, 0x0, 0x0, 0x0,
    0x8, 0x9b, 0xf3, 0xf0, 0xab, 0x20, 0x0, 0x0,
    0x0, 0x0,

    /* U+1EDD "ờ" */
    0x0, 0x0, 0x1, 0xbd, 0x8f, 0x0, 0x0, 0x0,
    0x0, 0x0, 0x0, 0x0, 0x1d, 0xe5, 0x13, 0x0,
    0x0, 0x0, 0x0, 0x0, 0x0, 0x0, 0x5, 0x2,
    0x0, 0x3d, 0x67, 0x0, 0x0, 0x71, 0xe0, 0xf7,
    0xb5, 0x15, 0xb1, 0x5d, 0x0, 0x73, 0xe8, 0x50,
    0x26, 0xc2, 0xff, 0x95, 0x4, 0x11, 0xf3, 0x49,
    0x0, 0x0, 0x43, 0xf7, 0x3, 0x0, 0x53, 0xe9,
    0x0, 0x0, 0x0, 0x28, 0xff, 0xe, 0x0, 0x74,
    0xc2, 0x0, 0x0, 0x0, 0x4d, 0xed, 0x2, 0x0,
    0x64, 0xd8, 0x0, 0x0, 0x0, 0xab, 0xa2, 0x0,
    0x0, 0x16, 0xf7, 0x6f, 0x29, 0x85, 0xf1, 0x1e,
    0x0, 0x0, 0x0, 0x46, 0xde, 0xf8, 0xbe, 0x27,
    0x0, 0x0, 0x0,

    /* U+1EDE "Ở" */
    0x0, 0x0, 0x0, 0x0, 0x0, 0x41, 0xba, 0x25,
    0x0, 0x0, 0x0, 0x0, 0x0, 0x0, 0x0, 0x0,
    0x0, 0x86, 0x7e, 0x0, 0x0, 0x0, 0x0, 0x0,
    0x0, 0x0, 0x0, 0x7d, 0xc5, 0x22, 0x0, 0x0,
    0x0, 0x0, 0x0, 0x0, 0x0, 0x0, 0x32, 0x1d,
    0x0, 0x0, 0x85, 0x86, 0x0, 0x0, 0x1, 0x6d,
    0xd8, 0xf8, 0xd0, 0x32, 0x2c, 0xed, 0x3f, 0x0,
    0x0, 0x92, 0xee, 0x63, 0x3d, 0x9b, 0xff, 0xf3,
    0x6a, 0x0, 0x0, 0x35, 0xfa, 0x32, 0x0, 0x0,
    0x1, 0xd8, 0x73, 0x0, 0x0, 0x0, 0xaf, 0x9f,
    0x0, 0x0, 0x0, 0x0, 0x9f, 0xa3, 0x0, 0x0,
    0x3, 0xf0, 0x4f, 0x0, 0x0, 0x0, 0x0, 0x99,
    0xa9, 0x0, 0x0, 0x2a, 0xff, 0x1d, 0x0, 0x0,
    0x0, 0x0, 0xad, 0x96, 0x0, 0x0, 0x3c, 0xff,
    0x5, 0x0, 0x0, 0x0, 0x0, 0xe2, 0x5f, 0x0,
    0x0, 0x35, 0xff, 0xd, 0x0, 0x0, 0x0, 0x31,
    0xfe, 0x1e, 0x0, 0x0, 0xc, 0xfa, 0x48, 0x0,
    0x0, 0x3, 0xb7, 0xa4, 0x0, 0x0, 0x0, 0x0,
    0x99, 0xde, 0x50, 0x41, 0xb3, 0xe7, 0x1c, 0x0,
    0x0, 0x0, 0x0, 0x8, 0x9b, 0xf3, 0xf0, 0xab,
    0x20, 0x0, 0x0, 0x0, 0x0,

    /* U+1EDF "ở" */
    0x0, 0x0, 0x0, 0x0, 0x62, 0xb0, 0x15, 0x0,
    0x0, 0x0, 0x0, 0x0, 0x0, 0x16, 0xbe, 0x4f,
    0x0, 0x0, 0x0, 0x0, 0x0, 0x0, 0xaf, 0x6d,
    0x2, 0x0, 0x0, 0x0, 0x0, 0x0, 0x0, 0x0,
    0x0, 0x0, 0x3c, 0x65, 0x0, 0x0, 0x71, 0xe0,
    0xf7, 0xb5, 0x15, 0xb0, 0x5e, 0x0, 0x73, 0xe8,
    0x50, 0x26, 0xc2, 0xff, 0x98, 0x4, 0x11, 0xf3,
    0x49, 0x0, 0x0, 0x43, 0xf7, 0x3, 0x0, 0x53,
    0xe9, 0x0, 0x0, 0x0, 0x28, 0xff, 0xe, 0x0,
    0x74, 0xc2, 0x0, 0x0, 0x0, 0x4d, 0xed, 0x2,
    0x0, 0x64, 0xd8, 0x0, 0x0, 0x0, 0xab, 0xa2,
    0x0, 0x0, 0x16, 0xf7, 0x6f, 0x29, 0x85, 0xf1,
    0x1e, 0x0, 0x0, 0x0, 0x46, 0xde, 0xf8, 0xbe,
    0x27, 0x0, 0x0, 0x0,

    /* U+1EE0 "Ỡ" */
    0x0, 0x0, 0x0, 0x0, 0x0, 0x0, 0x0, 0x0,
    0x0, 0x0, 0x0, 0x0, 0x0, 0x0, 0x2d, 0xcd,
    0xeb, 0xec, 0xe7, 0x2a, 0x0, 0x0, 0x0, 0x0,
    0x0, 0xe, 0x1c, 0x1c, 0x1b, 0x4, 0x0, 0x7e,
    0x80, 0x0, 0x0, 0x1, 0x6d, 0xd8, 0xf8, 0xd0,
    0x32, 0x32, 0xeb, 0x41, 0x0, 0x0, 0x92, 0xee,
    0x63, 0x3d, 0x9b, 0xff, 0xf5, 0x6e, 0x0, 0x0,
    0x35, 0xfa, 0x32, 0x0, 0x0, 0x1, 0xd8, 0x73,
    0x0, 0x0, 0x0, 0xaf, 0x9f, 0x0, 0x0, 0x0,
    0x0, 0x9f, 0xa3, 0x0, 0x0, 0x3, 0xf0, 0x4f,
    0x0, 0x0, 0x0, 0x0, 0x99, 0xa9, 0x0, 0x0,
    0x2a, 0xff, 0x1d, 0x0, 0x0, 0x0, 0x0, 0xad,
    0x96, 0x0, 0x0, 0x3c, 0xff, 0x5, 0x0, 0x0,
    0x0, 0x0, 0xe2, 0x5f, 0x0, 0x0, 0x35, 0xff,
    0xd, 0x0, 0x0, 0x0, 0x31, 0xfe, 0x1e, 0x0,
    0x0, 0xc, 0xfa, 0x48, 0x0, 0x0, 0x3, 0xb7,
    0xa4, 0x0, 0x0, 0x0, 0x0, 0x99, 0xde, 0x50,
    0x41, 0xb3, 0xe7, 0x1c, 0x0, 0x0, 0x0, 0x0,
    0x8, 0x9b, 0xf3, 0xf0, 0xab, 0x20, 0x0, 0x0,
    0x0, 0x0,

    /* U+1EE1 "ỡ" */
    0x0, 0x0, 0x0, 0x0, 0x0, 0x0, 0x9, 0x1,
    0x0, 0x0, 0x0, 0x1e, 0xe3, 0xa5, 0x9, 0xcb,
    0x1f, 0x0, 0x0, 0x0, 0x8d, 0x6c, 0x59, 0xf1,
    0xac, 0x0, 0x0, 0x0, 0x0, 0x13, 0x4, 0x0,
    0xb, 0x1, 0x31, 0x56, 0x0, 0x0, 0x71, 0xe0,
    0xf7, 0xb5, 0x14, 0xac, 0x62, 0x0, 0x73, 0xe8,
    0x50, 0x26, 0xc2, 0xff, 0x92, 0x2, 0x11, 0xf3,
    0x49, 0x0, 0x0, 0x43, 0xf7, 0x3, 0x0, 0x53,
    0xe9, 0x0, 0x0, 0x0, 0x28, 0xff, 0xe, 0x0,
    0x74, 0xc2, 0x0, 0x0, 0x0, 0x4d, 0xed, 0x2,
    0x0, 0x64, 0xd8, 0x0, 0x0, 0x0, 0xab, 0xa2,
    0x0, 0x0, 0x16, 0xf7, 0x6f, 0x29, 0x85, 0xf1,
    0x1e, 0x0, 0x0, 0x0, 0x46, 0xde, 0xf8, 0xbe,
    0x27, 0x0, 0x0, 0x0,

    /* U+1EE2 "Ợ" */
    0x0, 0x0, 0x0, 0x0, 0x0, 0x0, 0x0, 0x0,
    0x0, 0x42, 0x4b, 0x0, 0x0, 0x1, 0x6d, 0xd8,
    0xf8, 0xd0, 0x32, 0x27, 0xdd, 0x5b, 0x0, 0x0,
    0x92, 0xee, 0x63, 0x3d, 0x9b, 0xff, 0xf8, 0x82,
    0x1, 0x0, 0x35, 0xfa, 0x32, 0x0, 0x0, 0x1,
    0xd8, 0x73, 0x0, 0x0, 0x0, 0xaf, 0x9f, 0x0,
    0x0, 0x0, 0x0, 0x9f, 0xa3, 0x0, 0x0, 0x3,
    0xf0, 0x4f, 0x0, 0x0, 0x0, 0x0, 0x99, 0xa9,
    0x0, 0x0, 0x2a, 0xff, 0x1d, 0x0, 0x0, 0x0,
    0x0, 0xad, 0x96, 0x0, 0x0, 0x3c, 0xff, 0x5,
    0x0, 0x0, 0x0, 0x0, 0xe2, 0x5f, 0x0, 0x0,
    0x35, 0xff, 0xd, 0x0, 0x0, 0x0, 0x31, 0xfe,
    0x1e, 0x0, 0x0, 0xc, 0xfa, 0x48, 0x0, 0x0,
    0x3, 0xb7, 0xa4, 0x0, 0x0, 0x0, 0x0, 0x99,
    0xde, 0x50, 0x41, 0xb3, 0xe7, 0x1c, 0x0, 0x0,
    0x0, 0x0, 0x8, 0x9b, 0xf3, 0xf0, 0xab, 0x20,
    0x0, 0x0, 0x0, 0x0, 0x0, 0x0, 0x0, 0x0,
    0x0, 0x0, 0x0, 0x0, 0x0, 0x0, 0x0, 0x0,
    0x0, 0x11, 0xe3, 0x27, 0x0, 0x0, 0x0, 0x0,
    0x0, 0x0, 0x0, 0x0, 0x4, 0x72, 0xa, 0x0,
    0x0, 0x0, 0x0, 0x0, 0x0,

    /* U+1EE3 "ợ" */
    0x0, 0x0, 0x0, 0x0, 0x0, 0x0, 0x0, 0x5f,
    0x99, 0x0, 0x0, 0x71, 0xe0, 0xf7, 0xb5, 0x13,
    0xbe, 0x54, 0x0, 0x73, 0xe8, 0x50, 0x26, 0xc2,
    0xff, 0x8c, 0x1, 0x11, 0xf3, 0x49, 0x0, 0x0,
    0x43, 0xf7, 0x3, 0x0, 0x53, 0xe9, 0x0, 0x0,
    0x0, 0x28, 0xff, 0xe, 0x0, 0x74, 0xc2, 0x0,
    0x0, 0x0, 0x4d, 0xed, 0x2, 0x0, 0x64, 0xd8,
    0x0, 0x0, 0x0, 0xab, 0xa2, 0x0, 0x0, 0x16,
    0xf7, 0x6f, 0x29, 0x85, 0xf1, 0x1e, 0x0, 0x0,
    0x0, 0x46, 0xde, 0xf8, 0xbe, 0x27, 0x0, 0x0,
    0x0, 0x0, 0x0, 0x0, 0x0, 0x0, 0x0, 0x0,
    0x0, 0x0, 0x0, 0x0, 0xbd, 0x60, 0x0, 0x0,
    0x0, 0x0, 0x0, 0x0, 0x0, 0x57, 0x25, 0x0,
    0x0, 0x0, 0x0, 0x0,

    /* U+1EE4 "Ụ" */
    0x0, 0x24, 0xff, 0x23, 0x0, 0x0, 0x0, 0x6c,
    0xdb, 0x0, 0x4c, 0xf9, 0x3, 0x0, 0x0, 0x0,
    0x94, 0xb4, 0x0, 0x74, 0xd4, 0x0, 0x0, 0x0,
    0x0, 0xbc, 0x8c, 0x0, 0x9b, 0xad, 0x0, 0x0,
    0x0, 0x0, 0xe4, 0x64, 0x0, 0xc3, 0x85, 0x0,
    0x0, 0x0, 0xb, 0xff, 0x3c, 0x0, 0xeb, 0x5e,
    0x0, 0x0, 0x0, 0x33, 0xff, 0x14, 0x12, 0xff,
    0x36, 0x0, 0x0, 0x0, 0x5b, 0xec, 0x0, 0x32,
    0xff, 0x19, 0x0, 0x0, 0x0, 0x8d, 0xbe, 0x0,
    0x29, 0xff, 0x2f, 0x0, 0x0, 0xa, 0xe3, 0x74,
    0x0, 0x1, 0xd2, 0xc1, 0x36, 0x40, 0xc5, 0xd5,
    0xb, 0x0, 0x0, 0x20, 0xb9, 0xf5, 0xea, 0x9b,
    0x14, 0x0, 0x0, 0x0, 0x0, 0x0, 0x0, 0x0,
    0x0, 0x0, 0x0, 0x0, 0x0, 0x0, 0x34, 0xe0,
    0x7, 0x0, 0x0, 0x0, 0x0, 0x0, 0x0, 0x14,
    0x6c, 0x0, 0x0, 0x0, 0x0, 0x0,

    /* U+1EE5 "ụ" */
    0x0, 0x99, 0xa3, 0x0, 0x0, 0x31, 0xff, 0xf,
    0x0, 0xc1, 0x7c, 0x0, 0x0, 0x59, 0xe5, 0x0,
    0x0, 0xea, 0x55, 0x0, 0x0, 0x82, 0xbc, 0x0,
    0x13, 0xff, 0x2e, 0x0, 0x0, 0xab, 0x93, 0x0,
    0x3c, 0xfe, 0x9, 0x0, 0x0, 0xff, 0x6a, 0x0,
    0x52, 0xeb, 0x0, 0x0, 0x8, 0xff, 0x41, 0x0,
    0x34, 0xfd, 0x2a, 0x12, 0xc7, 0xff, 0x18, 0x0,
    0x0, 0x93, 0xf1, 0xe1, 0x9a, 0xf0, 0x0, 0x0,
    0x0, 0x0, 0x0, 0x0, 0x0, 0x0, 0x0, 0x0,
    0x0, 0x3d, 0xdb, 0x2, 0x0, 0x0, 0x0, 0x0,
    0x0, 0x17, 0x69, 0x0, 0x0, 0x0, 0x0, 0x0,

    /* U+1EE6 "Ủ" */
    0x0, 0x0, 0x0, 0x0, 0x0, 0x70, 0xa5, 0xc,
    0x0, 0x0, 0x0, 0x0, 0x0, 0x0, 0x7, 0xc4,
    0x41, 0x0, 0x0, 0x0, 0x0, 0x0, 0x0, 0xc4,
    0x85, 0x4, 0x0, 0x0, 0x0, 0x0, 0x0, 0x0,
    0x21, 0x4, 0x0, 0x0, 0x0, 0x24, 0xff, 0x23,
    0x0, 0x0, 0x0, 0x6c, 0xdb, 0x0, 0x4c, 0xf9,
    0x3, 0x0, 0x0, 0x0, 0x94, 0xb4, 0x0, 0x74,
    0xd4, 0x0, 0x0, 0x0, 0x0, 0xbc, 0x8c, 0x0,
    0x9b, 0xad, 0x0, 0x0, 0x0, 0x0, 0xe4, 0x64,
    0x0, 0xc3, 0x85, 0x0, 0x0, 0x0, 0xb, 0xff,
    0x3c, 0x0, 0xeb, 0x5e, 0x0, 0x0, 0x0, 0x33,
    0xff, 0x14, 0x12, 0xff, 0x36, 0x0, 0x0, 0x0,
    0x5b, 0xec, 0x0, 0x32, 0xff, 0x19, 0x0, 0x0,
    0x0, 0x8d, 0xbe, 0x0, 0x29, 0xff, 0x2f, 0x0,
    0x0, 0xa, 0xe3, 0x74, 0x0, 0x1, 0xd2, 0xc1,
    0x36, 0x40, 0xc5, 0xd5, 0xb, 0x0, 0x0, 0x20,
    0xb9, 0xf5, 0xea, 0x9b, 0x14, 0x0, 0x0,

    /* U+1EE7 "ủ" */
    0x0, 0x0, 0x0, 0x0, 0x76, 0xa8, 0xd, 0x0,
    0x0, 0x0, 0x0, 0x0, 0x25, 0xd4, 0x31, 0x0,
    0x0, 0x0, 0x0, 0x0, 0xb5, 0x46, 0x0, 0x0,
    0x0, 0x0, 0x0, 0x0, 0x0, 0x0, 0x0, 0x0,
    0x0, 0x99, 0xa3, 0x0, 0x0, 0x31, 0xff, 0xf,
    0x0, 0xc1, 0x7c, 0x0, 0x0, 0x59, 0xe5, 0x0,
    0x0, 0xea, 0x55, 0x0, 0x0, 0x82, 0xbc, 0x0,
    0x13, 0xff, 0x2e, 0x0, 0x0, 0xab, 0x93, 0x0,
    0x3c, 0xfe, 0x9, 0x0, 0x0, 0xff, 0x6a, 0x0,
    0x52, 0xeb, 0x0, 0x0, 0x8, 0xff, 0x41, 0x0,
    0x34, 0xfd, 0x2a, 0x12, 0xc7, 0xff, 0x18, 0x0,
    0x0, 0x93, 0xf1, 0xe1, 0x9a, 0xf0, 0x0, 0x0,

    /* U+1EE8 "Ứ" */
    0x0, 0x0, 0x0, 0x0, 0x0, 0x0, 0x49, 0x73,
    0x5, 0x0, 0x0, 0x0, 0x0, 0x0, 0x0, 0x0,
    0x0, 0x34, 0xe7, 0x38, 0x0, 0x0, 0x0, 0x0,
    0x0, 0x0, 0x0, 0x0, 0x0, 0x62, 0x2f, 0x0,
    0x0, 0x0, 0x0, 0x0, 0x0, 0x24, 0xff, 0x23,
    0x0, 0x0, 0x0, 0x6c, 0xdb, 0x0, 0xbb, 0x58,
    0x0, 0x4c, 0xf9, 0x3, 0x0, 0x0, 0x0, 0x94,
    0xbd, 0x5d, 0xed, 0x11, 0x0, 0x74, 0xd4, 0x0,
    0x0, 0x0, 0x0, 0xbc, 0xff, 0xc9, 0x3c, 0x0,
    0x0, 0x9b, 0xad, 0x0, 0x0, 0x0, 0x0, 0xe4,
    0x64, 0x0, 0x0, 0x0, 0x0, 0xc3, 0x85, 0x0,
    0x0, 0x0, 0xb, 0xff, 0x3c, 0x0, 0x0, 0x0,
    0x0, 0xeb, 0x5e, 0x0, 0x0, 0x0, 0x33, 0xff,
    0x14, 0x0, 0x0, 0x0, 0x12, 0xff, 0x36, 0x0,
    0x0, 0x0, 0x5b, 0xec, 0x0, 0x0, 0x0, 0x0,
    0x32, 0xff, 0x19, 0x0, 0x0, 0x0, 0x8d, 0xbe,
    0x0, 0x0, 0x0, 0x0, 0x29, 0xff, 0x2f, 0x0,
    0x0, 0x9, 0xe2, 0x74, 0x0, 0x0, 0x0, 0x0,
    0x1, 0xd2, 0xc1, 0x33, 0x3c, 0xc0, 0xd5, 0xb,
    0x0, 0x0, 0x0, 0x0, 0x0, 0x20, 0xb9, 0xf5,
    0xea, 0x9b, 0x14, 0x0, 0x0, 0x0, 0x0, 0x0,

    /* U+1EE9 "ứ" */
    0x0, 0x0, 0x0, 0x0, 0x10, 0xdc, 0x88, 0x0,
    0x0, 0x0, 0x0, 0x0, 0x0, 0x1, 0xb4, 0x83,
    0x0, 0x0, 0x0, 0x0, 0x0, 0x0, 0x0, 0x1,
    0xb, 0x0, 0x0, 0x0, 0x72, 0x1c, 0x0, 0x99,
    0xa3, 0x0, 0x0, 0x31, 0xff, 0x2d, 0xe5, 0xa,
    0x0, 0xc1, 0x7c, 0x0, 0x0, 0x59, 0xff, 0xcd,
    0x4e, 0x0, 0x0, 0xea, 0x55, 0x0, 0x0, 0x82,
    0xbc, 0x0, 0x0, 0x0, 0x13, 0xff, 0x2e, 0x0,
    0x0, 0xab, 0x93, 0x0, 0x0, 0x0, 0x3c, 0xfe,
    0x9, 0x0, 0x0, 0xff, 0x6a, 0x0, 0x0, 0x0,
    0x52, 0xe9, 0x0, 0x0, 0x8, 0xff, 0x41, 0x0,
    0x0, 0x0, 0x33, 0xfc, 0x2b, 0x12, 0xc7, 0xff,
    0x18, 0x0, 0x0, 0x0, 0x0, 0x92, 0xf1, 0xe1,
    0x9c, 0xf0, 0x0, 0x0, 0x0, 0x0,

    /* U+1EEA "Ừ" */
    0x0, 0x0, 0x0, 0x0, 0x64, 0x49, 0x0, 0x0,
    0x0, 0x0, 0x0, 0x0, 0x0, 0x0, 0x0, 0x0,
    0x43, 0xe4, 0x7, 0x0, 0x0, 0x0, 0x0, 0x0,
    0x0, 0x0, 0x0, 0x0, 0x0, 0x5e, 0x24, 0x0,
    0x0, 0x0, 0x0, 0x0, 0x0, 0x24, 0xff, 0x23,
    0x0, 0x0, 0x0, 0x6c, 0xdb, 0x0, 0xbb, 0x58,
    0x0, 0x4c, 0xf9, 0x3, 0x0, 0x0, 0x0, 0x94,
    0xbd, 0x5d, 0xed, 0x11, 0x0, 0x74, 0xd4, 0x0,
    0x0, 0x0, 0x0, 0xbc, 0xff, 0xc9, 0x3c, 0x0,
    0x0, 0x9b, 0xad, 0x0, 0x0, 0x0, 0x0, 0xe4,
    0x64, 0x0, 0x0, 0x0, 0x0, 0xc3, 0x85, 0x0,
    0x0, 0x0, 0xb, 0xff, 0x3c, 0x0, 0x0, 0x0,
    0x0, 0xeb, 0x5e, 0x0, 0x0, 0x0, 0x33, 0xff,
    0x14, 0x0, 0x0, 0x0, 0x12, 0xff, 0x36, 0x0,
    0x0, 0x0, 0x5b, 0xec, 0x0, 0x0, 0x0, 0x0,
    0x32, 0xff, 0x19, 0x0, 0x0, 0x0, 0x8d, 0xbe,
    0x0, 0x0, 0x0, 0x0, 0x29, 0xff, 0x2f, 0x0,
    0x0, 0x9, 0xe2, 0x74, 0x0, 0x0, 0x0, 0x0,
    0x1, 0xd2, 0xc1, 0x33, 0x3c, 0xc0, 0xd5, 0xb,
    0x0, 0x0, 0x0, 0x0, 0x0, 0x20, 0xb9, 0xf5,
    0xea, 0x9b, 0x14, 0x0, 0x0, 0x0, 0x0, 0x0,

    /* U+1EEB "ừ" */
    0x0, 0x0, 0x3, 0xc5, 0x84, 0x0, 0x0, 0x0,
    0x0, 0x0, 0x0, 0x0, 0x0, 0x24, 0xe4, 0xd,
    0x0, 0x0, 0x0, 0x0, 0x0, 0x0, 0x0, 0x0,
    0x8, 0x2, 0x0, 0x0, 0x72, 0x1c, 0x0, 0x99,
    0xa3, 0x0, 0x0, 0x31, 0xff, 0x2d, 0xe5, 0xa,
    0x0, 0xc1, 0x7c, 0x0, 0x0, 0x59, 0xff, 0xcd,
    0x4e, 0x0, 0x0, 0xea, 0x55, 0x0, 0x0, 0x82,
    0xbc, 0x0, 0x0, 0x0, 0x13, 0xff, 0x2e, 0x0,
    0x0, 0xab, 0x93, 0x0, 0x0, 0x0, 0x3c, 0xfe,
    0x9, 0x0, 0x0, 0xff, 0x6a, 0x0, 0x0, 0x0,
    0x52, 0xe9, 0x0, 0x0, 0x8, 0xff, 0x41, 0x0,
    0x0, 0x0, 0x33, 0xfc, 0x2b, 0x12, 0xc7, 0xff,
    0x18, 0x0, 0x0, 0x0, 0x0, 0x92, 0xf1, 0xe1,
    0x9c, 0xf0, 0x0, 0x0, 0x0, 0x0,

    /* U+1EEC "Ử" */
    0x0, 0x0, 0x0, 0x0, 0x0, 0x49, 0xb5, 0x19,
    0x0, 0x0, 0x0, 0x0, 0x0, 0x0, 0x0, 0x0,
    0x0, 0x0, 0x88, 0x71, 0x0, 0x0, 0x0, 0x0,
    0x0, 0x0, 0x0, 0x0, 0x0, 0x70, 0xe0, 0x32,
    0x0, 0x0, 0x0, 0x0, 0x0, 0x0, 0x0, 0x0,
    0x0, 0x65, 0x33, 0x0, 0x0, 0x0, 0x0, 0x0,
    0x0, 0x24, 0xff, 0x23, 0x0, 0x0, 0x0, 0x6c,
    0xdb, 0x0, 0xbb, 0x58, 0x0, 0x4c, 0xf9, 0x3,
    0x0, 0x0, 0x0, 0x94, 0xbd, 0x5d, 0xed, 0x11,
    0x0, 0x74, 0xd4, 0x0, 0x0, 0x0, 0x0, 0xbc,
    0xff, 0xc9, 0x3c, 0x0, 0x0, 0x9b, 0xad, 0x0,
    0x0, 0x0, 0x0, 0xe4, 0x64, 0x0, 0x0, 0x0,
    0x0, 0xc3, 0x85, 0x0, 0x0, 0x0, 0xb, 0xff,
    0x3c, 0x0, 0x0, 0x0, 0x0, 0xeb, 0x5e, 0x0,
    0x0, 0x0, 0x33, 0xff, 0x14, 0x0, 0x0, 0x0,
    0x12, 0xff, 0x36, 0x0, 0x0, 0x0, 0x5b, 0xec,
    0x0, 0x0, 0x0, 0x0, 0x32, 0xff, 0x19, 0x0,
    0x0, 0x0, 0x8d, 0xbe, 0x0, 0x0, 0x0, 0x0,
    0x29, 0xff, 0x2f, 0x0, 0x0, 0x9, 0xe2, 0x74,
    0x0, 0x0, 0x0, 0x0, 0x1, 0xd2, 0xc1, 0x33,
    0x3c, 0xc0, 0xd5, 0xb, 0x0, 0x0, 0x0, 0x0,
    0x0, 0x20, 0xb9, 0xf5, 0xea, 0x9b, 0x14, 0x0,
    0x0, 0x0, 0x0, 0x0,

    /* U+1EED "ử" */
    0x0, 0x0, 0x0, 0x0, 0x69, 0xab, 0x11, 0x0,
    0x0, 0x0, 0x0, 0x0, 0x0, 0x0, 0x16, 0xc5,
    0x45, 0x0, 0x0, 0x0, 0x0, 0x0, 0x0, 0x0,
    0xb8, 0x66, 0x1, 0x0, 0x0, 0x0, 0x0, 0x0,
    0x0, 0x0, 0x0, 0x0, 0x0, 0x0, 0x72, 0x1c,
    0x0, 0x99, 0xa3, 0x0, 0x0, 0x31, 0xff, 0x2d,
    0xe5, 0xa, 0x0, 0xc1, 0x7c, 0x0, 0x0, 0x59,
    0xff, 0xcd, 0x4e, 0x0, 0x0, 0xea, 0x55, 0x0,
    0x0, 0x82, 0xbc, 0x0, 0x0, 0x0, 0x13, 0xff,
    0x2e, 0x0, 0x0, 0xab, 0x93, 0x0, 0x0, 0x0,
    0x3c, 0xfe, 0x9, 0x0, 0x0, 0xff, 0x6a, 0x0,
    0x0, 0x0, 0x52, 0xe9, 0x0, 0x0, 0x8, 0xff,
    0x41, 0x0, 0x0, 0x0, 0x33, 0xfc, 0x2b, 0x12,
    0xc7, 0xff, 0x18, 0x0, 0x0, 0x0, 0x0, 0x92,
    0xf1, 0xe1, 0x9c, 0xf0, 0x0, 0x0, 0x0, 0x0,

    /* U+1EEE "Ữ" */
    0x0, 0x0, 0x0, 0x0, 0x0, 0x0, 0x0, 0x0,
    0x0, 0x0, 0x0, 0x0, 0x0, 0x0, 0x0, 0x36,
    0xd1, 0xec, 0xec, 0xe4, 0x22, 0x0, 0x0, 0x0,
    0x0, 0x0, 0x0, 0xf, 0x1c, 0x1c, 0x1b, 0x4,
    0x0, 0x0, 0x0, 0x0, 0x0, 0x24, 0xff, 0x23,
    0x0, 0x0, 0x0, 0x6c, 0xdb, 0x0, 0xbb, 0x58,
    0x0, 0x4c, 0xf9, 0x3, 0x0, 0x0, 0x0, 0x94,
    0xbd, 0x5d, 0xed, 0x11, 0x0, 0x74, 0xd4, 0x0,
    0x0, 0x0, 0x0, 0xbc, 0xff, 0xc9, 0x3c, 0x0,
    0x0, 0x9b, 0xad, 0x0, 0x0, 0x0, 0x0, 0xe4,
    0x64, 0x0, 0x0, 0x0, 0x0, 0xc3, 0x85, 0x0,
    0x0, 0x0, 0xb, 0xff, 0x3c, 0x0, 0x0, 0x0,
    0x0, 0xeb, 0x5e, 0x0, 0x0, 0x0, 0x33, 0xff,
    0x14, 0x0, 0x0, 0x0, 0x12, 0xff, 0x36, 0x0,
    0x0, 0x0, 0x5b, 0xec, 0x0, 0x0, 0x0, 0x0,
    0x32, 0xff, 0x19, 0x0, 0x0, 0x0, 0x8d, 0xbe,
    0x0, 0x0, 0x0, 0x0, 0x29, 0xff, 0x2f, 0x0,
    0x0, 0x9, 0xe2, 0x74, 0x0, 0x0, 0x0, 0x0,
    0x1, 0xd2, 0xc1, 0x33, 0x3c, 0xc0, 0xd5, 0xb,
    0x0, 0x0, 0x0, 0x0, 0x0, 0x20, 0xb9, 0xf5,
    0xea, 0x9b, 0x14, 0x0, 0x0, 0x0, 0x0, 0x0,

    /* U+1EEF "ữ" */
    0x0, 0x0, 0x0, 0x0, 0x0, 0x0, 0xa, 0x1,
    0x0, 0x0, 0x0, 0x0, 0x26, 0xe7, 0x9f, 0x9,
    0xd3, 0x16, 0x0, 0x0, 0x0, 0x0, 0x97, 0x64,
    0x60, 0xf5, 0xa4, 0x0, 0x0, 0x0, 0x0, 0x0,
    0x14, 0x3, 0x0, 0xc, 0x1, 0x0, 0x5f, 0x18,
    0x0, 0x99, 0xa3, 0x0, 0x0, 0x31, 0xff, 0x29,
    0xe5, 0xc, 0x0, 0xc1, 0x7c, 0x0, 0x0, 0x59,
    0xff, 0xcc, 0x50, 0x0, 0x0, 0xea, 0x55, 0x0,
    0x0, 0x82, 0xbc, 0x0, 0x0, 0x0, 0x13, 0xff,
    0x2e, 0x0, 0x0, 0xab, 0x93, 0x0, 0x0, 0x0,
    0x3c, 0xfe, 0x9, 0x0, 0x0, 0xff, 0x6a, 0x0,
    0x0, 0x0, 0x52, 0xe9, 0x0, 0x0, 0x8, 0xff,
    0x41, 0x0, 0x0, 0x0, 0x33, 0xfc, 0x2b, 0x12,
    0xc7, 0xff, 0x18, 0x0, 0x0, 0x0, 0x0, 0x92,
    0xf1, 0xe1, 0x9c, 0xf0, 0x0, 0x0, 0x0, 0x0,

    /* U+1EF0 "Ự" */
    0x0, 0x24, 0xff, 0x23, 0x0, 0x0, 0x0, 0x6c,
    0xdb, 0x0, 0xbb, 0x58, 0x0, 0x4c, 0xf9, 0x3,
    0x0, 0x0, 0x0, 0x94, 0xbd, 0x5d, 0xed, 0x11,
    0x0, 0x74, 0xd4, 0x0, 0x0, 0x0, 0x0, 0xbc,
    0xff, 0xc9, 0x3c, 0x0, 0x0, 0x9b, 0xad, 0x0,
    0x0, 0x0, 0x0, 0xe4, 0x64, 0x0, 0x0, 0x0,
    0x0, 0xc3, 0x85, 0x0, 0x0, 0x0, 0xb, 0xff,
    0x3c, 0x0, 0x0, 0x0, 0x0, 0xeb, 0x5e, 0x0,
    0x0, 0x0, 0x33, 0xff, 0x14, 0x0, 0x0, 0x0,
    0x12, 0xff, 0x36, 0x0, 0x0, 0x0, 0x5b, 0xec,
    0x0, 0x0, 0x0, 0x0, 0x32, 0xff, 0x19, 0x0,
    0x0, 0x0, 0x8d, 0xbe, 0x0, 0x0, 0x0, 0x0,
    0x29, 0xff, 0x2f, 0x0, 0x0, 0x9, 0xe2, 0x74,
    0x0, 0x0, 0x0, 0x0, 0x1, 0xd2, 0xc1, 0x33,
    0x3c, 0xc0, 0xd5, 0xb, 0x0, 0x0, 0x0, 0x0,
    0x0, 0x20, 0xb9, 0xf5, 0xea, 0x9b, 0x14, 0x0,
    0x0, 0x0, 0x0, 0x0, 0x0, 0x0, 0x0, 0x0,
    0x0, 0x0, 0x0, 0x0, 0x0, 0x0, 0x0, 0x0,
    0x0, 0x0, 0x14, 0xe3, 0x24, 0x0, 0x0, 0x0,
    0x0, 0x0, 0x0, 0x0, 0x0, 0x0, 0x4, 0x73,
    0xa, 0x0, 0x0, 0x0, 0x0, 0x0, 0x0, 0x0,

    /* U+1EF1 "ự" */
    0x0, 0x0, 0x0, 0x0, 0x0, 0x0, 0x0, 0x0,
    0x5f, 0x18, 0x0, 0x99, 0xa3, 0x0, 0x0, 0x31,
    0xff, 0x29, 0xe5, 0xc, 0x0, 0xc1, 0x7c, 0x0,
    0x0, 0x59, 0xff, 0xcc, 0x50, 0x0, 0x0, 0xea,
    0x55, 0x0, 0x0, 0x82, 0xbc, 0x0, 0x0, 0x0,
    0x13, 0xff, 0x2e, 0x0, 0x0, 0xab, 0x93, 0x0,
    0x0, 0x0, 0x3c, 0xfe, 0x9, 0x0, 0x0, 0xff,
    0x6a, 0x0, 0x0, 0x0, 0x52, 0xe9, 0x0, 0x0,
    0x8, 0xff, 0x41, 0x0, 0x0, 0x0, 0x33, 0xfc,
    0x2b, 0x12, 0xc7, 0xff, 0x18, 0x0, 0x0, 0x0,
    0x0, 0x92, 0xf1, 0xe1, 0x9c, 0xf0, 0x0, 0x0,
    0x0, 0x0, 0x0, 0x0, 0x0, 0x0, 0x0, 0x0,
    0x0, 0x0, 0x0, 0x0, 0x0, 0x0, 0xd5, 0x46,
    0x0, 0x0, 0x0, 0x0, 0x0, 0x0, 0x0, 0x0,
    0x67, 0x19, 0x0, 0x0, 0x0, 0x0, 0x0, 0x0,

    /* U+1EF2 "Ỳ" */
    0x0, 0x0, 0x27, 0x7e, 0x6, 0x0, 0x0, 0x0,
    0x0, 0x0, 0x0, 0x3, 0xc5, 0x67, 0x0, 0x0,
    0x0, 0x0, 0x0, 0x0, 0x0, 0x20, 0x62, 0x0,
    0x0, 0x0, 0x0, 0xaf, 0xb1, 0x0, 0x0, 0x0,
    0x0, 0xbe, 0xc4, 0x1, 0x5b, 0xf5, 0x8, 0x0,
    0x0, 0x5b, 0xf9, 0x29, 0x0, 0xe, 0xf9, 0x4a,
    0x0, 0xf, 0xe8, 0x7e, 0x0, 0x0, 0x0, 0xb4,
    0x96, 0x0, 0x94, 0xd4, 0x5, 0x0, 0x0, 0x0,
    0x61, 0xe1, 0x34, 0xfa, 0x38, 0x0, 0x0, 0x0,
    0x0, 0x12, 0xfb, 0xe1, 0x92, 0x0, 0x0, 0x0,
    0x0, 0x0, 0x0, 0xbc, 0xe1, 0xc, 0x0, 0x0,
    0x0, 0x0, 0x0, 0x0, 0xbc, 0x8d, 0x0, 0x0,
    0x0, 0x0, 0x0, 0x0, 0x0, 0xe4, 0x65, 0x0,
    0x0, 0x0, 0x0, 0x0, 0x0, 0xc, 0xff, 0x3c,
    0x0, 0x0, 0x0, 0x0, 0x0, 0x0, 0x34, 0xff,
    0x14, 0x0, 0x0, 0x0, 0x0, 0x0,

    /* U+1EF3 "ỳ" */
    0x0, 0x0, 0x0, 0x3b, 0xf4, 0x1b, 0x0, 0x0,
    0x0, 0x0, 0x0, 0x0, 0x7b, 0x86, 0x0, 0x0,
    0x0, 0x0, 0x0, 0x0, 0x0, 0x0, 0x0, 0x0,
    0x0, 0x2f, 0xff, 0x1a, 0x0, 0x0, 0xba, 0x9d,
    0x0, 0x7, 0xfc, 0x3f, 0x0, 0x2e, 0xfc, 0x25,
    0x0, 0x0, 0xd8, 0x64, 0x0, 0xa2, 0xa7, 0x0,
    0x0, 0x0, 0xad, 0x89, 0x1b, 0xf9, 0x2d, 0x0,
    0x0, 0x0, 0x82, 0xaf, 0x8a, 0xb1, 0x0, 0x0,
    0x0, 0x0, 0x57, 0xe1, 0xef, 0x36, 0x0, 0x0,
    0x0, 0x0, 0x2c, 0xff, 0xbb, 0x0, 0x0, 0x0,
    0x0, 0x0, 0xb, 0xff, 0x40, 0x0, 0x0, 0x0,
    0x0, 0x0, 0x67, 0xc5, 0x0, 0x0, 0x0, 0x0,
    0x1b, 0x5f, 0xef, 0x41, 0x0, 0x0, 0x0, 0x0,
    0x87, 0xed, 0x6b, 0x0, 0x0, 0x0, 0x0, 0x0,

    /* U+1EF5 "ỵ" */
    0x0, 0x2f, 0xff, 0x1a, 0x0, 0x0, 0xba, 0x9d,
    0x0, 0x7, 0xfc, 0x3f, 0x0, 0x2e, 0xfc, 0x25,
    0x0, 0x0, 0xd8, 0x64, 0x0, 0xa2, 0xa7, 0x0,
    0x0, 0x0, 0xad, 0x89, 0x1b, 0xf9, 0x2d, 0x0,
    0x0, 0x0, 0x82, 0xaf, 0x8a, 0xb1, 0x0, 0x0,
    0x0, 0x0, 0x57, 0xe1, 0xef, 0x36, 0x0, 0x0,
    0x0, 0x0, 0x2c, 0xff, 0xbb, 0x0, 0x0, 0x0,
    0x0, 0x0, 0xb, 0xff, 0x40, 0x0, 0x0, 0x0,
    0x0, 0x0, 0x67, 0xc5, 0x0, 0x0, 0x0, 0x0,
    0x1b, 0x5f, 0xef, 0x41, 0x13, 0x0, 0x0, 0x0,
    0x87, 0xed, 0x6b, 0x23, 0xfe, 0x20, 0x0, 0x0,
    0x0, 0x0, 0x0, 0x5, 0x60, 0x3, 0x0, 0x0,

    /* U+1EF6 "Ỷ" */
    0x0, 0x0, 0x0, 0x0, 0xac, 0x88, 0x0, 0x0,
    0x0, 0x0, 0x0, 0x0, 0x6, 0x75, 0xb8, 0x0,
    0x0, 0x0, 0x0, 0x0, 0x0, 0xf, 0x57, 0x0,
    0x0, 0x0, 0x0, 0xaf, 0xb1, 0x0, 0x0, 0x0,
    0x0, 0xbe, 0xc4, 0x1, 0x5b, 0xf5, 0x8, 0x0,
    0x0, 0x5b, 0xf9, 0x29, 0x0, 0xe, 0xf9, 0x4a,
    0x0, 0xf, 0xe8, 0x7e, 0x0, 0x0, 0x0, 0xb4,
    0x96, 0x0, 0x94, 0xd4, 0x5, 0x0, 0x0, 0x0,
    0x61, 0xe1, 0x34, 0xfa, 0x38, 0x0, 0x0, 0x0,
    0x0, 0x12, 0xfb, 0xe1, 0x92, 0x0, 0x0, 0x0,
    0x0, 0x0, 0x0, 0xbc, 0xe1, 0xc, 0x0, 0x0,
    0x0, 0x0, 0x0, 0x0, 0xbc, 0x8d, 0x0, 0x0,
    0x0, 0x0, 0x0, 0x0, 0x0, 0xe4, 0x65, 0x0,
    0x0, 0x0, 0x0, 0x0, 0x0, 0xc, 0xff, 0x3c,
    0x0, 0x0, 0x0, 0x0, 0x0, 0x0, 0x34, 0xff,
    0x14, 0x0, 0x0, 0x0, 0x0, 0x0,

    /* U+1EF7 "ỷ" */
    0x0, 0x0, 0x0, 0x0, 0x1, 0xc1, 0x68, 0x0,
    0x0, 0x0, 0x0, 0x0, 0x5, 0x56, 0xcd, 0x0,
    0x0, 0x0, 0x0, 0x0, 0x2f, 0xb5, 0x17, 0x0,
    0x0, 0x0, 0x0, 0x0, 0x0, 0x0, 0x0, 0x0,
    0x0, 0x2f, 0xff, 0x1a, 0x0, 0x0, 0xba, 0x9d,
    0x0, 0x7, 0xfc, 0x3f, 0x0, 0x2e, 0xfc, 0x25,
    0x0, 0x0, 0xd8, 0x64, 0x0, 0xa2, 0xa7, 0x0,
    0x0, 0x0, 0xad, 0x89, 0x1b, 0xf9, 0x2d, 0x0,
    0x0, 0x0, 0x82, 0xaf, 0x8a, 0xb1, 0x0, 0x0,
    0x0, 0x0, 0x57, 0xe1, 0xef, 0x36, 0x0, 0x0,
    0x0, 0x0, 0x2c, 0xff, 0xbb, 0x0, 0x0, 0x0,
    0x0, 0x0, 0xb, 0xff, 0x40, 0x0, 0x0, 0x0,
    0x0, 0x0, 0x67, 0xc5, 0x0, 0x0, 0x0, 0x0,
    0x1b, 0x5f, 0xef, 0x41, 0x0, 0x0, 0x0, 0x0,
    0x87, 0xed, 0x6b, 0x0, 0x0, 0x0, 0x0, 0x0,

    /* U+1EF8 "Ỹ" */
    0x0, 0x0, 0x0, 0x0, 0x0, 0x0, 0x0, 0x0,
    0x0, 0x0, 0x0, 0x64, 0xdb, 0x4d, 0x2e, 0xb9,
    0x0, 0x0, 0x0, 0x4, 0xe0, 0x32, 0x9f, 0xe9,
    0x42, 0x0, 0x0, 0xaf, 0xb1, 0x0, 0x0, 0x0,
    0x0, 0xbe, 0xc4, 0x1, 0x5b, 0xf5, 0x8, 0x0,
    0x0, 0x5b, 0xf9, 0x29, 0x0, 0xe, 0xf9, 0x4a,
    0x0, 0xf, 0xe8, 0x7e, 0x0, 0x0, 0x0, 0xb4,
    0x96, 0x0, 0x94, 0xd4, 0x5, 0x0, 0x0, 0x0,
    0x61, 0xe1, 0x34, 0xfa, 0x38, 0x0, 0x0, 0x0,
    0x0, 0x12, 0xfb, 0xe1, 0x92, 0x0, 0x0, 0x0,
    0x0, 0x0, 0x0, 0xbc, 0xe1, 0xc, 0x0, 0x0,
    0x0, 0x0, 0x0, 0x0, 0xbc, 0x8d, 0x0, 0x0,
    0x0, 0x0, 0x0, 0x0, 0x0, 0xe4, 0x65, 0x0,
    0x0, 0x0, 0x0, 0x0, 0x0, 0xc, 0xff, 0x3c,
    0x0, 0x0, 0x0, 0x0, 0x0, 0x0, 0x34, 0xff,
    0x14, 0x0, 0x0, 0x0, 0x0, 0x0,

    /* U+1EF9 "ỹ" */
    0x0, 0x0, 0x0, 0x0, 0x0, 0x0, 0x2, 0x9,
    0x0, 0x0, 0x0, 0x86, 0xe8, 0x44, 0x4c, 0xa1,
    0x0, 0x0, 0xe, 0xdc, 0x23, 0xb8, 0xf3, 0x35,
    0x0, 0x0, 0x4, 0x12, 0x0, 0x0, 0xb, 0x0,
    0x0, 0x2f, 0xff, 0x1a, 0x0, 0x0, 0xba, 0x9d,
    0x0, 0x7, 0xfc, 0x3f, 0x0, 0x2e, 0xfc, 0x25,
    0x0, 0x0, 0xd8, 0x64, 0x0, 0xa2, 0xa7, 0x0,
    0x0, 0x0, 0xad, 0x89, 0x1b, 0xf9, 0x2d, 0x0,
    0x0, 0x0, 0x82, 0xaf, 0x8a, 0xb1, 0x0, 0x0,
    0x0, 0x0, 0x57, 0xe1, 0xef, 0x36, 0x0, 0x0,
    0x0, 0x0, 0x2c, 0xff, 0xbb, 0x0, 0x0, 0x0,
    0x0, 0x0, 0xb, 0xff, 0x40, 0x0, 0x0, 0x0,
    0x0, 0x0, 0x67, 0xc5, 0x0, 0x0, 0x0, 0x0,
    0x1b, 0x5f, 0xef, 0x41, 0x0, 0x0, 0x0, 0x0,
    0x87, 0xed, 0x6b, 0x0, 0x0, 0x0, 0x0, 0x0
};

/*---------------------
 *  GLYPH DESCRIPTION
 *--------------------*/

static const lv_font_fmt_txt_glyph_dsc_t glyph_dsc[] = {
    {.bitmap_index = 0, .adv_w = 0, .box_w = 0, .box_h = 0, .ofs_x = 0, .ofs_y = 0} /* id = 0 reserved */,
    {.bitmap_index = 0, .adv_w = 55, .box_w = 0, .box_h = 0, .ofs_x = 0, .ofs_y = 0},
    {.bitmap_index = 0, .adv_w = 56, .box_w = 4, .box_h = 11, .ofs_x = 0, .ofs_y = 0},
    {.bitmap_index = 44, .adv_w = 70, .box_w = 4, .box_h = 4, .ofs_x = 1, .ofs_y = 7},
    {.bitmap_index = 60, .adv_w = 134, .box_w = 9, .box_h = 11, .ofs_x = 0, .ofs_y = 0},
    {.bitmap_index = 159, .adv_w = 122, .box_w = 8, .box_h = 15, .ofs_x = 0, .ofs_y = -2},
    {.bitmap_index = 279, .adv_w = 159, .box_w = 9, .box_h = 11, .ofs_x = 1, .ofs_y = 0},
    {.bitmap_index = 378, .adv_w = 135, .box_w = 8, .box_h = 11, .ofs_x = 0, .ofs_y = 0},
    {.bitmap_index = 466, .adv_w = 38, .box_w = 2, .box_h = 4, .ofs_x = 1, .ofs_y = 7},
    {.bitmap_index = 474, .adv_w = 74, .box_w = 6, .box_h = 16, .ofs_x = 0, .ofs_y = -4},
    {.bitmap_index = 570, .adv_w = 76, .box_w = 5, .box_h = 16, .ofs_x = -1, .ofs_y = -4},
    {.bitmap_index = 650, .adv_w = 94, .box_w = 7, .box_h = 7, .ofs_x = 0, .ofs_y = 4},
    {.bitmap_index = 699, .adv_w = 123, .box_w = 8, .box_h = 9, .ofs_x = 0, .ofs_y = 1},
    {.bitmap_index = 771, .adv_w = 43, .box_w = 3, .box_h = 4, .ofs_x = -1, .ofs_y = -2},
    {.bitmap_index = 783, .adv_w = 60, .box_w = 4, .box_h = 2, .ofs_x = 0, .ofs_y = 3},
    {.bitmap_index = 791, .adv_w = 57, .box_w = 2, .box_h = 2, .ofs_x = 0, .ofs_y = 0},
    {.bitmap_index = 795, .adv_w = 90, .box_w = 8, .box_h = 12, .ofs_x = -1, .ofs_y = -1},
    {.bitmap_index = 891, .adv_w = 122, .box_w = 8, .box_h = 11, .ofs_x = 0, .ofs_y = 0},
    {.bitmap_index = 979, .adv_w = 122, .box_w = 5, .box_h = 11, .ofs_x = 1, .ofs_y = 0},
    {.bitmap_index = 1034, .adv_w = 122, .box_w = 8, .box_h = 11, .ofs_x = 0, .ofs_y = 0},
    {.bitmap_index = 1122, .adv_w = 122, .box_w = 8, .box_h = 11, .ofs_x = 0, .ofs_y = 0},
    {.bitmap_index = 1210, .adv_w = 122, .box_w = 8, .box_h = 11, .ofs_x = 0, .ofs_y = 0},
    {.bitmap_index = 1298, .adv_w = 122, .box_w = 8, .box_h = 11, .ofs_x = 0, .ofs_y = 0},
    {.bitmap_index = 1386, .adv_w = 122, .box_w = 7, .box_h = 11, .ofs_x = 0, .ofs_y = 0},
    {.bitmap_index = 1463, .adv_w = 122, .box_w = 7, .box_h = 11, .ofs_x = 1, .ofs_y = 0},
    {.bitmap_index = 1540, .adv_w = 122, .box_w = 8, .box_h = 11, .ofs_x = 0, .ofs_y = 0},
    {.bitmap_index = 1628, .adv_w = 122, .box_w = 7, .box_h = 11, .ofs_x = 1, .ofs_y = 0},
    {.bitmap_index = 1705, .adv_w = 54, .box_w = 3, .box_h = 8, .ofs_x = 0, .ofs_y = 0},
    {.bitmap_index = 1729, .adv_w = 47, .box_w = 4, .box_h = 10, .ofs_x = -1, .ofs_y = -2},
    {.bitmap_index = 1769, .adv_w = 110, .box_w = 7, .box_h = 7, .ofs_x = 0, .ofs_y = 1},
    {.bitmap_index = 1818, .adv_w = 119, .box_w = 7, .box_h = 5, .ofs_x = 0, .ofs_y = 2},
    {.bitmap_index = 1853, .adv_w = 114, .box_w = 7, .box_h = 7, .ofs_x = 0, .ofs_y = 1},
    {.bitmap_index = 1902, .adv_w = 103, .box_w = 6, .box_h = 11, .ofs_x = 1, .ofs_y = 0},
    {.bitmap_index = 1968, .adv_w = 195, .box_w = 12, .box_h = 14, .ofs_x = 0, .ofs_y = -3},
    {.bitmap_index = 2136, .adv_w = 142, .box_w = 9, .box_h = 11, .ofs_x = -1, .ofs_y = 0},
    {.bitmap_index = 2235, .adv_w = 135, .box_w = 9, .box_h = 11, .ofs_x = 0, .ofs_y = 0},
    {.bitmap_index = 2334, .adv_w = 141, .box_w = 9, .box_h = 11, .ofs_x = 0, .ofs_y = 0},
    {.bitmap_index = 2433, .adv_w = 143, .box_w = 9, .box_h = 11, .ofs_x = 0, .ofs_y = 0},
    {.bitmap_index = 2532, .adv_w = 123, .box_w = 9, .box_h = 11, .ofs_x = 0, .ofs_y = 0},
    {.bitmap_index = 2631, .adv_w = 120, .box_w = 9, .box_h = 11, .ofs_x = 0, .ofs_y = 0},
    {.bitmap_index = 2730, .adv_w = 148, .box_w = 9, .box_h = 11, .ofs_x = 0, .ofs_y = 0},
    {.bitmap_index = 2829, .adv_w = 155, .box_w = 10, .box_h = 11, .ofs_x = 0, .ofs_y = 0},
    {.bitmap_index = 2939, .adv_w = 59, .box_w = 4, .box_h = 11, .ofs_x = 0, .ofs_y = 0},
    {.bitmap_index = 2983, .adv_w = 120, .box_w = 8, .box_h = 11, .ofs_x = 0, .ofs_y = 0},
    {.bitmap_index = 3071, .adv_w = 136, .box_w = 10, .box_h = 11, .ofs_x = 0, .ofs_y = 0},
    {.bitmap_index = 3181, .adv_w = 117, .box_w = 7, .box_h = 11, .ofs_x = 0, .ofs_y = 0},
    {.bitmap_index = 3258, .adv_w = 190, .box_w = 12, .box_h = 11, .ofs_x = 0, .ofs_y = 0},
    {.bitmap_index = 3390, .adv_w = 155, .box_w = 10, .box_h = 11, .ofs_x = 0, .ofs_y = 0},
    {.bitmap_index = 3500, .adv_w = 150, .box_w = 9, .box_h = 11, .ofs_x = 0, .ofs_y = 0},
    {.bitmap_index = 3599, .adv_w = 137, .box_w = 9, .box_h = 11, .ofs_x = 0, .ofs_y = 0},
    {.bitmap_index = 3698, .adv_w = 150, .box_w = 9, .box_h = 13, .ofs_x = 0, .ofs_y = -2},
    {.bitmap_index = 3815, .adv_w = 134, .box_w = 9, .box_h = 11, .ofs_x = 0, .ofs_y = 0},
    {.bitmap_index = 3914, .adv_w = 129, .box_w = 9, .box_h = 11, .ofs_x = 0, .ofs_y = 0},
    {.bitmap_index = 4013, .adv_w = 130, .box_w = 8, .box_h = 11, .ofs_x = 1, .ofs_y = 0},
    {.bitmap_index = 4101, .adv_w = 141, .box_w = 9, .box_h = 11, .ofs_x = 0, .ofs_y = 0},
    {.bitmap_index = 4200, .adv_w = 138, .box_w = 9, .box_h = 11, .ofs_x = 1, .ofs_y = 0},
    {.bitmap_index = 4299, .adv_w = 193, .box_w = 12, .box_h = 11, .ofs_x = 1, .ofs_y = 0},
    {.bitmap_index = 4431, .adv_w = 136, .box_w = 11, .box_h = 11, .ofs_x = -1, .ofs_y = 0},
    {.bitmap_index = 4552, .adv_w = 130, .box_w = 9, .box_h = 11, .ofs_x = 1, .ofs_y = 0},
    {.bitmap_index = 4651, .adv_w = 130, .box_w = 10, .box_h = 11, .ofs_x = -1, .ofs_y = 0},
    {.bitmap_index = 4761, .adv_w = 58, .box_w = 5, .box_h = 15, .ofs_x = 0, .ofs_y = -3},
    {.bitmap_index = 4836, .adv_w = 89, .box_w = 4, .box_h = 12, .ofs_x = 1, .ofs_y = -1},
    {.bitmap_index = 4884, .adv_w = 58, .box_w = 5, .box_h = 15, .ofs_x = -1, .ofs_y = -3},
    {.bitmap_index = 4959, .adv_w = 91, .box_w = 6, .box_h = 6, .ofs_x = 0, .ofs_y = 5},
    {.bitmap_index = 4995, .adv_w = 98, .box_w = 7, .box_h = 2, .ofs_x = -1, .ofs_y = -2},
    {.bitmap_index = 5009, .adv_w = 67, .box_w = 3, .box_h = 2, .ofs_x = 1, .ofs_y = 9},
    {.bitmap_index = 5015, .adv_w = 118, .box_w = 7, .box_h = 8, .ofs_x = 0, .ofs_y = 0},
    {.bitmap_index = 5071, .adv_w = 122, .box_w = 8, .box_h = 11, .ofs_x = 0, .ofs_y = 0},
    {.bitmap_index = 5159, .adv_w = 114, .box_w = 7, .box_h = 8, .ofs_x = 0, .ofs_y = 0},
    {.bitmap_index = 5215, .adv_w = 123, .box_w = 8, .box_h = 11, .ofs_x = 0, .ofs_y = 0},
    {.bitmap_index = 5303, .adv_w = 115, .box_w = 7, .box_h = 8, .ofs_x = 0, .ofs_y = 0},
    {.bitmap_index = 5359, .adv_w = 76, .box_w = 6, .box_h = 11, .ofs_x = 0, .ofs_y = 0},
    {.bitmap_index = 5425, .adv_w = 122, .box_w = 8, .box_h = 11, .ofs_x = 0, .ofs_y = -3},
    {.bitmap_index = 5513, .adv_w = 120, .box_w = 7, .box_h = 11, .ofs_x = 0, .ofs_y = 0},
    {.bitmap_index = 5590, .adv_w = 53, .box_w = 4, .box_h = 11, .ofs_x = 0, .ofs_y = 0},
    {.bitmap_index = 5634, .adv_w = 52, .box_w = 6, .box_h = 14, .ofs_x = -2, .ofs_y = -3},
    {.bitmap_index = 5718, .adv_w = 110, .box_w = 8, .box_h = 11, .ofs_x = 0, .ofs_y = 0},
    {.bitmap_index = 5806, .adv_w = 53, .box_w = 4, .box_h = 11, .ofs_x = 0, .ofs_y = 0},
    {.bitmap_index = 5850, .adv_w = 191, .box_w = 12, .box_h = 8, .ofs_x = 0, .ofs_y = 0},
    {.bitmap_index = 5946, .adv_w = 120, .box_w = 7, .box_h = 8, .ofs_x = 0, .ofs_y = 0},
    {.bitmap_index = 6002, .adv_w = 124, .box_w = 8, .box_h = 8, .ofs_x = 0, .ofs_y = 0},
    {.bitmap_index = 6066, .adv_w = 122, .box_w = 8, .box_h = 11, .ofs_x = -1, .ofs_y = -3},
    {.bitmap_index = 6154, .adv_w = 123, .box_w = 8, .box_h = 11, .ofs_x = 0, .ofs_y = -3},
    {.bitmap_index = 6242, .adv_w = 74, .box_w = 5, .box_h = 9, .ofs_x = 0, .ofs_y = 0},
    {.bitmap_index = 6287, .adv_w = 112, .box_w = 7, .box_h = 8, .ofs_x = 0, .ofs_y = 0},
    {.bitmap_index = 6343, .adv_w = 71, .box_w = 5, .box_h = 10, .ofs_x = 0, .ofs_y = 0},
    {.bitmap_index = 6393, .adv_w = 120, .box_w = 8, .box_h = 8, .ofs_x = 0, .ofs_y = 0},
    {.bitmap_index = 6457, .adv_w = 105, .box_w = 7, .box_h = 8, .ofs_x = 0, .ofs_y = 0},
    {.bitmap_index = 6513, .adv_w = 163, .box_w = 11, .box_h = 8, .ofs_x = 0, .ofs_y = 0},
    {.bitmap_index = 6601, .adv_w = 108, .box_w = 8, .box_h = 8, .ofs_x = -1, .ofs_y = 0},
    {.bitmap_index = 6665, .adv_w = 103, .box_w = 8, .box_h = 11, .ofs_x = -1, .ofs_y = -3},
    {.bitmap_index = 6753, .adv_w = 108, .box_w = 8, .box_h = 8, .ofs_x = -1, .ofs_y = 0},
    {.bitmap_index = 6817, .adv_w = 74, .box_w = 6, .box_h = 15, .ofs_x = 0, .ofs_y = -3},
    {.bitmap_index = 6907, .adv_w = 53, .box_w = 4, .box_h = 13, .ofs_x = 0, .ofs_y = -2},
    {.bitmap_index = 6959, .adv_w = 74, .box_w = 6, .box_h = 15, .ofs_x = -1, .ofs_y = -3},
    {.bitmap_index = 7049, .adv_w = 148, .box_w = 9, .box_h = 4, .ofs_x = 0, .ofs_y = 2},
    {.bitmap_index = 7085, .adv_w = 142, .box_w = 9, .box_h = 14, .ofs_x = -1, .ofs_y = 0},
    {.bitmap_index = 7211, .adv_w = 142, .box_w = 10, .box_h = 14, .ofs_x = -1, .ofs_y = 0},
    {.bitmap_index = 7351, .adv_w = 142, .box_w = 9, .box_h = 14, .ofs_x = -1, .ofs_y = 0},
    {.bitmap_index = 7477, .adv_w = 142, .box_w = 10, .box_h = 14, .ofs_x = -1, .ofs_y = 0},
    {.bitmap_index = 7617, .adv_w = 123, .box_w = 9, .box_h = 14, .ofs_x = 0, .ofs_y = 0},
    {.bitmap_index = 7743, .adv_w = 123, .box_w = 9, .box_h = 14, .ofs_x = 0, .ofs_y = 0},
    {.bitmap_index = 7869, .adv_w = 123, .box_w = 9, .box_h = 14, .ofs_x = 0, .ofs_y = 0},
    {.bitmap_index = 7995, .adv_w = 59, .box_w = 4, .box_h = 14, .ofs_x = 0, .ofs_y = 0},
    {.bitmap_index = 8051, .adv_w = 59, .box_w = 6, .box_h = 14, .ofs_x = 0, .ofs_y = 0},
    {.bitmap_index = 8135, .adv_w = 150, .box_w = 9, .box_h = 14, .ofs_x = 0, .ofs_y = 0},
    {.bitmap_index = 8261, .adv_w = 150, .box_w = 9, .box_h = 14, .ofs_x = 0, .ofs_y = 0},
    {.bitmap_index = 8387, .adv_w = 150, .box_w = 9, .box_h = 14, .ofs_x = 0, .ofs_y = 0},
    {.bitmap_index = 8513, .adv_w = 150, .box_w = 9, .box_h = 14, .ofs_x = 0, .ofs_y = 0},
    {.bitmap_index = 8639, .adv_w = 141, .box_w = 9, .box_h = 14, .ofs_x = 0, .ofs_y = 0},
    {.bitmap_index = 8765, .adv_w = 141, .box_w = 9, .box_h = 14, .ofs_x = 0, .ofs_y = 0},
    {.bitmap_index = 8891, .adv_w = 130, .box_w = 9, .box_h = 14, .ofs_x = 1, .ofs_y = 0},
    {.bitmap_index = 9017, .adv_w = 118, .box_w = 7, .box_h = 11, .ofs_x = 0, .ofs_y = 0},
    {.bitmap_index = 9094, .adv_w = 118, .box_w = 8, .box_h = 11, .ofs_x = 0, .ofs_y = 0},
    {.bitmap_index = 9182, .adv_w = 118, .box_w = 7, .box_h = 11, .ofs_x = 0, .ofs_y = 0},
    {.bitmap_index = 9259, .adv_w = 118, .box_w = 8, .box_h = 12, .ofs_x = 0, .ofs_y = 0},
    {.bitmap_index = 9355, .adv_w = 115, .box_w = 7, .box_h = 11, .ofs_x = 0, .ofs_y = 0},
    {.bitmap_index = 9432, .adv_w = 115, .box_w = 7, .box_h = 11, .ofs_x = 0, .ofs_y = 0},
    {.bitmap_index = 9509, .adv_w = 115, .box_w = 7, .box_h = 11, .ofs_x = 0, .ofs_y = 0},
    {.bitmap_index = 9586, .adv_w = 54, .box_w = 4, .box_h = 11, .ofs_x = 0, .ofs_y = 0},
    {.bitmap_index = 9630, .adv_w = 54, .box_w = 5, .box_h = 11, .ofs_x = 0, .ofs_y = 0},
    {.bitmap_index = 9685, .adv_w = 124, .box_w = 8, .box_h = 11, .ofs_x = 0, .ofs_y = 0},
    {.bitmap_index = 9773, .adv_w = 124, .box_w = 8, .box_h = 11, .ofs_x = 0, .ofs_y = 0},
    {.bitmap_index = 9861, .adv_w = 124, .box_w = 8, .box_h = 11, .ofs_x = 0, .ofs_y = 0},
    {.bitmap_index = 9949, .adv_w = 124, .box_w = 8, .box_h = 12, .ofs_x = 0, .ofs_y = 0},
    {.bitmap_index = 10045, .adv_w = 120, .box_w = 8, .box_h = 11, .ofs_x = 0, .ofs_y = 0},
    {.bitmap_index = 10133, .adv_w = 120, .box_w = 8, .box_h = 11, .ofs_x = 0, .ofs_y = 0},
    {.bitmap_index = 10221, .adv_w = 103, .box_w = 8, .box_h = 14, .ofs_x = -1, .ofs_y = -3},
    {.bitmap_index = 10333, .adv_w = 142, .box_w = 9, .box_h = 13, .ofs_x = -1, .ofs_y = 0},
    {.bitmap_index = 10450, .adv_w = 118, .box_w = 7, .box_h = 11, .ofs_x = 0, .ofs_y = 0},
    {.bitmap_index = 10527, .adv_w = 146, .box_w = 9, .box_h = 11, .ofs_x = 0, .ofs_y = 0},
    {.bitmap_index = 10626, .adv_w = 130, .box_w = 9, .box_h = 11, .ofs_x = 0, .ofs_y = 0},
    {.bitmap_index = 10725, .adv_w = 59, .box_w = 6, .box_h = 14, .ofs_x = 0, .ofs_y = 0},
    {.bitmap_index = 10809, .adv_w = 54, .box_w = 6, .box_h = 12, .ofs_x = 0, .ofs_y = 0},
    {.bitmap_index = 10881, .adv_w = 141, .box_w = 9, .box_h = 14, .ofs_x = 0, .ofs_y = 0},
    {.bitmap_index = 11007, .adv_w = 120, .box_w = 8, .box_h = 12, .ofs_x = 0, .ofs_y = 0},
    {.bitmap_index = 11103, .adv_w = 149, .box_w = 11, .box_h = 12, .ofs_x = 0, .ofs_y = 0},
    {.bitmap_index = 11235, .adv_w = 124, .box_w = 9, .box_h = 9, .ofs_x = 0, .ofs_y = 0},
    {.bitmap_index = 11316, .adv_w = 151, .box_w = 12, .box_h = 11, .ofs_x = 0, .ofs_y = 0},
    {.bitmap_index = 11448, .adv_w = 134, .box_w = 10, .box_h = 9, .ofs_x = 0, .ofs_y = 0},
    {.bitmap_index = 11538, .adv_w = 142, .box_w = 9, .box_h = 14, .ofs_x = -1, .ofs_y = -3},
    {.bitmap_index = 11664, .adv_w = 118, .box_w = 7, .box_h = 11, .ofs_x = 0, .ofs_y = -3},
    {.bitmap_index = 11741, .adv_w = 142, .box_w = 9, .box_h = 14, .ofs_x = -1, .ofs_y = 0},
    {.bitmap_index = 11867, .adv_w = 118, .box_w = 7, .box_h = 12, .ofs_x = 0, .ofs_y = 0},
    {.bitmap_index = 11951, .adv_w = 142, .box_w = 12, .box_h = 15, .ofs_x = -1, .ofs_y = 0},
    {.bitmap_index = 12131, .adv_w = 118, .box_w = 10, .box_h = 13, .ofs_x = 0, .ofs_y = 0},
    {.bitmap_index = 12261, .adv_w = 142, .box_w = 9, .box_h = 14, .ofs_x = -1, .ofs_y = 0},
    {.bitmap_index = 12387, .adv_w = 118, .box_w = 7, .box_h = 12, .ofs_x = 0, .ofs_y = 0},
    {.bitmap_index = 12471, .adv_w = 142, .box_w = 11, .box_h = 15, .ofs_x = -1, .ofs_y = 0},
    {.bitmap_index = 12636, .adv_w = 118, .box_w = 9, .box_h = 13, .ofs_x = 0, .ofs_y = 0},
    {.bitmap_index = 12753, .adv_w = 142, .box_w = 9, .box_h = 15, .ofs_x = -1, .ofs_y = 0},
    {.bitmap_index = 12888, .adv_w = 118, .box_w = 7, .box_h = 13, .ofs_x = 0, .ofs_y = 0},
    {.bitmap_index = 12979, .adv_w = 142, .box_w = 9, .box_h = 17, .ofs_x = -1, .ofs_y = -3},
    {.bitmap_index = 13132, .adv_w = 118, .box_w = 7, .box_h = 14, .ofs_x = 0, .ofs_y = -3},
    {.bitmap_index = 13230, .adv_w = 142, .box_w = 9, .box_h = 15, .ofs_x = -1, .ofs_y = 0},
    {.bitmap_index = 13365, .adv_w = 118, .box_w = 7, .box_h = 12, .ofs_x = 0, .ofs_y = 0},
    {.bitmap_index = 13449, .adv_w = 142, .box_w = 9, .box_h = 15, .ofs_x = -1, .ofs_y = 0},
    {.bitmap_index = 13584, .adv_w = 118, .box_w = 7, .box_h = 13, .ofs_x = 0, .ofs_y = 0},
    {.bitmap_index = 13675, .adv_w = 142, .box_w = 9, .box_h = 16, .ofs_x = -1, .ofs_y = 0},
    {.bitmap_index = 13819, .adv_w = 118, .box_w = 7, .box_h = 13, .ofs_x = 0, .ofs_y = 0},
    {.bitmap_index = 13910, .adv_w = 142, .box_w = 9, .box_h = 15, .ofs_x = -1, .ofs_y = 0},
    {.bitmap_index = 14045, .adv_w = 118, .box_w = 8, .box_h = 13, .ofs_x = 0, .ofs_y = 0},
    {.bitmap_index = 14149, .adv_w = 142, .box_w = 9, .box_h = 16, .ofs_x = -1, .ofs_y = -3},
    {.bitmap_index = 14293, .adv_w = 118, .box_w = 7, .box_h = 14, .ofs_x = 0, .ofs_y = -3},
    {.bitmap_index = 14391, .adv_w = 123, .box_w = 9, .box_h = 14, .ofs_x = 0, .ofs_y = -3},
    {.bitmap_index = 14517, .adv_w = 115, .box_w = 7, .box_h = 11, .ofs_x = 0, .ofs_y = -3},
    {.bitmap_index = 14594, .adv_w = 123, .box_w = 9, .box_h = 15, .ofs_x = 0, .ofs_y = 0},
    {.bitmap_index = 14729, .adv_w = 115, .box_w = 7, .box_h = 12, .ofs_x = 0, .ofs_y = 0},
    {.bitmap_index = 14813, .adv_w = 123, .box_w = 9, .box_h = 14, .ofs_x = 0, .ofs_y = 0},
    {.bitmap_index = 14939, .adv_w = 115, .box_w = 8, .box_h = 12, .ofs_x = 0, .ofs_y = 0},
    {.bitmap_index = 15035, .adv_w = 123, .box_w = 11, .box_h = 15, .ofs_x = 0, .ofs_y = 0},
    {.bitmap_index = 15200, .adv_w = 115, .box_w = 10, .box_h = 13, .ofs_x = 0, .ofs_y = 0},
    {.bitmap_index = 15330, .adv_w = 123, .box_w = 9, .box_h = 15, .ofs_x = 0, .ofs_y = 0},
    {.bitmap_index = 15465, .adv_w = 115, .box_w = 7, .box_h = 12, .ofs_x = 0, .ofs_y = 0},
    {.bitmap_index = 15549, .adv_w = 123, .box_w = 10, .box_h = 15, .ofs_x = 0, .ofs_y = 0},
    {.bitmap_index = 15699, .adv_w = 115, .box_w = 9, .box_h = 13, .ofs_x = 0, .ofs_y = 0},
    {.bitmap_index = 15816, .adv_w = 123, .box_w = 9, .box_h = 15, .ofs_x = 0, .ofs_y = 0},
    {.bitmap_index = 15951, .adv_w = 115, .box_w = 7, .box_h = 13, .ofs_x = 0, .ofs_y = 0},
    {.bitmap_index = 16042, .adv_w = 123, .box_w = 9, .box_h = 17, .ofs_x = 0, .ofs_y = -3},
    {.bitmap_index = 16195, .adv_w = 115, .box_w = 7, .box_h = 14, .ofs_x = 0, .ofs_y = -3},
    {.bitmap_index = 16293, .adv_w = 59, .box_w = 5, .box_h = 15, .ofs_x = 0, .ofs_y = 0},
    {.bitmap_index = 16368, .adv_w = 54, .box_w = 5, .box_h = 12, .ofs_x = 0, .ofs_y = 0},
    {.bitmap_index = 16428, .adv_w = 59, .box_w = 4, .box_h = 14, .ofs_x = 0, .ofs_y = -3},
    {.bitmap_index = 16484, .adv_w = 53, .box_w = 5, .box_h = 14, .ofs_x = -1, .ofs_y = -3},
    {.bitmap_index = 16554, .adv_w = 150, .box_w = 9, .box_h = 14, .ofs_x = 0, .ofs_y = -3},
    {.bitmap_index = 16680, .adv_w = 124, .box_w = 8, .box_h = 11, .ofs_x = 0, .ofs_y = -3},
    {.bitmap_index = 16768, .adv_w = 150, .box_w = 9, .box_h = 15, .ofs_x = 0, .ofs_y = 0},
    {.bitmap_index = 16903, .adv_w = 124, .box_w = 8, .box_h = 12, .ofs_x = 0, .ofs_y = 0},
    {.bitmap_index = 16999, .adv_w = 150, .box_w = 11, .box_h = 15, .ofs_x = 0, .ofs_y = 0},
    {.bitmap_index = 17164, .adv_w = 124, .box_w = 10, .box_h = 13, .ofs_x = 0, .ofs_y = 0},
    {.bitmap_index = 17294, .adv_w = 150, .box_w = 9, .box_h = 15, .ofs_x = 0, .ofs_y = 0},
    {.bitmap_index = 17429, .adv_w = 124, .box_w = 8, .box_h = 12, .ofs_x = 0, .ofs_y = 0},
    {.bitmap_index = 17525, .adv_w = 150, .box_w = 10, .box_h = 15, .ofs_x = 0, .ofs_y = 0},
    {.bitmap_index = 17675, .adv_w = 124, .box_w = 9, .box_h = 13, .ofs_x = 0, .ofs_y = 0},
    {.bitmap_index = 17792, .adv_w = 150, .box_w = 9, .box_h = 15, .ofs_x = 0, .ofs_y = 0},
    {.bitmap_index = 17927, .adv_w = 124, .box_w = 8, .box_h = 13, .ofs_x = 0, .ofs_y = 0},
    {.bitmap_index = 18031, .adv_w = 150, .box_w = 9, .box_h = 17, .ofs_x = 0, .ofs_y = -3},
    {.bitmap_index = 18184, .adv_w = 124, .box_w = 8, .box_h = 14, .ofs_x = 0, .ofs_y = -3},
    {.bitmap_index = 18296, .adv_w = 149, .box_w = 11, .box_h = 14, .ofs_x = 0, .ofs_y = 0},
    {.bitmap_index = 18450, .adv_w = 124, .box_w = 9, .box_h = 11, .ofs_x = 0, .ofs_y = 0},
    {.bitmap_index = 18549, .adv_w = 149, .box_w = 11, .box_h = 14, .ofs_x = 0, .ofs_y = 0},
    {.bitmap_index = 18703, .adv_w = 124, .box_w = 9, .box_h = 11, .ofs_x = 0, .ofs_y = 0},
    {.bitmap_index = 18802, .adv_w = 149, .box_w = 11, .box_h = 15, .ofs_x = 0, .ofs_y = 0},
    {.bitmap_index = 18967, .adv_w = 124, .box_w = 9, .box_h = 12, .ofs_x = 0, .ofs_y = 0},
    {.bitmap_index = 19075, .adv_w = 149, .box_w = 11, .box_h = 14, .ofs_x = 0, .ofs_y = 0},
    {.bitmap_index = 19229, .adv_w = 124, .box_w = 9, .box_h = 12, .ofs_x = 0, .ofs_y = 0},
    {.bitmap_index = 19337, .adv_w = 149, .box_w = 11, .box_h = 15, .ofs_x = 0, .ofs_y = -3},
    {.bitmap_index = 19502, .adv_w = 124, .box_w = 9, .box_h = 12, .ofs_x = 0, .ofs_y = -3},
    {.bitmap_index = 19610, .adv_w = 141, .box_w = 9, .box_h = 14, .ofs_x = 0, .ofs_y = -3},
    {.bitmap_index = 19736, .adv_w = 120, .box_w = 8, .box_h = 11, .ofs_x = 0, .ofs_y = -3},
    {.bitmap_index = 19824, .adv_w = 141, .box_w = 9, .box_h = 15, .ofs_x = 0, .ofs_y = 0},
    {.bitmap_index = 19959, .adv_w = 120, .box_w = 8, .box_h = 12, .ofs_x = 0, .ofs_y = 0},
    {.bitmap_index = 20055, .adv_w = 151, .box_w = 12, .box_h = 14, .ofs_x = 0, .ofs_y = 0},
    {.bitmap_index = 20223, .adv_w = 134, .box_w = 10, .box_h = 11, .ofs_x = 0, .ofs_y = 0},
    {.bitmap_index = 20333, .adv_w = 151, .box_w = 12, .box_h = 14, .ofs_x = 0, .ofs_y = 0},
    {.bitmap_index = 20501, .adv_w = 134, .box_w = 10, .box_h = 11, .ofs_x = 0, .ofs_y = 0},
    {.bitmap_index = 20611, .adv_w = 151, .box_w = 12, .box_h = 15, .ofs_x = 0, .ofs_y = 0},
    {.bitmap_index = 20791, .adv_w = 134, .box_w = 10, .box_h = 12, .ofs_x = 0, .ofs_y = 0},
    {.bitmap_index = 20911, .adv_w = 151, .box_w = 12, .box_h = 14, .ofs_x = 0, .ofs_y = 0},
    {.bitmap_index = 21079, .adv_w = 134, .box_w = 10, .box_h = 12, .ofs_x = 0, .ofs_y = 0},
    {.bitmap_index = 21199, .adv_w = 151, .box_w = 12, .box_h = 14, .ofs_x = 0, .ofs_y = -3},
    {.bitmap_index = 21367, .adv_w = 134, .box_w = 10, .box_h = 12, .ofs_x = 0, .ofs_y = -3},
    {.bitmap_index = 21487, .adv_w = 130, .box_w = 9, .box_h = 14, .ofs_x = 1, .ofs_y = 0},
    {.bitmap_index = 21613, .adv_w = 103, .box_w = 8, .box_h = 14, .ofs_x = -1, .ofs_y = -3},
    {.bitmap_index = 21725, .adv_w = 103, .box_w = 8, .box_h = 12, .ofs_x = -1, .ofs_y = -4},
    {.bitmap_index = 21821, .adv_w = 130, .box_w = 9, .box_h = 14, .ofs_x = 1, .ofs_y = 0},
    {.bitmap_index = 21947, .adv_w = 103, .box_w = 8, .box_h = 15, .ofs_x = -1, .ofs_y = -3},
    {.bitmap_index = 22067, .adv_w = 130, .box_w = 9, .box_h = 14, .ofs_x = 1, .ofs_y = 0},
    {.bitmap_index = 22193, .adv_w = 103, .box_w = 8, .box_h = 15, .ofs_x = -1, .ofs_y = -3}
};

/*---------------------
 *  CHARACTER MAPPING
 *--------------------*/

static const uint16_t unicode_list_1[] = {
    0x0, 0x1, 0x2, 0x3, 0x8, 0x9, 0xa, 0xc,
    0xd, 0x12, 0x13, 0x14, 0x15, 0x19, 0x1a, 0x1d,
    0x20, 0x21, 0x22, 0x23, 0x28, 0x29, 0x2a, 0x2c,
    0x2d, 0x32, 0x33, 0x34, 0x35, 0x39, 0x3a, 0x3d,
    0x42, 0x43, 0x50, 0x51, 0x68, 0x69, 0xa8, 0xa9,
    0xe0, 0xe1, 0xef, 0xf0
};

/*Collect the unicode lists and glyph_id offsets*/
static const lv_font_fmt_txt_cmap_t cmaps[] =
{
    {
        .range_start = 32, .range_length = 95, .glyph_id_start = 1,
        .unicode_list = NULL, .glyph_id_ofs_list = NULL, .list_length = 0, .type = LV_FONT_FMT_TXT_CMAP_FORMAT0_TINY
    },
    {
        .range_start = 192, .range_length = 241, .glyph_id_start = 96,
        .unicode_list = unicode_list_1, .glyph_id_ofs_list = NULL, .list_length = 44, .type = LV_FONT_FMT_TXT_CMAP_SPARSE_TINY
    },
    {
        .range_start = 7840, .range_length = 84, .glyph_id_start = 140,
        .unicode_list = NULL, .glyph_id_ofs_list = NULL, .list_length = 0, .type = LV_FONT_FMT_TXT_CMAP_FORMAT0_TINY
    },
    {
        .range_start = 7925, .range_length = 5, .glyph_id_start = 224,
        .unicode_list = NULL, .glyph_id_ofs_list = NULL, .list_length = 0, .type = LV_FONT_FMT_TXT_CMAP_FORMAT0_TINY
    }
};

/*-----------------
 *    KERNING
 *----------------*/

/*Map glyph_ids to kern left classes*/
static const uint8_t kern_left_class_mapping[] =
{
    0, 1, 0, 2, 0, 0, 0, 0,
    2, 3, 0, 0, 0, 4, 0, 4,
    5, 0, 0, 0, 0, 0, 0, 0,
    0, 0, 0, 0, 0, 0, 0, 0,
    0, 0, 6, 7, 8, 9, 10, 11,
    0, 12, 12, 13, 14, 15, 12, 12,
    9, 16, 17, 18, 0, 19, 13, 20,
    21, 22, 23, 24, 25, 0, 0, 0,
    0, 0, 26, 27, 28, 0, 29, 30,
    0, 31, 0, 0, 32, 0, 31, 31,
    33, 27, 0, 34, 0, 35, 0, 36,
    37, 38, 36, 39, 40, 0, 0, 0,
    6, 6, 6, 6, 10, 10, 10, 12,
    12, 9, 9, 9, 9, 13, 13, 23,
    26, 26, 26, 26, 29, 29, 29, 0,
    0, 33, 33, 33, 33, 0, 0, 36,
    6, 26, 9, 0, 12, 0, 13, 0,
    0, 0, 0, 0, 6, 26, 6, 26,
    6, 26, 6, 26, 6, 26, 6, 26,
    6, 26, 6, 26, 6, 26, 6, 26,
    6, 26, 6, 26, 10, 29, 10, 29,
    10, 29, 10, 29, 10, 29, 10, 29,
    10, 29, 10, 29, 12, 0, 12, 0,
    9, 33, 9, 33, 9, 33, 9, 33,
    9, 33, 9, 33, 9, 33, 0, 0,
    0, 0, 0, 0, 0, 33, 0, 0,
    13, 0, 13, 0, 0, 0, 0, 0,
    0, 0, 0, 0, 0, 0, 23, 36,
    36, 23, 36, 23, 36
};

/*Map glyph_ids to kern right classes*/
static const uint8_t kern_right_class_mapping[] =
{
    0, 1, 0, 2, 0, 0, 0, 3,
    2, 0, 4, 5, 0, 6, 7, 6,
    8, 0, 0, 0, 0, 0, 0, 0,
    0, 0, 0, 0, 0, 0, 0, 0,
    9, 0, 10, 0, 11, 0, 0, 0,
    11, 0, 0, 12, 0, 0, 0, 0,
    11, 0, 11, 0, 13, 14, 15, 16,
    17, 18, 19, 20, 0, 0, 21, 0,
    0, 0, 22, 0, 23, 23, 23, 24,
    23, 0, 0, 0, 0, 0, 25, 25,
    26, 25, 23, 27, 28, 29, 30, 31,
    32, 33, 31, 34, 0, 0, 35, 0,
    10, 10, 10, 10, 0, 0, 0, 0,
    0, 11, 11, 11, 11, 15, 15, 19,
    22, 22, 22, 22, 23, 23, 23, 0,
    0, 26, 26, 26, 26, 30, 30, 31,
    10, 22, 0, 0, 0, 0, 15, 30,
    11, 23, 36, 30, 10, 22, 10, 22,
    10, 22, 10, 22, 10, 22, 10, 22,
    10, 22, 10, 22, 10, 22, 10, 22,
    10, 22, 10, 22, 0, 23, 0, 23,
    0, 23, 0, 23, 0, 23, 0, 23,
    0, 23, 0, 23, 0, 0, 0, 0,
    11, 26, 11, 26, 11, 26, 11, 26,
    11, 26, 11, 26, 11, 26, 11, 23,
    11, 23, 11, 23, 11, 26, 11, 23,
    15, 30, 15, 30, 0, 30, 0, 30,
    0, 30, 0, 30, 0, 30, 19, 31,
    31, 19, 31, 19, 31
};

/*Kern values between classes*/
static const int8_t kern_class_values[] =
{
    0, 0, 0, 0, 0, 0, 0, 0,
    0, 0, 0, 0, 0, -4, 0, 0,
    0, 0, 0, 0, 0, 0, 0, 0,
    0, 0, 0, 0, 0, 0, 0, 0,
    0, 0, 0, 0, 0, -12, 0, 0,
    0, 0, 0, 0, 0, 0, 0, 0,
    0, 0, 0, 0, 0, 0, 0, 0,
    0, 0, 0, 0, 0, 0, 0, 0,
    0, 0, 0, 0, 0, 0, 0, 0,
    0, 0, 0, 0, 0, 0, 0, 0,
    0, 0, 0, 0, 0, 0, 0, 2,
    2, 0, 2, 0, 0, 0, 0, 0,
    0, 0, 0, 0, 0, 0, 0, 0,
    0, 0, 0, 0, 0, -19, 0, 0,
    0, 0, 0, 0, 0, 0, 0, 0,
    0, 0, 0, 0, 0, 0, 0, 0,
    0, 0, 0, 0, 0, 0, 0, 0,
    0, 0, 0, 0, 0, 0, 0, 0,
    0, 0, 0, 0, 0, 0, 0, -24,
    0, 0, 0, 0, 0, 0, 0, 0,
    0, 0, 0, 0, 0, 0, 0, 0,
    0, 0, 0, 0, 0, 0, 0, 0,
    0, 0, 0, 0, 0, -13, 0, 0,
    0, 0, 0, 0, -7, 0, -1, 0,
    0, -14, -2, -10, -8, 0, -10, 0,
    0, 0, 0, 0, 0, -1, 0, 0,
    -2, -1, -5, -4, 0, 1, 0, -2,
    0, 0, 0, 0, 0, 0, 0, 0,
    0, 0, 0, 0, 0, -3, 0, -3,
    0, 0, -6, 0, 0, 0, 0, 0,
    0, 0, 0, 0, 0, 0, 0, 0,
    0, 0, 0, 0, 0, 0, 0, -3,
    0, 0, 0, 0, 0, 0, 0, 0,
    0, -3, 0, 0, 0, 0, 0, 0,
    -1, 0, 0, 0, 0, 0, 0, 0,
    0, 0, 0, 0, 0, 0, -2, 0,
    0, 0, 0, 0, 0, -11, 0, 0,
    0, -2, 0, 0, 0, -3, 0, -2,
    0, -2, -5, -3, 0, 0, 0, 0,
    0, 0, 0, 0, 0, 0, 0, 0,
    0, 0, 0, 0, 0, 0, 0, 0,
    0, 0, 0, 0, 0, 0, 0, 0,
    0, 2, 0, 0, 0, 0, 0, 0,
    0, 0, -2, -2, 0, -2, 0, 0,
    0, -2, -3, -2, 0, 0, 0, 0,
    0, 0, 0, 0, 0, -26, 0, 0,
    0, -19, 0, -29, 0, 2, 0, 0,
    0, 0, 0, 0, 0, -4, -2, 0,
    0, -2, -3, 0, 0, -2, -3, 0,
    0, 0, 0, 0, 0, 0, 0, 0,
    0, 0, 0, 0, 0, 2, 0, 0,
    0, -3, 0, 0, 0, 2, -3, 0,
    0, 0, 0, 0, 0, 0, 0, 0,
    0, 0, 0, 0, 0, 0, 0, 0,
    0, 0, 0, 0, 0, 0, 0, 0,
    0, -2, 0, 0, 0, 0, 0, 0,
    0, 0, 0, 0, 0, 0, 0, 0,
    0, 0, 0, 0, 0, 0, 0, 0,
    0, 0, 0, 0, 0, 0, 0, 0,
    0, 0, -7, 0, 0, 0, -3, 0,
    0, 0, 0, 0, 0, 0, 0, 0,
    0, 0, -3, 0, -3, -3, 0, 0,
    0, -3, -4, -7, 0, 0, 0, 0,
    0, 0, 0, 0, 0, 0, 0, 0,
    0, 2, -7, 0, 0, -30, -6, -19,
    -16, 0, -26, 0, 0, 0, 0, 0,
    0, 0, 0, 0, 0, -5, -15, -10,
    0, 0, 0, 0, 0, 0, 0, 0,
    0, -35, 0, 0, 0, -15, 0, -22,
    0, 0, 0, 0, 0, -3, 0, -3,
    0, -1, -1, 0, 0, -1, 0, 0,
    2, 0, 2, 0, 0, 0, 0, 0,
    0, 0, 0, 0, 0, 0, 0, 0,
    0, 0, 0, 0, 0, -5, 0, -3,
    -2, 0, -4, 0, 0, 0, 0, 0,
    0, 0, 0, 0, 0, 0, 0, 0,
    0, 0, 0, 0, 0, 0, 0, 0,
    0, 0, 0, 0, 0, 0, 0, 0,
    0, -9, 0, -2, 0, 0, -5, 0,
    0, 0, 0, 0, 0, 0, 0, 0,
    0, 0, 0, 0, 0, 0, 0, 0,
    -4, 0, 0, 0, 0, -24, -25, 0,
    0, -9, -3, -26, -2, 2, 0, 2,
    2, 0, 2, 0, 0, -12, -11, 0,
    -12, -11, -8, -13, 0, -10, -8, -6,
    -8, -7, 0, 0, 0, 0, 0, 2,
    0, -25, -4, 0, 0, -8, -1, 0,
    0, 0, 0, 0, 0, 0, 0, 0,
    2, -5, -5, 0, 0, -5, -3, 0,
    0, -3, -1, 0, 0, 0, 2, 0,
    0, 0, 0, 2, 0, -13, -7, 0,
    0, -5, 0, 0, 0, 2, 0, 0,
    0, 0, 0, 0, 1, -4, -3, 0,
    0, -3, -2, 0, 0, -2, 0, 0,
    0, 0, 2, 0, 0, 0, 0, 0,
    0, 0, -5, 0, 0, 0, -3, 0,
    0, 0, 0, 2, 0, 0, 0, 0,
    0, 0, -3, 0, 0, -2, 0, 0,
    0, -2, -3, 0, 0, 0, 0, 0,
    0, 0, -3, 2, -5, -23, -6, 0,
    0, -10, -3, -10, -2, 2, -10, 2,
    2, 1, 2, 0, 2, -8, -7, -2,
    -4, -7, -4, -6, -2, -4, -2, 0,
    -3, -3, 2, 0, 0, 0, 0, 0,
    0, 0, 0, 0, 0, 1, -3, 0,
    0, 0, 0, 0, 0, 0, 0, 0,
    0, 0, -2, 0, 0, -2, 0, 0,
    0, -2, -3, -3, 0, 0, 0, 0,
    0, 0, 0, 0, 0, 0, 0, 0,
    0, 0, 0, -2, 0, 0, -2, 0,
    0, 0, 0, 0, 0, 0, 0, 0,
    0, 0, 0, 0, 0, 0, 0, 0,
    0, 0, 0, 0, 0, -7, 0, 0,
    0, 0, 0, 0, 0, 0, 0, 0,
    0, 0, 0, 0, 0, 0, 0, 0,
    0, 0, 0, 0, 0, 0, 0, 0,
    0, 0, -2, 0, 0, 0, 0, 0,
    0, -3, 0, 0, 0, 0, 0, 0,
    0, 0, 0, 0, 0, 0, 0, 0,
    0, 0, 0, 0, 0, 0, 0, 0,
    0, 0, 0, 0, 0, 0, -1, 0,
    -2, -2, 0, 0, 0, -1, 0, 0,
    0, 0, 0, 0, 0, 0, 0, 0,
    0, 0, 0, 0, 0, 0, 0, 0,
    0, 0, 0, 0, 0, 0, 0, 0,
    0, 0, 0, 0, 0, 0, 0, 0,
    0, -2, 0, 0, 0, 0, 0, 0,
    0, 0, 0, 0, 0, 0, 0, 0,
    0, 0, 0, 0, 0, 0, 0, 0,
    0, 0, 0, 0, 0, 0, -1, 0,
    0, 0, 0, 0, 0, 2, 0, 2,
    0, 0, 0, 0, 0, 0, 0, 0,
    0, 0, 0, 0, 0, 0, 0, 0,
    2, 0, -3, 0, 0, 0, 0, 0,
    0, 0, 0, 0, 0, 0, 2, 0,
    0, -11, 0, 0, 0, 0, 0, 0,
    0, 0, 0, 0, 0, 0, 0, 0,
    0, 0, 0, 0, 0, 0, 0, 0,
    0, 0, 0, 0, 0, 0, 0, 0,
    0, 0, 0, 0, 0, 0, 0, 0,
    0, 0, 0, 0, 0, 0, 0, 0,
    0, 0, 0, 0, 0, 0, 0, 0,
    0, 0, -2, 0, 0, 0, 0, 0,
    0, 0, 0, 0, 0, 0, 0, 0,
    0, -15, 0, 0, 0, 0, 0, 0,
    0, 0, 0, 0, 0, 0, 0, 0,
    0, 0, 0, 0, 0, 0, 0, 0,
    0, 0, 0, 0, 0, 0, -2, 0,
    -2, -2, 0, 0, 0, 2, 0, 0,
    0, -13, 0, 0, 0, 0, 0, 0,
    0, 0, 0, 0, 0, 0, 0, 0,
    0, -4, -2, 2, 0, -2, 0, 0,
    5, 0, 2, 2, 0, 0, 0, 0,
    0, 0, 0, 0, 0, 0, 0, 0,
    0, 0, 0, 0, 0, 0, 0, 0,
    0, 0, 0, 0, 0, 0, 0, 0,
    0, -2, 0, 0, 0, 0, 0, 0,
    0, 0, 0, 0, 0, 2, 0, 0,
    0, -12, 0, 0, 0, 0, 0, 0,
    0, 0, 0, 0, 0, 0, 0, 0,
    0, -2, -1, 1, 0, -2, 0, 0,
    0, 0, 0, 0, 0, 0, 0, 0,
    0, 0, 0, 0, 0, -14, 0, 0,
    0, 0, 0, 0, 0, 0, 0, 0,
    0, 0, 0, 0, 0, 0, 0, 0,
    0, 0, 0, 0, 0, 0, 0, 0,
    0, 0, 0, 0, 0, 0, 0, 0,
    0, 0, 0, 0, 0, 0, 0, 0,
    0, 0, 0, 0, 0, 0, 0, 0,
    0, 0, -2, 0, 0, -2, 0, 0,
    0, 0, 0, 0, 0, 0, 0, 0,
    0, 0, 0, 0, 0, 0, 0, 0,
    0, 0, 0, 0, 0, 0, 0, 0,
    0, 0, 0, 0, 0, 0, -2, 0,
    0, -2, 0, 0, 0, 0, 0, 0,
    0, 0, 0, 0, 0, 0, 0, 0,
    0, 0, 0, 0, 0, 0, 0, -2,
    0, 0, -2, 0, 0, 0, 0, 0,
    0, 0, 0, 0, 0, 0, 0, 0,
    0, 0, 0, 0, 0, 0, 0, 0
};

/*Collect the kern class' data in one place*/
static const lv_font_fmt_txt_kern_classes_t kern_classes =
{
    .class_pair_values   = kern_class_values,
    .left_class_mapping  = kern_left_class_mapping,
    .right_class_mapping = kern_right_class_mapping,
    .left_class_cnt      = 40,
    .right_class_cnt     = 36,
};

/*--------------------
 *  ALL CUSTOM DATA
 *--------------------*/

#if LVGL_VERSION_MAJOR == 8
/*Store all the custom data of the font*/
static  lv_font_fmt_txt_glyph_cache_t cache;
#endif

#if LVGL_VERSION_MAJOR >= 8
static const lv_font_fmt_txt_dsc_t font_dsc = {
#else
static lv_font_fmt_txt_dsc_t font_dsc = {
#endif
    .glyph_bitmap = glyph_bitmap,
    .glyph_dsc = glyph_dsc,
    .cmaps = cmaps,
    .kern_dsc = &kern_classes,
    .kern_scale = 16,
    .cmap_num = 4,
    .bpp = 8,
    .kern_classes = 1,
    .bitmap_format = 0,
#if LVGL_VERSION_MAJOR == 8
    .cache = &cache
#endif
};

/*-----------------
 *  PUBLIC FONT
 *----------------*/

/*Initialize a public general font descriptor*/
#if LVGL_VERSION_MAJOR >= 8
const lv_font_t ui_font_roboto = {
#else
lv_font_t ui_font_roboto = {
#endif
    .get_glyph_dsc = lv_font_get_glyph_dsc_fmt_txt,    /*Function pointer to get glyph's data*/
    .get_glyph_bitmap = lv_font_get_bitmap_fmt_txt,    /*Function pointer to get glyph's bitmap*/
    .line_height = 20,          /*The maximum line height required by the font*/
    .base_line = 4,             /*Baseline measured from the bottom of the line*/
#if !(LVGL_VERSION_MAJOR == 6 && LVGL_VERSION_MINOR == 0)
    .subpx = LV_FONT_SUBPX_NONE,
#endif
#if LV_VERSION_CHECK(7, 4, 0) || LVGL_VERSION_MAJOR >= 8
    .underline_position = -1,
    .underline_thickness = 1,
#endif
    .dsc = &font_dsc,          /*The custom font data. Will be accessed by `get_glyph_bitmap/dsc` */
#if LV_VERSION_CHECK(8, 2, 0) || LVGL_VERSION_MAJOR >= 9
    .fallback = NULL,
#endif
    .user_data = NULL,
};

#endif /*#if UI_FONT_ROBOTO*/